flight_id,airline,source,destination,departure_time,arrival_time,duration,duration_minutes,route,departure_date,arrival_date,departure_hour,arrival_hour,is_overnight
SJ010,SpiceJet,CCU,MAA,2026-04-20 23:38:41.701,2026-04-21 02:32:41.701,02:54:00,174.0,CCU → MAA,2026-04-20,2026-04-21,23,2,True
AI155,Air India,BOM,CCU,2026-04-20 23:35:41.703,2026-04-21 01:23:41.703,01:48:00,108.0,BOM → CCU,2026-04-20,2026-04-21,23,1,True
UK094,Vistara,BOM,CCU,2026-04-20 23:26:41.702,2026-04-21 01:11:41.702,01:45:00,105.0,BOM → CCU,2026-04-20,2026-04-21,23,1,True
AI245,Air India,BOM,CCU,2026-04-20 23:07:41.704,2026-04-21 01:43:41.704,02:36:00,156.0,BOM → CCU,2026-04-20,2026-04-21,23,1,True
AI192,Air India,MAA,BOM,2026-04-20 23:05:41.703,2026-04-21 04:04:41.703,04:59:00,299.0,MAA → BOM,2026-04-20,2026-04-21,23,4,True
SJ158,SpiceJet,DEL,HYD,2026-04-20 23:05:41.703,2026-04-21 01:24:41.703,02:19:00,139.0,DEL → HYD,2026-04-20,2026-04-21,23,1,True
6F196,IndiGo,CCU,MAA,2026-04-20 23:04:41.703,2026-04-21 00:47:41.703,01:43:00,103.0,CCU → MAA,2026-04-20,2026-04-21,23,0,True
AI080,Air India,BOM,HYD,2026-04-20 23:03:41.702,2026-04-21 00:35:41.702,01:32:00,92.0,BOM → HYD,2026-04-20,2026-04-21,23,0,True
6F025,IndiGo,BLR,BOM,2026-04-20 23:02:41.701,2026-04-20 23:57:41.701,00:55:00,55.0,BLR → BOM,2026-04-20,2026-04-20,23,23,False
6F251,UNKNOWN,DEL,BLR,2026-04-20 22:56:41.703,2026-04-20 23:37:41.703,00:41:00,41.0,DEL → BLR,2026-04-20,2026-04-20,22,23,False
AI137,Air India,BOM,DEL,2026-04-20 22:49:41.702,2026-04-21 01:17:41.702,02:28:00,148.0,BOM → DEL,2026-04-20,2026-04-21,22,1,True
6F026,IndiGo,BOM,CCU,2026-04-20 22:46:42.000,2026-04-21 03:13:42.000,04:27:00,267.0,BOM → CCU,2026-04-20,2026-04-21,22,3,True
UK167,Vistara,DEL,MAA,2026-04-20 22:45:41.703,2026-04-21 01:46:41.703,03:01:00,181.0,DEL → MAA,2026-04-20,2026-04-21,22,1,True
UK027,Vistara,BOM,CCU,2026-04-20 22:44:41.701,2026-04-21 01:05:41.701,02:21:00,141.0,BOM → CCU,2026-04-20,2026-04-21,22,1,True
AI069,UNKNOWN,DEL,BOM,2026-04-20 22:43:41.702,2026-04-21 02:29:41.702,03:46:00,226.0,DEL → BOM,2026-04-20,2026-04-21,22,2,True
AI058,Air India,BOM,CCU,2026-04-20 22:40:41.701,2026-04-21 00:18:41.701,01:38:00,98.0,BOM → CCU,2026-04-20,2026-04-21,22,0,True
AI140,Air India,BOM,DEL,2026-04-20 22:25:41.702,2026-04-21 02:08:41.702,03:43:00,223.0,BOM → DEL,2026-04-20,2026-04-21,22,2,True
SJ239,SpiceJet,BOM,CCU,2026-04-20 22:24:41.704,2026-04-21 00:10:41.704,01:46:00,106.0,BOM → CCU,2026-04-20,2026-04-21,22,0,True
6F099,IndiGo,MAA,DEL,2026-04-20 22:24:41.702,2026-04-20 22:59:41.702,00:35:00,35.0,MAA → DEL,2026-04-20,2026-04-20,22,22,False
AI048,Air India,CCU,DEL,2026-04-20 22:23:41.701,2026-04-21 02:15:41.701,03:52:00,232.0,CCU → DEL,2026-04-20,2026-04-21,22,2,True
SJ112,SpiceJet,HYD,DEL,2026-04-20 22:20:41.702,2026-04-21 00:40:41.702,02:20:00,140.0,HYD → DEL,2026-04-20,2026-04-21,22,0,True
6F164,IndiGo,BLR,BOM,2026-04-20 22:18:41.703,2026-04-21 00:45:41.703,02:27:00,147.0,BLR → BOM,2026-04-20,2026-04-21,22,0,True
UK021,Vistara,HYD,MAA,2026-04-20 22:00:41.701,2026-04-20 23:50:41.701,01:50:00,110.0,HYD → MAA,2026-04-20,2026-04-20,22,23,False
SJ172,SpiceJet,CCU,DEL,2026-04-20 21:58:41.703,2026-04-21 01:14:41.703,03:16:00,196.0,CCU → DEL,2026-04-20,2026-04-21,21,1,True
AI060,Air India,DEL,HYD,2026-04-20 21:58:41.701,2026-04-20 23:51:41.701,01:53:00,113.0,DEL → HYD,2026-04-20,2026-04-20,21,23,False
SJ205,SpiceJet,HYD,CCU,2026-04-20 21:56:41.703,2026-04-20 23:00:41.703,01:04:00,64.0,HYD → CCU,2026-04-20,2026-04-20,21,23,False
SJ093,SpiceJet,BLR,BOM,2026-04-20 21:55:41.702,2026-04-20 23:01:41.702,01:06:00,66.0,BLR → BOM,2026-04-20,2026-04-20,21,23,False
6F195,IndiGo,CCU,DEL,2026-04-20 21:44:41.703,2026-04-20 22:39:41.703,00:55:00,55.0,CCU → DEL,2026-04-20,2026-04-20,21,22,False
UK003,UNKNOWN,HYD,DEL,2026-04-20 21:41:41.700,2026-04-21 02:19:41.700,04:38:00,278.0,HYD → DEL,2026-04-20,2026-04-21,21,2,True
UK026,Vistara,HYD,MAA,2026-04-20 21:38:41.701,2026-04-20 23:44:41.701,02:06:00,126.0,HYD → MAA,2026-04-20,2026-04-20,21,23,False
6F174,IndiGo,DEL,HYD,2026-04-20 21:36:41.703,2026-04-20 22:16:41.703,00:40:00,40.0,DEL → HYD,2026-04-20,2026-04-20,21,22,False
UK067,Vistara,BOM,CCU,2026-04-20 21:36:41.701,2026-04-21 01:02:41.701,03:26:00,206.0,BOM → CCU,2026-04-20,2026-04-21,21,1,True
SJ149,SpiceJet,HYD,MAA,2026-04-20 21:20:41.702,2026-04-20 23:20:42.000,02:00:00.298000,120.0,HYD → MAA,2026-04-20,2026-04-20,21,23,False
6F213,IndiGo,BLR,BOM,2026-04-20 21:05:41.703,2026-04-21 00:32:41.703,03:27:00,207.0,BLR → BOM,2026-04-20,2026-04-21,21,0,True
UK200,Vistara,CCU,DEL,2026-04-20 20:54:41.703,2026-04-20 22:45:41.703,01:51:00,111.0,CCU → DEL,2026-04-20,2026-04-20,20,22,False
SJ214,SpiceJet,BOM,MAA,2026-04-20 20:54:41.703,2026-04-20 22:10:41.703,01:16:00,76.0,BOM → MAA,2026-04-20,2026-04-20,20,22,False
SJ047,SpiceJet,HYD,BOM,2026-04-20 20:44:41.701,2026-04-20 21:21:41.701,00:37:00,37.0,HYD → BOM,2026-04-20,2026-04-20,20,21,False
AI179,Air India,HYD,BOM,2026-04-20 20:41:41.703,2026-04-21 01:19:41.703,04:38:00,278.0,HYD → BOM,2026-04-20,2026-04-21,20,1,True
SJ153,SpiceJet,DEL,CCU,2026-04-20 20:37:41.702,2026-04-20 22:00:41.702,01:23:00,83.0,DEL → CCU,2026-04-20,2026-04-20,20,22,False
6F236,IndiGo,BOM,DEL,2026-04-20 20:35:41.704,2026-04-20 23:54:41.704,03:19:00,199.0,BOM → DEL,2026-04-20,2026-04-20,20,23,False
UK059,Vistara,HYD,MAA,2026-04-20 20:33:41.701,2026-04-20 22:10:41.701,01:37:00,97.0,HYD → MAA,2026-04-20,2026-04-20,20,22,False
SJ001,SpiceJet,BOM,MAA,2026-04-20 20:28:41.700,2026-04-21 01:15:41.700,04:47:00,287.0,BOM → MAA,2026-04-20,2026-04-21,20,1,True
SJ049,SpiceJet,CCU,DEL,2026-04-20 20:26:41.701,2026-04-21 00:26:41.701,04:00:00,240.0,CCU → DEL,2026-04-20,2026-04-21,20,0,True
6F086,IndiGo,MAA,HYD,2026-04-20 20:23:41.702,2026-04-20 21:00:41.702,00:37:00,37.0,MAA → HYD,2026-04-20,2026-04-20,20,21,False
AI220,Air India,BOM,DEL,2026-04-20 20:19:41.703,2026-04-20 21:57:41.703,01:38:00,98.0,BOM → DEL,2026-04-20,2026-04-20,20,21,False
AI188,Air India,CCU,HYD,2026-04-20 20:16:41.703,2026-04-20 23:02:41.703,02:46:00,166.0,CCU → HYD,2026-04-20,2026-04-20,20,23,False
6F114,IndiGo,BOM,MAA,2026-04-20 20:10:41.702,2026-04-20 21:00:41.702,00:50:00,50.0,BOM → MAA,2026-04-20,2026-04-20,20,21,False
SJ179,SpiceJet,DEL,HYD,2026-04-20 20:09:41.703,2026-04-20 23:39:41.703,03:30:00,210.0,DEL → HYD,2026-04-20,2026-04-20,20,23,False
6F190,IndiGo,DEL,MAA,2026-04-20 20:02:41.703,2026-04-21 00:36:41.703,04:34:00,274.0,DEL → MAA,2026-04-20,2026-04-21,20,0,True
SJ003,SpiceJet,MAA,CCU,2026-04-20 19:50:41.701,2026-04-20 20:32:41.701,00:42:00,42.0,MAA → CCU,2026-04-20,2026-04-20,19,20,False
6F028,IndiGo,HYD,CCU,2026-04-20 19:49:41.701,2026-04-20 21:49:41.701,02:00:00,120.0,HYD → CCU,2026-04-20,2026-04-20,19,21,False
UK036,Vistara,CCU,BLR,2026-04-20 19:48:41.701,2026-04-21 00:12:41.701,04:24:00,264.0,CCU → BLR,2026-04-20,2026-04-21,19,0,True
SJ160,SpiceJet,MAA,BLR,2026-04-20 19:45:41.703,2026-04-20 20:30:41.703,00:45:00,45.0,MAA → BLR,2026-04-20,2026-04-20,19,20,False
6F151,IndiGo,CCU,HYD,2026-04-20 19:44:41.703,2026-04-20 22:04:41.703,02:20:00,140.0,CCU → HYD,2026-04-20,2026-04-20,19,22,False
UK140,Vistara,MAA,BLR,2026-04-20 19:37:41.703,2026-04-20 21:00:41.703,01:23:00,83.0,MAA → BLR,2026-04-20,2026-04-20,19,21,False
AI115,Air India,MAA,BLR,2026-04-20 19:37:41.702,2026-04-21 00:26:41.702,04:49:00,289.0,MAA → BLR,2026-04-20,2026-04-21,19,0,True
AI132,Air India,BLR,BOM,2026-04-20 19:32:41.702,2026-04-20 21:41:41.702,02:09:00,129.0,BLR → BOM,2026-04-20,2026-04-20,19,21,False
UK209,UNKNOWN,MAA,BLR,2026-04-20 19:02:41.704,2026-04-20 21:47:41.704,02:45:00,165.0,MAA → BLR,2026-04-20,2026-04-20,19,21,False
SJ043,UNKNOWN,MAA,DEL,2026-04-20 18:59:41.701,2026-04-20 21:08:41.701,02:09:00,129.0,MAA → DEL,2026-04-20,2026-04-20,18,21,False
UK176,Vistara,HYD,BLR,2026-04-20 18:41:41.703,2026-04-20 22:49:41.703,04:08:00,248.0,HYD → BLR,2026-04-20,2026-04-20,18,22,False
UK216,Vistara,MAA,HYD,2026-04-20 18:33:41.704,2026-04-20 21:47:41.704,03:14:00,194.0,MAA → HYD,2026-04-20,2026-04-20,18,21,False
UK150,Vistara,DEL,CCU,2026-04-20 18:31:41.703,2026-04-20 19:01:41.703,00:30:00,30.0,DEL → CCU,2026-04-20,2026-04-20,18,19,False
UK145,Vistara,BOM,HYD,2026-04-20 18:30:41.703,2026-04-20 20:41:41.703,02:11:00,131.0,BOM → HYD,2026-04-20,2026-04-20,18,20,False
6F270,UNKNOWN,HYD,MAA,2026-04-20 18:14:41.701,2026-04-20 19:02:41.701,00:48:00,48.0,HYD → MAA,2026-04-20,2026-04-20,18,19,False
6F012,IndiGo,CCU,HYD,2026-04-20 18:06:41.701,2026-04-20 21:31:41.701,03:25:00,205.0,CCU → HYD,2026-04-20,2026-04-20,18,21,False
SJ236,SpiceJet,MAA,BOM,2026-04-20 18:03:41.704,2026-04-20 22:02:41.704,03:59:00,239.0,MAA → BOM,2026-04-20,2026-04-20,18,22,False
6F149,IndiGo,BLR,CCU,2026-04-20 17:57:41.703,2026-04-20 20:42:41.703,02:45:00,165.0,BLR → CCU,2026-04-20,2026-04-20,17,20,False
UK004,Vistara,BOM,CCU,2026-04-20 17:56:41.700,2026-04-20 18:30:41.700,00:34:00,34.0,BOM → CCU,2026-04-20,2026-04-20,17,18,False
UK010,Vistara,MAA,HYD,2026-04-20 17:53:41.701,2026-04-20 20:40:41.701,02:47:00,167.0,MAA → HYD,2026-04-20,2026-04-20,17,20,False
UK215,Vistara,BOM,DEL,2026-04-20 17:38:41.704,2026-04-20 19:50:41.704,02:12:00,132.0,BOM → DEL,2026-04-20,2026-04-20,17,19,False
SJ116,SpiceJet,HYD,CCU,2026-04-20 17:33:41.702,2026-04-20 19:02:41.702,01:29:00,89.0,HYD → CCU,2026-04-20,2026-04-20,17,19,False
SJ023,SpiceJet,HYD,MAA,2026-04-20 17:27:41.701,2026-04-20 19:09:41.701,01:42:00,102.0,HYD → MAA,2026-04-20,2026-04-20,17,19,False
UK152,Vistara,BOM,CCU,2026-04-20 17:24:41.703,2026-04-20 20:13:41.703,02:49:00,169.0,BOM → CCU,2026-04-20,2026-04-20,17,20,False
SJ202,SpiceJet,CCU,HYD,2026-04-20 17:21:41.703,2026-04-20 19:08:41.703,01:47:00,107.0,CCU → HYD,2026-04-20,2026-04-20,17,19,False
6F043,IndiGo,BOM,HYD,2026-04-20 17:17:41.701,2026-04-20 18:43:41.701,01:26:00,86.0,BOM → HYD,2026-04-20,2026-04-20,17,18,False
UK173,Vistara,MAA,BLR,2026-04-20 17:06:41.703,2026-04-20 21:22:41.703,04:16:00,256.0,MAA → BLR,2026-04-20,2026-04-20,17,21,False
SJ081,SpiceJet,BOM,BLR,2026-04-20 17:04:41.702,2026-04-20 18:53:41.702,01:49:00,109.0,BOM → BLR,2026-04-20,2026-04-20,17,18,False
UK153,Vistara,CCU,HYD,2026-04-20 16:52:41.703,2026-04-20 20:53:41.703,04:01:00,241.0,CCU → HYD,2026-04-20,2026-04-20,16,20,False
UK187,Vistara,BLR,BOM,2026-04-20 16:52:41.703,2026-04-20 18:42:41.703,01:50:00,110.0,BLR → BOM,2026-04-20,2026-04-20,16,18,False
UK055,Vistara,HYD,DEL,2026-04-20 16:48:41.701,2026-04-20 19:31:41.701,02:43:00,163.0,HYD → DEL,2026-04-20,2026-04-20,16,19,False
UK181,Vistara,MAA,DEL,2026-04-20 16:44:41.703,2026-04-20 19:26:41.703,02:42:00,162.0,MAA → DEL,2026-04-20,2026-04-20,16,19,False
UK074,Vistara,BOM,DEL,2026-04-20 16:44:41.702,2026-04-20 18:41:41.702,01:57:00,117.0,BOM → DEL,2026-04-20,2026-04-20,16,18,False
SJ068,SpiceJet,BLR,BOM,2026-04-20 16:44:41.701,2026-04-20 18:48:41.701,02:04:00,124.0,BLR → BOM,2026-04-20,2026-04-20,16,18,False
AI242,UNKNOWN,BLR,CCU,2026-04-20 16:41:41.704,2026-04-20 17:43:41.704,01:02:00,62.0,BLR → CCU,2026-04-20,2026-04-20,16,17,False
SJ237,SpiceJet,BOM,CCU,2026-04-20 16:32:41.704,2026-04-20 19:00:41.704,02:28:00,148.0,BOM → CCU,2026-04-20,2026-04-20,16,19,False
6F194,IndiGo,BOM,CCU,2026-04-20 16:29:41.703,2026-04-20 18:27:41.703,01:58:00,118.0,BOM → CCU,2026-04-20,2026-04-20,16,18,False
UK063,Vistara,DEL,BOM,2026-04-20 16:29:41.701,2026-04-20 17:41:41.701,01:12:00,72.0,DEL → BOM,2026-04-20,2026-04-20,16,17,False
UK068,Vistara,BLR,MAA,2026-04-20 16:28:41.701,2026-04-20 18:09:41.701,01:41:00,101.0,BLR → MAA,2026-04-20,2026-04-20,16,18,False
UK224,UNKNOWN,CCU,MAA,2026-04-20 16:25:41.704,2026-04-20 20:24:41.704,03:59:00,239.0,CCU → MAA,2026-04-20,2026-04-20,16,20,False
UK077,UNKNOWN,HYD,BOM,2026-04-20 16:22:41.702,2026-04-20 18:00:41.702,01:38:00,98.0,HYD → BOM,2026-04-20,2026-04-20,16,18,False
UK207,Vistara,MAA,CCU,2026-04-20 16:21:41.703,2026-04-20 17:36:41.703,01:15:00,75.0,MAA → CCU,2026-04-20,2026-04-20,16,17,False
AI221,Air India,MAA,HYD,2026-04-20 16:18:41.703,2026-04-20 18:54:41.703,02:36:00,156.0,MAA → HYD,2026-04-20,2026-04-20,16,18,False
UK109,Vistara,BLR,BOM,2026-04-20 16:06:41.702,2026-04-20 17:06:42.000,01:00:00.298000,60.0,BLR → BOM,2026-04-20,2026-04-20,16,17,False
UK089,Vistara,BOM,HYD,2026-04-20 15:38:41.702,2026-04-20 19:50:41.702,04:12:00,252.0,BOM → HYD,2026-04-20,2026-04-20,15,19,False
AI072,Air India,BLR,CCU,2026-04-20 15:34:41.702,2026-04-20 16:32:41.702,00:58:00,58.0,BLR → CCU,2026-04-20,2026-04-20,15,16,False
UK131,Vistara,BOM,DEL,2026-04-20 15:33:41.702,2026-04-20 19:39:41.702,04:06:00,246.0,BOM → DEL,2026-04-20,2026-04-20,15,19,False
SJ150,SpiceJet,BOM,HYD,2026-04-20 15:33:41.702,2026-04-20 19:03:41.702,03:30:00,210.0,BOM → HYD,2026-04-20,2026-04-20,15,19,False
6F097,IndiGo,BLR,BOM,2026-04-20 15:32:41.702,2026-04-20 16:49:41.702,01:17:00,77.0,BLR → BOM,2026-04-20,2026-04-20,15,16,False
6F123,IndiGo,DEL,HYD,2026-04-20 15:26:41.702,2026-04-20 17:12:41.702,01:46:00,106.0,DEL → HYD,2026-04-20,2026-04-20,15,17,False
6F017,IndiGo,CCU,BOM,2026-04-20 15:25:41.701,2026-04-20 18:06:41.701,02:41:00,161.0,CCU → BOM,2026-04-20,2026-04-20,15,18,False
6F245,IndiGo,CCU,BOM,2026-04-20 15:25:41.701,2026-04-20 18:06:41.701,02:41:00,161.0,CCU → BOM,2026-04-20,2026-04-20,15,18,False
6F180,IndiGo,MAA,BLR,2026-04-20 15:24:41.703,2026-04-20 19:48:41.703,04:24:00,264.0,MAA → BLR,2026-04-20,2026-04-20,15,19,False
6F152,IndiGo,CCU,DEL,2026-04-20 15:21:41.703,2026-04-20 17:25:41.703,02:04:00,124.0,CCU → DEL,2026-04-20,2026-04-20,15,17,False
SJ034,SpiceJet,MAA,BOM,2026-04-20 15:20:41.701,2026-04-20 20:11:41.701,04:51:00,291.0,MAA → BOM,2026-04-20,2026-04-20,15,20,False
SJ142,SpiceJet,CCU,BOM,2026-04-20 15:14:41.702,2026-04-20 16:56:41.702,01:42:00,102.0,CCU → BOM,2026-04-20,2026-04-20,15,16,False
UK189,Vistara,BLR,MAA,2026-04-20 15:07:41.703,2026-04-20 18:51:41.703,03:44:00,224.0,BLR → MAA,2026-04-20,2026-04-20,15,18,False
SJ044,SpiceJet,DEL,CCU,2026-04-20 15:06:41.701,2026-04-20 17:43:41.701,02:37:00,157.0,DEL → CCU,2026-04-20,2026-04-20,15,17,False
SJ196,SpiceJet,DEL,HYD,2026-04-20 14:58:41.703,2026-04-20 17:44:41.703,02:46:00,166.0,DEL → HYD,2026-04-20,2026-04-20,14,17,False
6F188,IndiGo,DEL,HYD,2026-04-20 14:57:41.703,2026-04-20 19:39:41.703,04:42:00,282.0,DEL → HYD,2026-04-20,2026-04-20,14,19,False
6F181,IndiGo,BOM,MAA,2026-04-20 14:55:41.703,2026-04-20 16:43:41.703,01:48:00,108.0,BOM → MAA,2026-04-20,2026-04-20,14,16,False
6F077,IndiGo,CCU,DEL,2026-04-20 14:55:41.702,2026-04-20 19:13:41.702,04:18:00,258.0,CCU → DEL,2026-04-20,2026-04-20,14,19,False
SJ154,SpiceJet,BLR,HYD,2026-04-20 14:47:41.702,2026-04-20 16:26:41.702,01:39:00,99.0,BLR → HYD,2026-04-20,2026-04-20,14,16,False
AI025,Air India,HYD,DEL,2026-04-20 14:46:41.701,2026-04-20 17:11:41.701,02:25:00,145.0,HYD → DEL,2026-04-20,2026-04-20,14,17,False
AI094,Air India,DEL,BLR,2026-04-20 14:44:41.702,2026-04-20 15:44:42.000,01:00:00.298000,60.0,DEL → BLR,2026-04-20,2026-04-20,14,15,False
6F191,IndiGo,BLR,DEL,2026-04-20 14:41:41.703,2026-04-20 15:11:41.703,00:30:00,30.0,BLR → DEL,2026-04-20,2026-04-20,14,15,False
SJ085,SpiceJet,BLR,MAA,2026-04-20 14:41:41.702,2026-04-20 19:11:41.702,04:30:00,270.0,BLR → MAA,2026-04-20,2026-04-20,14,19,False
6F261,UNKNOWN,CCU,DEL,2026-04-20 14:31:41.703,2026-04-20 17:29:41.703,02:58:00,178.0,CCU → DEL,2026-04-20,2026-04-20,14,17,False
6F129,IndiGo,DEL,CCU,2026-04-20 14:28:41.702,2026-04-20 16:47:41.702,02:19:00,139.0,DEL → CCU,2026-04-20,2026-04-20,14,16,False
6F254,UNKNOWN,MAA,BLR,2026-04-20 14:26:41.703,2026-04-20 18:01:41.703,03:35:00,215.0,MAA → BLR,2026-04-20,2026-04-20,14,18,False
SJ185,SpiceJet,BOM,CCU,2026-04-20 14:21:41.703,2026-04-20 15:21:41.703,01:00:00,60.0,BOM → CCU,2026-04-20,2026-04-20,14,15,False
6F030,IndiGo,BOM,DEL,2026-04-20 14:20:41.701,2026-04-20 17:10:41.701,02:50:00,170.0,BOM → DEL,2026-04-20,2026-04-20,14,17,False
SJ222,SpiceJet,BOM,DEL,2026-04-20 14:15:41.703,2026-04-20 17:09:41.703,02:54:00,174.0,BOM → DEL,2026-04-20,2026-04-20,14,17,False
6F259,UNKNOWN,BOM,DEL,2026-04-20 14:10:41.703,2026-04-20 15:21:41.703,01:11:00,71.0,BOM → DEL,2026-04-20,2026-04-20,14,15,False
UK083,Vistara,DEL,HYD,2026-04-20 14:10:41.702,2026-04-20 14:59:41.702,00:49:00,49.0,DEL → HYD,2026-04-20,2026-04-20,14,14,False
6F051,IndiGo,BLR,BOM,2026-04-20 13:58:41.701,2026-04-20 15:58:41.701,02:00:00,120.0,BLR → BOM,2026-04-20,2026-04-20,13,15,False
SJ088,SpiceJet,CCU,MAA,2026-04-20 13:54:41.702,2026-04-20 14:26:41.702,00:32:00,32.0,CCU → MAA,2026-04-20,2026-04-20,13,14,False
6F146,IndiGo,HYD,MAA,2026-04-20 13:51:41.703,2026-04-20 15:07:41.703,01:16:00,76.0,HYD → MAA,2026-04-20,2026-04-20,13,15,False
6F047,IndiGo,MAA,DEL,2026-04-20 13:50:41.701,2026-04-20 15:55:41.701,02:05:00,125.0,MAA → DEL,2026-04-20,2026-04-20,13,15,False
AI077,Air India,CCU,HYD,2026-04-20 13:45:41.702,2026-04-20 14:51:41.702,01:06:00,66.0,CCU → HYD,2026-04-20,2026-04-20,13,14,False
UK134,Vistara,HYD,CCU,2026-04-20 13:44:41.702,2026-04-20 17:26:41.702,03:42:00,222.0,HYD → CCU,2026-04-20,2026-04-20,13,17,False
AI056,Air India,DEL,MAA,2026-04-20 13:44:41.701,2026-04-20 17:39:41.701,03:55:00,235.0,DEL → MAA,2026-04-20,2026-04-20,13,17,False
UK141,UNKNOWN,HYD,MAA,2026-04-20 13:38:41.703,2026-04-20 15:59:41.703,02:21:00,141.0,HYD → MAA,2026-04-20,2026-04-20,13,15,False
AI030,Air India,CCU,HYD,2026-04-20 13:33:41.701,2026-04-20 16:52:41.701,03:19:00,199.0,CCU → HYD,2026-04-20,2026-04-20,13,16,False
AI029,Air India,MAA,DEL,2026-04-20 13:29:41.701,2026-04-20 17:53:41.701,04:24:00,264.0,MAA → DEL,2026-04-20,2026-04-20,13,17,False
SJ167,SpiceJet,MAA,CCU,2026-04-20 13:18:41.703,2026-04-20 14:12:41.703,00:54:00,54.0,MAA → CCU,2026-04-20,2026-04-20,13,14,False
UK017,Vistara,BLR,HYD,2026-04-20 13:14:41.701,2026-04-20 14:49:41.701,01:35:00,95.0,BLR → HYD,2026-04-20,2026-04-20,13,14,False
6F229,IndiGo,MAA,DEL,2026-04-20 13:10:41.704,2026-04-20 14:30:41.704,01:20:00,80.0,MAA → DEL,2026-04-20,2026-04-20,13,14,False
SJ117,SpiceJet,MAA,BLR,2026-04-20 13:10:41.702,2026-04-20 17:06:41.702,03:56:00,236.0,MAA → BLR,2026-04-20,2026-04-20,13,17,False
6F184,IndiGo,MAA,BOM,2026-04-20 13:05:41.703,2026-04-20 16:04:41.703,02:59:00,179.0,MAA → BOM,2026-04-20,2026-04-20,13,16,False
AI031,Air India,DEL,MAA,2026-04-20 13:05:41.701,2026-04-20 16:11:41.701,03:06:00,186.0,DEL → MAA,2026-04-20,2026-04-20,13,16,False
AI178,Air India,CCU,BLR,2026-04-20 13:04:41.703,2026-04-20 14:03:41.703,00:59:00,59.0,CCU → BLR,2026-04-20,2026-04-20,13,14,False
SJ089,SpiceJet,HYD,CCU,2026-04-20 12:42:41.702,2026-04-20 17:15:41.702,04:33:00,273.0,HYD → CCU,2026-04-20,2026-04-20,12,17,False
UK166,Vistara,HYD,MAA,2026-04-20 12:39:41.703,2026-04-20 17:32:41.703,04:53:00,293.0,HYD → MAA,2026-04-20,2026-04-20,12,17,False
UK104,Vistara,DEL,BOM,2026-04-20 12:30:41.702,2026-04-20 13:52:41.702,01:22:00,82.0,DEL → BOM,2026-04-20,2026-04-20,12,13,False
6F168,IndiGo,HYD,DEL,2026-04-20 12:18:41.703,2026-04-20 15:58:41.703,03:40:00,220.0,HYD → DEL,2026-04-20,2026-04-20,12,15,False
AI222,UNKNOWN,BOM,DEL,2026-04-20 12:10:41.703,2026-04-20 13:14:41.703,01:04:00,64.0,BOM → DEL,2026-04-20,2026-04-20,12,13,False
SJ025,SpiceJet,BOM,CCU,2026-04-20 12:02:41.701,2026-04-20 15:29:41.701,03:27:00,207.0,BOM → CCU,2026-04-20,2026-04-20,12,15,False
6F255,UNKNOWN,DEL,BOM,2026-04-20 11:59:41.703,2026-04-20 15:33:41.703,03:34:00,214.0,DEL → BOM,2026-04-20,2026-04-20,11,15,False
UK228,Vistara,DEL,MAA,2026-04-20 11:58:41.704,2026-04-20 15:08:41.704,03:10:00,190.0,DEL → MAA,2026-04-20,2026-04-20,11,15,False
6F158,IndiGo,CCU,MAA,2026-04-20 11:58:41.703,2026-04-20 16:04:41.703,04:06:00,246.0,CCU → MAA,2026-04-20,2026-04-20,11,16,False
SJ218,SpiceJet,DEL,HYD,2026-04-20 11:58:41.703,2026-04-20 15:03:41.703,03:05:00,185.0,DEL → HYD,2026-04-20,2026-04-20,11,15,False
6F034,IndiGo,BOM,DEL,2026-04-20 11:53:41.701,2026-04-20 12:49:41.701,00:56:00,56.0,BOM → DEL,2026-04-20,2026-04-20,11,12,False
UK156,Vistara,MAA,BLR,2026-04-20 11:50:41.703,2026-04-20 15:54:41.703,04:04:00,244.0,MAA → BLR,2026-04-20,2026-04-20,11,15,False
6F105,IndiGo,BLR,BOM,2026-04-20 11:46:41.702,2026-04-20 12:58:41.702,01:12:00,72.0,BLR → BOM,2026-04-20,2026-04-20,11,12,False
6F073,IndiGo,DEL,CCU,2026-04-20 11:38:41.702,2026-04-20 15:18:41.702,03:40:00,220.0,DEL → CCU,2026-04-20,2026-04-20,11,15,False
SJ074,SpiceJet,DEL,CCU,2026-04-20 11:21:41.701,2026-04-20 12:02:41.701,00:41:00,41.0,DEL → CCU,2026-04-20,2026-04-20,11,12,False
6F234,IndiGo,BOM,DEL,2026-04-20 11:20:41.704,2026-04-20 14:11:41.704,02:51:00,171.0,BOM → DEL,2026-04-20,2026-04-20,11,14,False
6F068,IndiGo,BLR,HYD,2026-04-20 11:17:41.701,2026-04-20 15:06:41.701,03:49:00,229.0,BLR → HYD,2026-04-20,2026-04-20,11,15,False
6F074,IndiGo,HYD,BOM,2026-04-20 11:09:41.702,2026-04-20 14:29:41.702,03:20:00,200.0,HYD → BOM,2026-04-20,2026-04-20,11,14,False
AI038,Air India,HYD,MAA,2026-04-20 11:05:41.701,2026-04-20 15:44:41.701,04:39:00,279.0,HYD → MAA,2026-04-20,2026-04-20,11,15,False
AI079,Air India,CCU,BLR,2026-04-20 11:04:41.702,2026-04-20 13:19:41.702,02:15:00,135.0,CCU → BLR,2026-04-20,2026-04-20,11,13,False
SJ018,SpiceJet,BOM,CCU,2026-04-20 10:58:41.701,2026-04-20 13:31:41.701,02:33:00,153.0,BOM → CCU,2026-04-20,2026-04-20,10,13,False
6F018,IndiGo,DEL,BLR,2026-04-20 10:57:41.701,2026-04-20 11:43:41.701,00:46:00,46.0,DEL → BLR,2026-04-20,2026-04-20,10,11,False
AI091,Air India,CCU,MAA,2026-04-20 10:52:41.702,2026-04-20 15:15:41.702,04:23:00,263.0,CCU → MAA,2026-04-20,2026-04-20,10,15,False
UK071,Vistara,DEL,HYD,2026-04-20 10:50:41.701,2026-04-20 14:06:41.701,03:16:00,196.0,DEL → HYD,2026-04-20,2026-04-20,10,14,False
AI019,Air India,BOM,CCU,2026-04-20 10:49:41.701,2026-04-20 11:51:41.701,01:02:00,62.0,BOM → CCU,2026-04-20,2026-04-20,10,11,False
UK212,Vistara,HYD,MAA,2026-04-20 10:46:41.704,2026-04-20 11:31:41.704,00:45:00,45.0,HYD → MAA,2026-04-20,2026-04-20,10,11,False
AI146,Air India,BLR,DEL,2026-04-20 10:40:41.702,2026-04-20 13:46:41.702,03:06:00,186.0,BLR → DEL,2026-04-20,2026-04-20,10,13,False
6F232,IndiGo,MAA,BLR,2026-04-20 10:39:41.704,2026-04-20 12:22:41.704,01:43:00,103.0,MAA → BLR,2026-04-20,2026-04-20,10,12,False
6F084,IndiGo,CCU,HYD,2026-04-20 10:34:41.702,2026-04-20 11:34:42.000,01:00:00.298000,60.0,CCU → HYD,2026-04-20,2026-04-20,10,11,False
AI129,Air India,BOM,CCU,2026-04-20 10:29:41.702,2026-04-20 13:38:41.702,03:09:00,189.0,BOM → CCU,2026-04-20,2026-04-20,10,13,False
AI240,Air India,MAA,DEL,2026-04-20 10:19:41.704,2026-04-20 12:46:41.704,02:27:00,147.0,MAA → DEL,2026-04-20,2026-04-20,10,12,False
6F091,IndiGo,BLR,CCU,2026-04-20 10:10:41.702,2026-04-20 11:36:41.702,01:26:00,86.0,BLR → CCU,2026-04-20,2026-04-20,10,11,False
UK133,Vistara,BOM,DEL,2026-04-20 10:04:41.702,2026-04-20 13:16:41.702,03:12:00,192.0,BOM → DEL,2026-04-20,2026-04-20,10,13,False
SJ007,SpiceJet,BOM,CCU,2026-04-20 10:03:41.701,2026-04-20 14:53:41.701,04:50:00,290.0,BOM → CCU,2026-04-20,2026-04-20,10,14,False
SJ141,SpiceJet,CCU,DEL,2026-04-20 10:00:41.702,2026-04-20 13:37:41.702,03:37:00,217.0,CCU → DEL,2026-04-20,2026-04-20,10,13,False
6F049,IndiGo,HYD,DEL,2026-04-20 10:00:41.701,2026-04-20 13:13:41.701,03:13:00,193.0,HYD → DEL,2026-04-20,2026-04-20,10,13,False
SJ235,SpiceJet,BOM,DEL,2026-04-20 09:57:41.704,2026-04-20 13:45:41.704,03:48:00,228.0,BOM → DEL,2026-04-20,2026-04-20,9,13,False
UK087,Vistara,HYD,MAA,2026-04-20 09:49:41.702,2026-04-20 13:17:41.702,03:28:00,208.0,HYD → MAA,2026-04-20,2026-04-20,9,13,False
UK170,Vistara,BOM,BLR,2026-04-20 09:42:41.703,2026-04-20 11:32:41.703,01:50:00,110.0,BOM → BLR,2026-04-20,2026-04-20,9,11,False
SJ078,SpiceJet,DEL,HYD,2026-04-20 09:41:41.701,2026-04-20 12:49:41.701,03:08:00,188.0,DEL → HYD,2026-04-20,2026-04-20,9,12,False
SJ075,SpiceJet,MAA,BLR,2026-04-20 09:26:41.701,2026-04-20 11:03:41.701,01:37:00,97.0,MAA → BLR,2026-04-20,2026-04-20,9,11,False
AI159,Air India,HYD,BLR,2026-04-20 09:23:41.703,2026-04-20 11:36:41.703,02:13:00,133.0,HYD → BLR,2026-04-20,2026-04-20,9,11,False
UK120,Vistara,HYD,DEL,2026-04-20 09:19:41.702,2026-04-20 13:30:41.702,04:11:00,251.0,HYD → DEL,2026-04-20,2026-04-20,9,13,False
AI059,Air India,CCU,DEL,2026-04-20 09:16:41.701,2026-04-20 11:43:41.701,02:27:00,147.0,CCU → DEL,2026-04-20,2026-04-20,9,11,False
UK040,Vistara,HYD,CCU,2026-04-20 09:15:41.701,2026-04-20 10:32:41.701,01:17:00,77.0,HYD → CCU,2026-04-20,2026-04-20,9,10,False
AI044,UNKNOWN,MAA,BLR,2026-04-20 09:03:41.701,2026-04-20 12:36:41.701,03:33:00,213.0,MAA → BLR,2026-04-20,2026-04-20,9,12,False
AI078,Air India,DEL,BOM,2026-04-20 08:58:41.702,2026-04-20 13:28:41.702,04:30:00,270.0,DEL → BOM,2026-04-20,2026-04-20,8,13,False
SJ226,SpiceJet,HYD,BOM,2026-04-20 08:47:41.704,2026-04-20 12:54:41.704,04:07:00,247.0,HYD → BOM,2026-04-20,2026-04-20,8,12,False
6F209,IndiGo,MAA,CCU,2026-04-20 08:40:41.703,2026-04-20 13:40:41.703,05:00:00,300.0,MAA → CCU,2026-04-20,2026-04-20,8,13,False
UK193,Vistara,HYD,DEL,2026-04-20 08:39:41.703,2026-04-20 09:14:41.703,00:35:00,35.0,HYD → DEL,2026-04-20,2026-04-20,8,9,False
6F092,IndiGo,MAA,BLR,2026-04-20 08:39:41.702,2026-04-20 09:15:41.702,00:36:00,36.0,MAA → BLR,2026-04-20,2026-04-20,8,9,False
AI208,Air India,BLR,BOM,2026-04-20 08:38:41.703,2026-04-20 11:52:41.703,03:14:00,194.0,BLR → BOM,2026-04-20,2026-04-20,8,11,False
SJ227,SpiceJet,BOM,CCU,2026-04-20 08:32:41.704,2026-04-20 12:53:41.704,04:21:00,261.0,BOM → CCU,2026-04-20,2026-04-20,8,12,False
6F238,IndiGo,BOM,DEL,2026-04-20 08:31:41.704,2026-04-20 09:19:41.704,00:48:00,48.0,BOM → DEL,2026-04-20,2026-04-20,8,9,False
AI084,Air India,BOM,HYD,2026-04-20 08:31:41.702,2026-04-20 09:46:41.702,01:15:00,75.0,BOM → HYD,2026-04-20,2026-04-20,8,9,False
SJ228,SpiceJet,BOM,CCU,2026-04-20 08:29:41.704,2026-04-20 12:16:41.704,03:47:00,227.0,BOM → CCU,2026-04-20,2026-04-20,8,12,False
UK194,Vistara,CCU,BOM,2026-04-20 08:26:41.703,2026-04-20 09:26:42.000,01:00:00.297000,60.0,CCU → BOM,2026-04-20,2026-04-20,8,9,False
6F126,IndiGo,CCU,MAA,2026-04-20 08:21:41.702,2026-04-20 09:39:41.702,01:18:00,78.0,CCU → MAA,2026-04-20,2026-04-20,8,9,False
SJ052,SpiceJet,MAA,BLR,2026-04-20 08:20:41.701,2026-04-20 09:57:41.701,01:37:00,97.0,MAA → BLR,2026-04-20,2026-04-20,8,9,False
AI233,Air India,BLR,BOM,2026-04-20 08:04:41.704,2026-04-20 09:52:41.704,01:48:00,108.0,BLR → BOM,2026-04-20,2026-04-20,8,9,False
AI213,Air India,HYD,CCU,2026-04-20 08:03:41.703,2026-04-20 09:14:41.703,01:11:00,71.0,HYD → CCU,2026-04-20,2026-04-20,8,9,False
UK076,Vistara,MAA,CCU,2026-04-20 08:03:41.702,2026-04-20 12:26:41.702,04:23:00,263.0,MAA → CCU,2026-04-20,2026-04-20,8,12,False
SJ022,SpiceJet,DEL,BLR,2026-04-20 07:56:41.701,2026-04-20 11:07:41.701,03:11:00,191.0,DEL → BLR,2026-04-20,2026-04-20,7,11,False
SJ002,SpiceJet,DEL,BOM,2026-04-20 07:54:41.701,2026-04-20 12:40:41.701,04:46:00,286.0,DEL → BOM,2026-04-20,2026-04-20,7,12,False
AI163,Air India,HYD,MAA,2026-04-20 07:45:41.703,2026-04-20 08:46:41.703,01:01:00,61.0,HYD → MAA,2026-04-20,2026-04-20,7,8,False
UK229,UNKNOWN,HYD,DEL,2026-04-20 07:40:41.704,2026-04-20 11:57:41.704,04:17:00,257.0,HYD → DEL,2026-04-20,2026-04-20,7,11,False
UK185,Vistara,DEL,MAA,2026-04-20 07:31:41.703,2026-04-20 08:48:41.703,01:17:00,77.0,DEL → MAA,2026-04-20,2026-04-20,7,8,False
6F029,IndiGo,BOM,BLR,2026-04-20 07:31:41.701,2026-04-20 11:45:41.701,04:14:00,254.0,BOM → BLR,2026-04-20,2026-04-20,7,11,False
6F056,IndiGo,BOM,MAA,2026-04-20 07:00:41.701,2026-04-20 08:49:41.701,01:49:00,109.0,BOM → MAA,2026-04-20,2026-04-20,7,8,False
AI062,Air India,MAA,DEL,2026-04-20 06:49:41.701,2026-04-20 07:25:41.701,00:36:00,36.0,MAA → DEL,2026-04-20,2026-04-20,6,7,False
UK034,Vistara,DEL,BLR,2026-04-20 06:47:41.701,2026-04-20 10:11:41.701,03:24:00,204.0,DEL → BLR,2026-04-20,2026-04-20,6,10,False
UK079,Vistara,DEL,BLR,2026-04-20 06:43:41.702,2026-04-20 10:34:41.702,03:51:00,231.0,DEL → BLR,2026-04-20,2026-04-20,6,10,False
AI135,Air India,BLR,BOM,2026-04-20 06:40:41.702,2026-04-20 09:21:41.702,02:41:00,161.0,BLR → BOM,2026-04-20,2026-04-20,6,9,False
SJ061,SpiceJet,MAA,BLR,2026-04-20 06:38:41.701,2026-04-20 09:35:41.701,02:57:00,177.0,MAA → BLR,2026-04-20,2026-04-20,6,9,False
AI047,UNKNOWN,CCU,MAA,2026-04-20 06:36:41.701,2026-04-20 07:23:41.701,00:47:00,47.0,CCU → MAA,2026-04-20,2026-04-20,6,7,False
UK210,Vistara,DEL,CCU,2026-04-20 06:35:41.704,2026-04-20 07:30:41.704,00:55:00,55.0,DEL → CCU,2026-04-20,2026-04-20,6,7,False
AI088,UNKNOWN,MAA,DEL,2026-04-20 06:34:41.702,2026-04-20 10:10:41.702,03:36:00,216.0,MAA → DEL,2026-04-20,2026-04-20,6,10,False
UK177,Vistara,DEL,HYD,2026-04-20 06:21:41.703,2026-04-20 10:50:41.703,04:29:00,269.0,DEL → HYD,2026-04-20,2026-04-20,6,10,False
AI128,UNKNOWN,BOM,CCU,2026-04-20 06:07:41.702,2026-04-20 10:03:41.702,03:56:00,236.0,BOM → CCU,2026-04-20,2026-04-20,6,10,False
AI158,Air India,CCU,DEL,2026-04-20 06:04:41.703,2026-04-20 09:01:41.703,02:57:00,177.0,CCU → DEL,2026-04-20,2026-04-20,6,9,False
UK206,Vistara,MAA,BLR,2026-04-20 06:01:41.703,2026-04-20 10:34:41.703,04:33:00,273.0,MAA → BLR,2026-04-20,2026-04-20,6,10,False
SJ138,UNKNOWN,BLR,BOM,2026-04-20 05:55:41.702,2026-04-20 06:43:41.702,00:48:00,48.0,BLR → BOM,2026-04-20,2026-04-20,5,6,False
AI034,Air India,DEL,BOM,2026-04-20 05:48:41.701,2026-04-20 10:31:41.701,04:43:00,283.0,DEL → BOM,2026-04-20,2026-04-20,5,10,False
AI012,Air India,BOM,CCU,2026-04-20 05:44:41.701,2026-04-20 09:47:41.701,04:03:00,243.0,BOM → CCU,2026-04-20,2026-04-20,5,9,False
6F083,IndiGo,BLR,DEL,2026-04-20 05:24:41.702,2026-04-20 06:03:41.702,00:39:00,39.0,BLR → DEL,2026-04-20,2026-04-20,5,6,False
SJ083,SpiceJet,MAA,BLR,2026-04-20 05:13:41.702,2026-04-20 08:17:41.702,03:04:00,184.0,MAA → BLR,2026-04-20,2026-04-20,5,8,False
SJ186,SpiceJet,CCU,DEL,2026-04-20 05:11:41.703,2026-04-20 07:22:41.703,02:11:00,131.0,CCU → DEL,2026-04-20,2026-04-20,5,7,False
UK001,Vistara,CCU,DEL,2026-04-20 05:06:41.700,2026-04-20 06:31:41.700,01:25:00,85.0,CCU → DEL,2026-04-20,2026-04-20,5,6,False
AI217,Air India,CCU,BLR,2026-04-20 04:57:41.703,2026-04-20 07:14:41.703,02:17:00,137.0,CCU → BLR,2026-04-20,2026-04-20,4,7,False
6F178,IndiGo,BOM,CCU,2026-04-20 04:48:41.703,2026-04-20 09:11:41.703,04:23:00,263.0,BOM → CCU,2026-04-20,2026-04-20,4,9,False
UK015,Vistara,BLR,BOM,2026-04-20 04:46:41.701,2026-04-20 06:33:41.701,01:47:00,107.0,BLR → BOM,2026-04-20,2026-04-20,4,6,False
AI112,Air India,DEL,BLR,2026-04-20 04:41:41.702,2026-04-20 08:24:41.702,03:43:00,223.0,DEL → BLR,2026-04-20,2026-04-20,4,8,False
UK100,Vistara,CCU,BLR,2026-04-20 04:40:41.702,2026-04-20 07:12:41.702,02:32:00,152.0,CCU → BLR,2026-04-20,2026-04-20,4,7,False
6F133,IndiGo,MAA,BLR,2026-04-20 04:38:41.702,2026-04-20 06:25:41.702,01:47:00,107.0,MAA → BLR,2026-04-20,2026-04-20,4,6,False
AI227,Air India,BLR,MAA,2026-04-20 04:31:41.703,2026-04-20 08:17:41.703,03:46:00,226.0,BLR → MAA,2026-04-20,2026-04-20,4,8,False
UK093,Vistara,HYD,CCU,2026-04-20 04:31:41.702,2026-04-20 05:21:41.702,00:50:00,50.0,HYD → CCU,2026-04-20,2026-04-20,4,5,False
UK203,Vistara,BLR,HYD,2026-04-20 04:12:41.703,2026-04-20 05:24:41.703,01:12:00,72.0,BLR → HYD,2026-04-20,2026-04-20,4,5,False
UK154,Vistara,MAA,HYD,2026-04-20 04:00:41.703,2026-04-20 07:57:41.703,03:57:00,237.0,MAA → HYD,2026-04-20,2026-04-20,4,7,False
UK073,Vistara,BLR,CCU,2026-04-20 03:59:41.702,2026-04-20 08:09:41.702,04:10:00,250.0,BLR → CCU,2026-04-20,2026-04-20,3,8,False
AI164,Air India,DEL,BLR,2026-04-20 03:57:41.703,2026-04-20 05:45:41.703,01:48:00,108.0,DEL → BLR,2026-04-20,2026-04-20,3,5,False
UK008,Vistara,CCU,BLR,2026-04-20 03:57:41.701,2026-04-20 04:34:41.701,00:37:00,37.0,CCU → BLR,2026-04-20,2026-04-20,3,4,False
UK051,Vistara,HYD,DEL,2026-04-20 03:55:41.701,2026-04-20 06:55:41.701,03:00:00,180.0,HYD → DEL,2026-04-20,2026-04-20,3,6,False
UK208,Vistara,DEL,CCU,2026-04-20 03:54:41.704,2026-04-20 08:51:41.704,04:57:00,297.0,DEL → CCU,2026-04-20,2026-04-20,3,8,False
AI150,Air India,BOM,DEL,2026-04-20 03:51:41.703,2026-04-20 04:38:41.703,00:47:00,47.0,BOM → DEL,2026-04-20,2026-04-20,3,4,False
AI189,Air India,CCU,DEL,2026-04-20 03:44:41.703,2026-04-20 05:32:41.703,01:48:00,108.0,CCU → DEL,2026-04-20,2026-04-20,3,5,False
6F230,IndiGo,CCU,BLR,2026-04-20 03:34:41.704,2026-04-20 06:47:41.704,03:13:00,193.0,CCU → BLR,2026-04-20,2026-04-20,3,6,False
6F169,IndiGo,BOM,DEL,2026-04-20 03:27:41.703,2026-04-20 08:06:41.703,04:39:00,279.0,BOM → DEL,2026-04-20,2026-04-20,3,8,False
AI205,Air India,BLR,BOM,2026-04-20 03:26:41.703,2026-04-20 05:14:41.703,01:48:00,108.0,BLR → BOM,2026-04-20,2026-04-20,3,5,False
AI103,Air India,BLR,BOM,2026-04-20 03:26:41.702,2026-04-20 04:04:41.702,00:38:00,38.0,BLR → BOM,2026-04-20,2026-04-20,3,4,False
6F250,UNKNOWN,DEL,BLR,2026-04-20 03:26:41.701,2026-04-20 07:30:41.701,04:04:00,244.0,DEL → BLR,2026-04-20,2026-04-20,3,7,False
AI246,Air India,BOM,BLR,2026-04-20 03:22:41.704,2026-04-20 06:41:41.704,03:19:00,199.0,BOM → BLR,2026-04-20,2026-04-20,3,6,False
6F187,IndiGo,BOM,MAA,2026-04-20 03:19:41.703,2026-04-20 07:37:41.703,04:18:00,258.0,BOM → MAA,2026-04-20,2026-04-20,3,7,False
AI082,Air India,DEL,CCU,2026-04-20 03:19:41.702,2026-04-20 06:01:41.702,02:42:00,162.0,DEL → CCU,2026-04-20,2026-04-20,3,6,False
UK116,Vistara,CCU,BOM,2026-04-20 03:18:41.702,2026-04-20 07:06:41.702,03:48:00,228.0,CCU → BOM,2026-04-20,2026-04-20,3,7,False
SJ169,SpiceJet,BOM,MAA,2026-04-20 03:10:41.703,2026-04-20 07:56:41.703,04:46:00,286.0,BOM → MAA,2026-04-20,2026-04-20,3,7,False
AI175,Air India,BOM,HYD,2026-04-20 03:08:41.703,2026-04-20 06:55:41.703,03:47:00,227.0,BOM → HYD,2026-04-20,2026-04-20,3,6,False
SJ098,SpiceJet,HYD,MAA,2026-04-20 03:02:41.702,2026-04-20 03:37:41.702,00:35:00,35.0,HYD → MAA,2026-04-20,2026-04-20,3,3,False
SJ191,SpiceJet,BLR,BOM,2026-04-20 03:01:41.703,2026-04-20 04:23:41.703,01:22:00,82.0,BLR → BOM,2026-04-20,2026-04-20,3,4,False
SJ017,SpiceJet,DEL,MAA,2026-04-20 02:57:41.701,2026-04-20 05:00:41.701,02:03:00,123.0,DEL → MAA,2026-04-20,2026-04-20,2,5,False
UK188,Vistara,MAA,BLR,2026-04-20 02:55:41.703,2026-04-20 03:44:41.703,00:49:00,49.0,MAA → BLR,2026-04-20,2026-04-20,2,3,False
AI196,Air India,MAA,HYD,2026-04-20 02:52:41.703,2026-04-20 04:25:41.703,01:33:00,93.0,MAA → HYD,2026-04-20,2026-04-20,2,4,False
AI068,Air India,BOM,BLR,2026-04-20 02:48:41.702,2026-04-20 04:48:42.000,02:00:00.298000,120.0,BOM → BLR,2026-04-20,2026-04-20,2,4,False
SJ097,SpiceJet,BOM,CCU,2026-04-20 02:37:41.702,2026-04-20 05:27:41.702,02:50:00,170.0,BOM → CCU,2026-04-20,2026-04-20,2,5,False
SJ030,SpiceJet,DEL,HYD,2026-04-20 02:36:41.701,2026-04-20 03:19:41.701,00:43:00,43.0,DEL → HYD,2026-04-20,2026-04-20,2,3,False
6F179,IndiGo,HYD,MAA,2026-04-20 02:25:41.703,2026-04-20 06:40:41.703,04:15:00,255.0,HYD → MAA,2026-04-20,2026-04-20,2,6,False
6F156,IndiGo,MAA,BOM,2026-04-20 02:23:41.703,2026-04-20 04:57:41.703,02:34:00,154.0,MAA → BOM,2026-04-20,2026-04-20,2,4,False
6F250,UNKNOWN,CCU,BLR,2026-04-20 02:23:41.702,2026-04-20 02:56:41.702,00:33:00,33.0,CCU → BLR,2026-04-20,2026-04-20,2,2,False
SJ057,SpiceJet,BOM,CCU,2026-04-20 02:17:41.701,2026-04-20 05:29:41.701,03:12:00,192.0,BOM → CCU,2026-04-20,2026-04-20,2,5,False
6F036,IndiGo,CCU,BLR,2026-04-20 02:14:41.701,2026-04-20 06:57:41.701,04:43:00,283.0,CCU → BLR,2026-04-20,2026-04-20,2,6,False
6F201,IndiGo,CCU,BOM,2026-04-20 02:09:41.703,2026-04-20 06:49:41.703,04:40:00,280.0,CCU → BOM,2026-04-20,2026-04-20,2,6,False
6F143,IndiGo,CCU,DEL,2026-04-20 02:09:41.702,2026-04-20 06:08:41.702,03:59:00,239.0,CCU → DEL,2026-04-20,2026-04-20,2,6,False
6F177,IndiGo,HYD,MAA,2026-04-20 02:03:41.703,2026-04-20 04:25:41.703,02:22:00,142.0,HYD → MAA,2026-04-20,2026-04-20,2,4,False
6F031,IndiGo,BOM,BLR,2026-04-20 02:00:41.701,2026-04-20 06:37:41.701,04:37:00,277.0,BOM → BLR,2026-04-20,2026-04-20,2,6,False
UK165,Vistara,DEL,BLR,2026-04-20 01:51:41.703,2026-04-20 06:04:41.703,04:13:00,253.0,DEL → BLR,2026-04-20,2026-04-20,1,6,False
6F122,IndiGo,DEL,BLR,2026-04-20 01:44:41.702,2026-04-20 05:28:41.702,03:44:00,224.0,DEL → BLR,2026-04-20,2026-04-20,1,5,False
AI009,UNKNOWN,DEL,CCU,2026-04-20 01:31:41.701,2026-04-20 04:05:41.701,02:34:00,154.0,DEL → CCU,2026-04-20,2026-04-20,1,4,False
6F046,IndiGo,DEL,BLR,2026-04-20 01:27:41.701,2026-04-20 05:08:41.701,03:41:00,221.0,DEL → BLR,2026-04-20,2026-04-20,1,5,False
AI051,Air India,MAA,BLR,2026-04-20 01:27:41.701,2026-04-20 02:22:41.701,00:55:00,55.0,MAA → BLR,2026-04-20,2026-04-20,1,2,False
UK222,Vistara,BOM,CCU,2026-04-20 01:22:41.704,2026-04-20 02:57:41.704,01:35:00,95.0,BOM → CCU,2026-04-20,2026-04-20,1,2,False
SJ127,SpiceJet,BOM,DEL,2026-04-20 01:21:41.702,2026-04-20 03:58:41.702,02:37:00,157.0,BOM → DEL,2026-04-20,2026-04-20,1,3,False
AI226,UNKNOWN,BLR,HYD,2026-04-20 01:19:41.703,2026-04-20 04:08:41.703,02:49:00,169.0,BLR → HYD,2026-04-20,2026-04-20,1,4,False
AI216,Air India,BOM,CCU,2026-04-20 01:10:41.703,2026-04-20 02:34:41.703,01:24:00,84.0,BOM → CCU,2026-04-20,2026-04-20,1,2,False
6F058,IndiGo,BOM,CCU,2026-04-20 01:04:41.701,2026-04-20 03:33:41.701,02:29:00,149.0,BOM → CCU,2026-04-20,2026-04-20,1,3,False
SJ207,SpiceJet,DEL,CCU,2026-04-20 00:52:41.703,2026-04-20 04:05:41.703,03:13:00,193.0,DEL → CCU,2026-04-20,2026-04-20,0,4,False
SJ198,SpiceJet,CCU,BOM,2026-04-20 00:47:41.703,2026-04-20 05:28:41.703,04:41:00,281.0,CCU → BOM,2026-04-20,2026-04-20,0,5,False
SJ108,SpiceJet,BLR,HYD,2026-04-20 00:40:41.702,2026-04-20 03:16:41.702,02:36:00,156.0,BLR → HYD,2026-04-20,2026-04-20,0,3,False
SJ155,SpiceJet,DEL,CCU,2026-04-20 00:38:41.702,2026-04-20 05:38:41.702,05:00:00,300.0,DEL → CCU,2026-04-20,2026-04-20,0,5,False
6F193,IndiGo,BOM,MAA,2026-04-20 00:34:41.703,2026-04-20 02:32:41.703,01:58:00,118.0,BOM → MAA,2026-04-20,2026-04-20,0,2,False
6F019,IndiGo,BLR,BOM,2026-04-20 00:19:41.701,2026-04-20 04:14:41.701,03:55:00,235.0,BLR → BOM,2026-04-20,2026-04-20,0,4,False
AI102,Air India,CCU,BLR,2026-04-20 00:17:41.702,2026-04-20 05:08:41.702,04:51:00,291.0,CCU → BLR,2026-04-20,2026-04-20,0,5,False
6F166,IndiGo,BOM,CCU,2026-04-20 00:03:41.703,2026-04-20 04:33:41.703,04:30:00,270.0,BOM → CCU,2026-04-20,2026-04-20,0,4,False
UK175,Vistara,BLR,BOM,2026-04-19 23:56:41.703,2026-04-20 03:18:41.703,03:22:00,202.0,BLR → BOM,2026-04-19,2026-04-20,23,3,True
6F010,IndiGo,DEL,BLR,2026-04-19 23:53:41.701,2026-04-20 03:44:41.701,03:51:00,231.0,DEL → BLR,2026-04-19,2026-04-20,23,3,True
AI234,Air India,BOM,MAA,2026-04-19 23:50:41.704,2026-04-20 01:34:41.704,01:44:00,104.0,BOM → MAA,2026-04-19,2026-04-20,23,1,True
UK135,Vistara,HYD,DEL,2026-04-19 23:50:41.702,2026-04-20 01:43:41.702,01:53:00,113.0,HYD → DEL,2026-04-19,2026-04-20,23,1,True
6F272,UNKNOWN,HYD,MAA,2026-04-19 23:35:41.702,2026-04-20 00:22:41.702,00:47:00,47.0,HYD → MAA,2026-04-19,2026-04-20,23,0,True
AI061,Air India,BOM,CCU,2026-04-19 23:31:41.701,2026-04-20 01:02:41.701,01:31:00,91.0,BOM → CCU,2026-04-19,2026-04-20,23,1,True
6F070,IndiGo,HYD,DEL,2026-04-19 23:23:41.701,2026-04-20 02:24:41.701,03:01:00,181.0,HYD → DEL,2026-04-19,2026-04-20,23,2,True
AI015,Air India,BLR,CCU,2026-04-19 23:21:41.701,2026-04-20 01:15:41.701,01:54:00,114.0,BLR → CCU,2026-04-19,2026-04-20,23,1,True
SJ076,SpiceJet,DEL,MAA,2026-04-19 23:01:41.701,2026-04-20 02:02:41.701,03:01:00,181.0,DEL → MAA,2026-04-19,2026-04-20,23,2,True
SJ029,UNKNOWN,HYD,DEL,2026-04-19 22:55:41.701,2026-04-20 00:22:41.701,01:27:00,87.0,HYD → DEL,2026-04-19,2026-04-20,22,0,True
SJ194,SpiceJet,CCU,DEL,2026-04-19 22:46:41.703,2026-04-20 02:31:41.703,03:45:00,225.0,CCU → DEL,2026-04-19,2026-04-20,22,2,True
AI235,Air India,BLR,HYD,2026-04-19 22:45:41.704,2026-04-20 02:12:41.704,03:27:00,207.0,BLR → HYD,2026-04-19,2026-04-20,22,2,True
SJ048,SpiceJet,MAA,BLR,2026-04-19 22:43:41.701,2026-04-20 00:19:41.701,01:36:00,96.0,MAA → BLR,2026-04-19,2026-04-20,22,0,True
SJ114,SpiceJet,HYD,DEL,2026-04-19 22:42:41.702,2026-04-20 02:02:41.702,03:20:00,200.0,HYD → DEL,2026-04-19,2026-04-20,22,2,True
SJ146,SpiceJet,HYD,BLR,2026-04-19 22:37:41.702,2026-04-20 00:33:41.702,01:56:00,116.0,HYD → BLR,2026-04-19,2026-04-20,22,0,True
UK041,Vistara,HYD,MAA,2026-04-19 22:37:41.701,2026-04-19 23:44:41.701,01:07:00,67.0,HYD → MAA,2026-04-19,2026-04-19,22,23,False
6F075,IndiGo,BOM,CCU,2026-04-19 22:20:41.702,2026-04-20 03:02:41.702,04:42:00,282.0,BOM → CCU,2026-04-19,2026-04-20,22,3,True
SJ020,SpiceJet,BLR,BOM,2026-04-19 22:18:41.701,2026-04-20 02:27:41.701,04:09:00,249.0,BLR → BOM,2026-04-19,2026-04-20,22,2,True
SJ099,UNKNOWN,MAA,BLR,2026-04-19 22:14:41.702,2026-04-20 00:34:41.702,02:20:00,140.0,MAA → BLR,2026-04-19,2026-04-20,22,0,True
6F078,IndiGo,BOM,CCU,2026-04-19 22:04:41.702,2026-04-19 23:37:41.702,01:33:00,93.0,BOM → CCU,2026-04-19,2026-04-19,22,23,False
UK219,Vistara,BOM,HYD,2026-04-19 22:03:41.704,2026-04-20 02:21:41.704,04:18:00,258.0,BOM → HYD,2026-04-19,2026-04-20,22,2,True
UK223,Vistara,CCU,DEL,2026-04-19 21:58:41.704,2026-04-19 22:30:41.704,00:32:00,32.0,CCU → DEL,2026-04-19,2026-04-19,21,22,False
UK227,Vistara,BOM,HYD,2026-04-19 21:57:41.704,2026-04-20 01:47:41.704,03:50:00,230.0,BOM → HYD,2026-04-19,2026-04-20,21,1,True
6F260,UNKNOWN,CCU,DEL,2026-04-19 21:51:41.702,2026-04-20 01:14:41.702,03:23:00,203.0,CCU → DEL,2026-04-19,2026-04-20,21,1,True
AI096,Air India,CCU,DEL,2026-04-19 21:48:41.702,2026-04-20 02:46:41.702,04:58:00,298.0,CCU → DEL,2026-04-19,2026-04-20,21,2,True
6F022,IndiGo,MAA,BLR,2026-04-19 21:46:41.701,2026-04-20 02:05:41.701,04:19:00,259.0,MAA → BLR,2026-04-19,2026-04-20,21,2,True
6F237,IndiGo,HYD,MAA,2026-04-19 21:41:41.704,2026-04-20 00:44:41.704,03:03:00,183.0,HYD → MAA,2026-04-19,2026-04-20,21,0,True
UK146,Vistara,BOM,MAA,2026-04-19 21:40:41.703,2026-04-20 00:08:41.703,02:28:00,148.0,BOM → MAA,2026-04-19,2026-04-20,21,0,True
SJ015,SpiceJet,BOM,CCU,2026-04-19 21:40:41.701,2026-04-19 22:52:41.701,01:12:00,72.0,BOM → CCU,2026-04-19,2026-04-19,21,22,False
AI108,Air India,BLR,CCU,2026-04-19 21:32:41.702,2026-04-20 00:17:41.702,02:45:00,165.0,BLR → CCU,2026-04-19,2026-04-20,21,0,True
UK020,Vistara,MAA,BLR,2026-04-19 21:23:41.701,2026-04-19 22:38:41.701,01:15:00,75.0,MAA → BLR,2026-04-19,2026-04-19,21,22,False
6F113,IndiGo,BOM,CCU,2026-04-19 21:04:41.702,2026-04-20 01:30:41.702,04:26:00,266.0,BOM → CCU,2026-04-19,2026-04-20,21,1,True
6F112,IndiGo,HYD,DEL,2026-04-19 21:00:41.702,2026-04-19 23:16:41.702,02:16:00,136.0,HYD → DEL,2026-04-19,2026-04-19,21,23,False
6F246,IndiGo,HYD,DEL,2026-04-19 21:00:41.702,2026-04-19 23:16:41.702,02:16:00,136.0,HYD → DEL,2026-04-19,2026-04-19,21,23,False
UK158,Vistara,BOM,MAA,2026-04-19 20:49:41.703,2026-04-19 21:22:41.703,00:33:00,33.0,BOM → MAA,2026-04-19,2026-04-19,20,21,False
UK159,Vistara,CCU,BLR,2026-04-19 20:45:41.703,2026-04-19 23:32:41.703,02:47:00,167.0,CCU → BLR,2026-04-19,2026-04-19,20,23,False
UK084,Vistara,MAA,DEL,2026-04-19 20:44:41.702,2026-04-20 00:20:41.702,03:36:00,216.0,MAA → DEL,2026-04-19,2026-04-20,20,0,True
SJ206,SpiceJet,DEL,CCU,2026-04-19 20:43:41.703,2026-04-20 01:21:41.703,04:38:00,278.0,DEL → CCU,2026-04-19,2026-04-20,20,1,True
UK044,Vistara,BLR,BOM,2026-04-19 20:31:41.701,2026-04-19 23:29:41.701,02:58:00,178.0,BLR → BOM,2026-04-19,2026-04-19,20,23,False
SJ036,SpiceJet,DEL,HYD,2026-04-19 20:24:41.701,2026-04-19 23:54:41.701,03:30:00,210.0,DEL → HYD,2026-04-19,2026-04-19,20,23,False
6F176,IndiGo,CCU,DEL,2026-04-19 20:23:42.000,2026-04-19 23:23:42.000,03:00:00,180.0,CCU → DEL,2026-04-19,2026-04-19,20,23,False
6F148,IndiGo,CCU,BOM,2026-04-19 20:23:41.703,2026-04-19 22:30:41.703,02:07:00,127.0,CCU → BOM,2026-04-19,2026-04-19,20,22,False
6F202,IndiGo,HYD,BLR,2026-04-19 20:18:41.703,2026-04-19 23:48:41.703,03:30:00,210.0,HYD → BLR,2026-04-19,2026-04-19,20,23,False
6F071,IndiGo,DEL,CCU,2026-04-19 20:18:41.702,2026-04-20 00:31:41.702,04:13:00,253.0,DEL → CCU,2026-04-19,2026-04-20,20,0,True
AI105,Air India,CCU,DEL,2026-04-19 20:16:41.702,2026-04-19 22:03:41.702,01:47:00,107.0,CCU → DEL,2026-04-19,2026-04-19,20,22,False
AI241,Air India,HYD,BLR,2026-04-19 20:11:41.704,2026-04-19 22:18:41.704,02:07:00,127.0,HYD → BLR,2026-04-19,2026-04-19,20,22,False
SJ162,SpiceJet,DEL,HYD,2026-04-19 20:11:41.703,2026-04-19 22:30:41.703,02:19:00,139.0,DEL → HYD,2026-04-19,2026-04-19,20,22,False
6F003,IndiGo,HYD,BOM,2026-04-19 20:06:41.700,2026-04-19 23:13:41.700,03:07:00,187.0,HYD → BOM,2026-04-19,2026-04-19,20,23,False
6F249,IndiGo,HYD,BOM,2026-04-19 20:06:41.700,2026-04-19 23:13:41.700,03:07:00,187.0,HYD → BOM,2026-04-19,2026-04-19,20,23,False
AI237,Air India,BOM,CCU,2026-04-19 19:58:41.704,2026-04-19 23:13:41.704,03:15:00,195.0,BOM → CCU,2026-04-19,2026-04-19,19,23,False
SJ134,SpiceJet,BOM,CCU,2026-04-19 19:58:41.702,2026-04-20 00:15:41.702,04:17:00,257.0,BOM → CCU,2026-04-19,2026-04-20,19,0,True
AI071,Air India,BOM,MAA,2026-04-19 19:55:41.702,2026-04-19 22:58:41.702,03:03:00,183.0,BOM → MAA,2026-04-19,2026-04-19,19,22,False
6F118,IndiGo,CCU,HYD,2026-04-19 19:52:41.702,2026-04-19 21:01:41.702,01:09:00,69.0,CCU → HYD,2026-04-19,2026-04-19,19,21,False
6F014,IndiGo,DEL,MAA,2026-04-19 19:42:41.701,2026-04-19 23:15:41.701,03:33:00,213.0,DEL → MAA,2026-04-19,2026-04-19,19,23,False
6F065,IndiGo,MAA,BLR,2026-04-19 19:40:41.701,2026-04-19 22:23:41.701,02:43:00,163.0,MAA → BLR,2026-04-19,2026-04-19,19,22,False
6F271,UNKNOWN,HYD,MAA,2026-04-19 19:33:41.702,2026-04-19 22:52:41.702,03:19:00,199.0,HYD → MAA,2026-04-19,2026-04-19,19,22,False
SJ070,SpiceJet,MAA,CCU,2026-04-19 18:55:41.701,2026-04-19 20:48:41.701,01:53:00,113.0,MAA → CCU,2026-04-19,2026-04-19,18,20,False
6F007,IndiGo,HYD,MAA,2026-04-19 18:55:41.701,2026-04-19 19:54:41.701,00:59:00,59.0,HYD → MAA,2026-04-19,2026-04-19,18,19,False
UK007,Vistara,DEL,HYD,2026-04-19 18:50:41.701,2026-04-19 21:04:41.701,02:14:00,134.0,DEL → HYD,2026-04-19,2026-04-19,18,21,False
SJ192,SpiceJet,HYD,BOM,2026-04-19 18:45:42.000,2026-04-19 23:45:42.000,1899-12-29 05:00:00,300.0,HYD → BOM,2026-04-19,2026-04-19,18,23,False
AI097,Air India,HYD,MAA,2026-04-19 18:42:41.702,2026-04-19 23:34:41.702,04:52:00,292.0,HYD → MAA,2026-04-19,2026-04-19,18,23,False
6F256,UNKNOWN,BOM,CCU,2026-04-19 18:40:41.702,2026-04-19 19:13:41.702,00:33:00,33.0,BOM → CCU,2026-04-19,2026-04-19,18,19,False
UK047,Vistara,BLR,HYD,2026-04-19 18:40:41.701,2026-04-19 22:45:41.701,04:05:00,245.0,BLR → HYD,2026-04-19,2026-04-19,18,22,False
AI024,Air India,MAA,BOM,2026-04-19 18:38:41.701,2026-04-19 19:45:41.701,01:07:00,67.0,MAA → BOM,2026-04-19,2026-04-19,18,19,False
UK113,Vistara,CCU,DEL,2026-04-19 18:34:41.702,2026-04-19 22:58:41.702,04:24:00,264.0,CCU → DEL,2026-04-19,2026-04-19,18,22,False
SJ163,SpiceJet,DEL,HYD,2026-04-19 18:32:41.703,2026-04-19 23:08:41.703,04:36:00,276.0,DEL → HYD,2026-04-19,2026-04-19,18,23,False
SJ208,SpiceJet,DEL,HYD,2026-04-19 18:32:41.703,2026-04-19 19:33:41.703,01:01:00,61.0,DEL → HYD,2026-04-19,2026-04-19,18,19,False
SJ221,SpiceJet,MAA,HYD,2026-04-19 18:31:41.703,2026-04-19 23:17:41.703,04:46:00,286.0,MAA → HYD,2026-04-19,2026-04-19,18,23,False
SJ084,SpiceJet,HYD,MAA,2026-04-19 18:31:41.702,2026-04-19 19:30:41.702,00:59:00,59.0,HYD → MAA,2026-04-19,2026-04-19,18,19,False
6F127,IndiGo,HYD,BOM,2026-04-19 18:27:41.702,2026-04-19 22:28:41.702,04:01:00,241.0,HYD → BOM,2026-04-19,2026-04-19,18,22,False
AI122,Air India,BOM,CCU,2026-04-19 18:25:41.702,2026-04-19 22:36:41.702,04:11:00,251.0,BOM → CCU,2026-04-19,2026-04-19,18,22,False
AI139,Air India,HYD,MAA,2026-04-19 18:23:41.702,2026-04-19 19:24:41.702,01:01:00,61.0,HYD → MAA,2026-04-19,2026-04-19,18,19,False
UK149,Vistara,MAA,DEL,2026-04-19 18:22:41.703,2026-04-19 23:08:41.703,04:46:00,286.0,MAA → DEL,2026-04-19,2026-04-19,18,23,False
AI149,Air India,BOM,HYD,2026-04-19 18:19:41.703,2026-04-19 21:36:41.703,03:17:00,197.0,BOM → HYD,2026-04-19,2026-04-19,18,21,False
SJ243,SpiceJet,BLR,DEL,2026-04-19 18:17:41.704,2026-04-19 23:03:41.704,04:46:00,286.0,BLR → DEL,2026-04-19,2026-04-19,18,23,False
AI053,Air India,CCU,DEL,2026-04-19 18:04:41.701,2026-04-19 22:19:41.701,04:15:00,255.0,CCU → DEL,2026-04-19,2026-04-19,18,22,False
UK061,Vistara,BLR,BOM,2026-04-19 17:58:41.701,2026-04-19 19:48:41.701,01:50:00,110.0,BLR → BOM,2026-04-19,2026-04-19,17,19,False
SJ004,SpiceJet,MAA,DEL,2026-04-19 17:52:41.701,2026-04-19 21:01:41.701,03:09:00,189.0,MAA → DEL,2026-04-19,2026-04-19,17,21,False
AI173,Air India,HYD,DEL,2026-04-19 17:36:41.703,2026-04-19 22:27:41.703,04:51:00,291.0,HYD → DEL,2026-04-19,2026-04-19,17,22,False
6F085,IndiGo,HYD,MAA,2026-04-19 17:32:41.702,2026-04-19 19:32:42.000,02:00:00.298000,120.0,HYD → MAA,2026-04-19,2026-04-19,17,19,False
AI252,UNKNOWN,HYD,DEL,2026-04-19 17:30:41.704,2026-04-19 21:54:41.704,04:24:00,264.0,HYD → DEL,2026-04-19,2026-04-19,17,21,False
SJ109,SpiceJet,BOM,DEL,2026-04-19 17:24:41.702,2026-04-19 20:28:41.702,03:04:00,184.0,BOM → DEL,2026-04-19,2026-04-19,17,20,False
UK123,Vistara,BOM,DEL,2026-04-19 17:24:41.702,2026-04-19 20:18:41.702,02:54:00,174.0,BOM → DEL,2026-04-19,2026-04-19,17,20,False
6F125,IndiGo,BOM,CCU,2026-04-19 17:09:41.702,2026-04-19 21:13:41.702,04:04:00,244.0,BOM → CCU,2026-04-19,2026-04-19,17,21,False
UK183,Vistara,BLR,CCU,2026-04-19 17:07:41.703,2026-04-19 18:30:41.703,01:23:00,83.0,BLR → CCU,2026-04-19,2026-04-19,17,18,False
AI110,Air India,BOM,CCU,2026-04-19 17:07:41.702,2026-04-19 22:00:41.702,04:53:00,293.0,BOM → CCU,2026-04-19,2026-04-19,17,22,False
UK105,Vistara,CCU,HYD,2026-04-19 17:04:41.702,2026-04-19 18:11:41.702,01:07:00,67.0,CCU → HYD,2026-04-19,2026-04-19,17,18,False
6F128,IndiGo,HYD,DEL,2026-04-19 16:56:41.702,2026-04-19 18:03:41.702,01:07:00,67.0,HYD → DEL,2026-04-19,2026-04-19,16,18,False
6F224,IndiGo,DEL,MAA,2026-04-19 16:53:41.704,2026-04-19 18:52:41.704,01:59:00,119.0,DEL → MAA,2026-04-19,2026-04-19,16,18,False
SJ130,SpiceJet,BOM,DEL,2026-04-19 16:53:41.702,2026-04-19 20:53:41.702,04:00:00,240.0,BOM → DEL,2026-04-19,2026-04-19,16,20,False
AI224,Air India,DEL,HYD,2026-04-19 16:51:41.703,2026-04-19 21:36:41.703,04:45:00,285.0,DEL → HYD,2026-04-19,2026-04-19,16,21,False
SJ182,SpiceJet,CCU,BOM,2026-04-19 16:48:41.703,2026-04-19 17:36:41.703,00:48:00,48.0,CCU → BOM,2026-04-19,2026-04-19,16,17,False
UK164,Vistara,BOM,HYD,2026-04-19 16:46:41.703,2026-04-19 21:10:41.703,04:24:00,264.0,BOM → HYD,2026-04-19,2026-04-19,16,21,False
AI161,Air India,CCU,BOM,2026-04-19 16:40:41.703,2026-04-19 19:40:41.703,03:00:00,180.0,CCU → BOM,2026-04-19,2026-04-19,16,19,False
6F206,IndiGo,DEL,BOM,2026-04-19 16:39:41.703,2026-04-19 20:59:41.703,04:20:00,260.0,DEL → BOM,2026-04-19,2026-04-19,16,20,False
SJ204,SpiceJet,CCU,DEL,2026-04-19 16:34:41.703,2026-04-19 18:15:41.703,01:41:00,101.0,CCU → DEL,2026-04-19,2026-04-19,16,18,False
AI206,Air India,CCU,MAA,2026-04-19 16:30:41.703,2026-04-19 20:01:41.703,03:31:00,211.0,CCU → MAA,2026-04-19,2026-04-19,16,20,False
6F140,IndiGo,CCU,HYD,2026-04-19 16:30:41.702,2026-04-19 18:21:41.702,01:51:00,111.0,CCU → HYD,2026-04-19,2026-04-19,16,18,False
6F253,UNKNOWN,MAA,BLR,2026-04-19 16:26:41.703,2026-04-19 18:24:41.703,01:58:00,118.0,MAA → BLR,2026-04-19,2026-04-19,16,18,False
SJ203,UNKNOWN,DEL,HYD,2026-04-19 16:22:41.703,2026-04-19 18:27:41.703,02:05:00,125.0,DEL → HYD,2026-04-19,2026-04-19,16,18,False
SJ161,SpiceJet,MAA,BLR,2026-04-19 16:22:41.703,2026-04-19 17:04:41.703,00:42:00,42.0,MAA → BLR,2026-04-19,2026-04-19,16,17,False
AI098,Air India,HYD,MAA,2026-04-19 16:01:41.702,2026-04-19 18:11:41.702,02:10:00,130.0,HYD → MAA,2026-04-19,2026-04-19,16,18,False
AI168,UNKNOWN,DEL,CCU,2026-04-19 15:50:41.703,2026-04-19 20:20:41.703,04:30:00,270.0,DEL → CCU,2026-04-19,2026-04-19,15,20,False
UK190,Vistara,DEL,BLR,2026-04-19 15:49:41.703,2026-04-19 18:53:41.703,03:04:00,184.0,DEL → BLR,2026-04-19,2026-04-19,15,18,False
AI085,Air India,DEL,HYD,2026-04-19 15:45:41.702,2026-04-19 20:33:41.702,04:48:00,288.0,DEL → HYD,2026-04-19,2026-04-19,15,20,False
AI076,Air India,BLR,BOM,2026-04-19 15:37:41.702,2026-04-19 16:12:41.702,00:35:00,35.0,BLR → BOM,2026-04-19,2026-04-19,15,16,False
UK130,Vistara,MAA,BLR,2026-04-19 15:36:41.702,2026-04-19 19:43:41.702,04:07:00,247.0,MAA → BLR,2026-04-19,2026-04-19,15,19,False
6F038,IndiGo,HYD,MAA,2026-04-19 15:36:41.701,2026-04-19 19:33:41.701,03:57:00,237.0,HYD → MAA,2026-04-19,2026-04-19,15,19,False
UK110,Vistara,HYD,DEL,2026-04-19 15:26:41.702,2026-04-19 20:13:41.702,04:47:00,287.0,HYD → DEL,2026-04-19,2026-04-19,15,20,False
SJ013,SpiceJet,DEL,MAA,2026-04-19 15:25:41.701,2026-04-19 19:54:41.701,04:29:00,269.0,DEL → MAA,2026-04-19,2026-04-19,15,19,False
AI039,Air India,MAA,BLR,2026-04-19 15:24:41.701,2026-04-19 18:56:41.701,03:32:00,212.0,MAA → BLR,2026-04-19,2026-04-19,15,18,False
AI248,Air India,CCU,DEL,2026-04-19 15:17:41.704,2026-04-19 16:35:41.704,01:18:00,78.0,CCU → DEL,2026-04-19,2026-04-19,15,16,False
6F199,IndiGo,DEL,MAA,2026-04-19 15:15:41.703,2026-04-19 17:32:41.703,02:17:00,137.0,DEL → MAA,2026-04-19,2026-04-19,15,17,False
AI225,Air India,BOM,BLR,2026-04-19 15:05:41.703,2026-04-19 16:01:41.703,00:56:00,56.0,BOM → BLR,2026-04-19,2026-04-19,15,16,False
SJ028,SpiceJet,CCU,BOM,2026-04-19 15:04:41.701,2026-04-19 19:32:41.701,04:28:00,268.0,CCU → BOM,2026-04-19,2026-04-19,15,19,False
SJ012,SpiceJet,HYD,BLR,2026-04-19 15:01:41.701,2026-04-19 16:12:41.701,01:11:00,71.0,HYD → BLR,2026-04-19,2026-04-19,15,16,False
SJ131,SpiceJet,MAA,HYD,2026-04-19 15:00:41.702,2026-04-19 16:07:41.702,01:07:00,67.0,MAA → HYD,2026-04-19,2026-04-19,15,16,False
AI010,Air India,BOM,HYD,2026-04-19 15:00:41.701,2026-04-19 19:48:41.701,04:48:00,288.0,BOM → HYD,2026-04-19,2026-04-19,15,19,False
6F020,IndiGo,BOM,HYD,2026-04-19 14:58:41.701,2026-04-19 16:43:41.701,01:45:00,105.0,BOM → HYD,2026-04-19,2026-04-19,14,16,False
SJ038,SpiceJet,BLR,DEL,2026-04-19 14:57:41.701,2026-04-19 17:46:41.701,02:49:00,169.0,BLR → DEL,2026-04-19,2026-04-19,14,17,False
UK204,Vistara,BLR,DEL,2026-04-19 14:46:41.703,2026-04-19 16:24:41.703,01:38:00,98.0,BLR → DEL,2026-04-19,2026-04-19,14,16,False
AI036,Air India,BOM,CCU,2026-04-19 14:45:41.701,2026-04-19 16:16:41.701,01:31:00,91.0,BOM → CCU,2026-04-19,2026-04-19,14,16,False
AI100,UNKNOWN,CCU,BOM,2026-04-19 14:42:41.702,2026-04-19 18:22:41.702,03:40:00,220.0,CCU → BOM,2026-04-19,2026-04-19,14,18,False
SJ215,SpiceJet,CCU,DEL,2026-04-19 14:37:41.703,2026-04-19 16:12:41.703,01:35:00,95.0,CCU → DEL,2026-04-19,2026-04-19,14,16,False
UK155,Vistara,MAA,HYD,2026-04-19 14:34:41.703,2026-04-19 18:37:41.703,04:03:00,243.0,MAA → HYD,2026-04-19,2026-04-19,14,18,False
SJ173,SpiceJet,CCU,HYD,2026-04-19 14:27:41.703,2026-04-19 16:09:41.703,01:42:00,102.0,CCU → HYD,2026-04-19,2026-04-19,14,16,False
UK179,Vistara,DEL,HYD,2026-04-19 14:25:41.703,2026-04-19 19:15:41.703,04:50:00,290.0,DEL → HYD,2026-04-19,2026-04-19,14,19,False
UK221,Vistara,CCU,DEL,2026-04-19 14:18:41.704,2026-04-19 18:44:41.704,04:26:00,266.0,CCU → DEL,2026-04-19,2026-04-19,14,18,False
UK023,Vistara,DEL,MAA,2026-04-19 14:15:41.701,2026-04-19 19:03:41.701,04:48:00,288.0,DEL → MAA,2026-04-19,2026-04-19,14,19,False
SJ107,SpiceJet,BOM,MAA,2026-04-19 14:10:41.702,2026-04-19 18:38:41.702,04:28:00,268.0,BOM → MAA,2026-04-19,2026-04-19,14,18,False
AI073,Air India,BOM,BLR,2026-04-19 14:08:41.702,2026-04-19 16:10:41.702,02:02:00,122.0,BOM → BLR,2026-04-19,2026-04-19,14,16,False
SJ187,SpiceJet,MAA,BLR,2026-04-19 14:07:41.703,2026-04-19 17:30:41.703,03:23:00,203.0,MAA → BLR,2026-04-19,2026-04-19,14,17,False
UK058,Vistara,MAA,BOM,2026-04-19 13:46:41.701,2026-04-19 17:04:41.701,03:18:00,198.0,MAA → BOM,2026-04-19,2026-04-19,13,17,False
SJ063,SpiceJet,MAA,BOM,2026-04-19 13:38:41.701,2026-04-19 15:23:41.701,01:45:00,105.0,MAA → BOM,2026-04-19,2026-04-19,13,15,False
SJ062,SpiceJet,BLR,HYD,2026-04-19 13:37:41.701,2026-04-19 17:06:41.701,03:29:00,209.0,BLR → HYD,2026-04-19,2026-04-19,13,17,False
UK048,Vistara,MAA,DEL,2026-04-19 13:36:41.701,2026-04-19 18:21:41.701,04:45:00,285.0,MAA → DEL,2026-04-19,2026-04-19,13,18,False
AI181,Air India,MAA,HYD,2026-04-19 13:29:41.703,2026-04-19 16:55:41.703,03:26:00,206.0,MAA → HYD,2026-04-19,2026-04-19,13,16,False
AI003,Air India,BLR,HYD,2026-04-19 13:27:41.701,2026-04-19 16:55:41.701,03:28:00,208.0,BLR → HYD,2026-04-19,2026-04-19,13,16,False
6F041,IndiGo,MAA,BOM,2026-04-19 13:19:41.701,2026-04-19 16:48:41.701,03:29:00,209.0,MAA → BOM,2026-04-19,2026-04-19,13,16,False
6F175,IndiGo,MAA,CCU,2026-04-19 13:18:41.703,2026-04-19 15:13:41.703,01:55:00,115.0,MAA → CCU,2026-04-19,2026-04-19,13,15,False
6F013,IndiGo,BOM,CCU,2026-04-19 13:15:41.701,2026-04-19 18:05:41.701,04:50:00,290.0,BOM → CCU,2026-04-19,2026-04-19,13,18,False
SJ040,SpiceJet,BOM,CCU,2026-04-19 13:12:41.701,2026-04-19 16:44:41.701,03:32:00,212.0,BOM → CCU,2026-04-19,2026-04-19,13,16,False
SJ016,SpiceJet,HYD,CCU,2026-04-19 13:01:41.701,2026-04-19 16:26:41.701,03:25:00,205.0,HYD → CCU,2026-04-19,2026-04-19,13,16,False
6F135,IndiGo,MAA,HYD,2026-04-19 12:59:41.702,2026-04-19 13:45:41.702,00:46:00,46.0,MAA → HYD,2026-04-19,2026-04-19,12,13,False
6F150,IndiGo,HYD,MAA,2026-04-19 12:55:41.703,2026-04-19 16:53:41.703,03:58:00,238.0,HYD → MAA,2026-04-19,2026-04-19,12,16,False
AI083,Air India,DEL,BOM,2026-04-19 12:54:41.702,2026-04-19 13:37:41.702,00:43:00,43.0,DEL → BOM,2026-04-19,2026-04-19,12,13,False
SJ166,SpiceJet,CCU,HYD,2026-04-19 12:51:41.703,2026-04-19 16:18:41.703,03:27:00,207.0,CCU → HYD,2026-04-19,2026-04-19,12,16,False
SJ027,UNKNOWN,BOM,MAA,2026-04-19 12:50:41.701,2026-04-19 17:13:41.701,04:23:00,263.0,BOM → MAA,2026-04-19,2026-04-19,12,17,False
6F134,IndiGo,BLR,MAA,2026-04-19 12:47:41.702,2026-04-19 14:06:41.702,01:19:00,79.0,BLR → MAA,2026-04-19,2026-04-19,12,14,False
UK225,Vistara,MAA,BLR,2026-04-19 12:46:41.704,2026-04-19 15:02:41.704,02:16:00,136.0,MAA → BLR,2026-04-19,2026-04-19,12,15,False
SJ175,SpiceJet,MAA,BLR,2026-04-19 12:46:41.703,2026-04-19 16:50:41.703,04:04:00,244.0,MAA → BLR,2026-04-19,2026-04-19,12,16,False
AI182,Air India,HYD,DEL,2026-04-19 12:41:41.703,2026-04-19 17:14:41.703,04:33:00,273.0,HYD → DEL,2026-04-19,2026-04-19,12,17,False
AI190,Air India,BOM,CCU,2026-04-19 12:38:41.703,2026-04-19 15:56:41.703,03:18:00,198.0,BOM → CCU,2026-04-19,2026-04-19,12,15,False
AI120,Air India,MAA,CCU,2026-04-19 12:12:41.702,2026-04-19 14:18:41.702,02:06:00,126.0,MAA → CCU,2026-04-19,2026-04-19,12,14,False
6F132,IndiGo,MAA,BOM,2026-04-19 12:00:41.702,2026-04-19 13:00:42.000,01:00:00.298000,60.0,MAA → BOM,2026-04-19,2026-04-19,12,13,False
UK102,Vistara,HYD,CCU,2026-04-19 11:58:41.702,2026-04-19 14:01:41.702,02:03:00,123.0,HYD → CCU,2026-04-19,2026-04-19,11,14,False
AI045,Air India,HYD,MAA,2026-04-19 11:58:41.701,2026-04-19 14:37:41.701,02:39:00,159.0,HYD → MAA,2026-04-19,2026-04-19,11,14,False
UK136,Vistara,HYD,CCU,2026-04-19 11:43:41.703,2026-04-19 15:26:41.703,03:43:00,223.0,HYD → CCU,2026-04-19,2026-04-19,11,15,False
SJ238,SpiceJet,MAA,BLR,2026-04-19 11:41:41.704,2026-04-19 15:39:41.704,03:58:00,238.0,MAA → BLR,2026-04-19,2026-04-19,11,15,False
AI193,Air India,MAA,HYD,2026-04-19 11:33:41.703,2026-04-19 16:07:41.703,04:34:00,274.0,MAA → HYD,2026-04-19,2026-04-19,11,16,False
6F001,IndiGo,HYD,BOM,2026-04-19 11:33:41.700,2026-04-19 13:08:41.700,01:35:00,95.0,HYD → BOM,2026-04-19,2026-04-19,11,13,False
6F211,IndiGo,MAA,BLR,2026-04-19 11:29:41.703,2026-04-19 16:20:41.703,04:51:00,291.0,MAA → BLR,2026-04-19,2026-04-19,11,16,False
SJ199,SpiceJet,HYD,BOM,2026-04-19 11:29:41.703,2026-04-19 13:59:41.703,02:30:00,150.0,HYD → BOM,2026-04-19,2026-04-19,11,13,False
SJ050,SpiceJet,HYD,CCU,2026-04-19 11:24:41.701,2026-04-19 12:03:41.701,00:39:00,39.0,HYD → CCU,2026-04-19,2026-04-19,11,12,False
UK115,Vistara,BLR,BOM,2026-04-19 11:20:41.702,2026-04-19 13:20:42.000,02:00:00.298000,120.0,BLR → BOM,2026-04-19,2026-04-19,11,13,False
AI037,UNKNOWN,BOM,BLR,2026-04-19 11:14:41.701,2026-04-19 15:13:41.701,03:59:00,239.0,BOM → BLR,2026-04-19,2026-04-19,11,15,False
6F235,IndiGo,HYD,MAA,2026-04-19 11:06:41.704,2026-04-19 13:51:41.704,02:45:00,165.0,HYD → MAA,2026-04-19,2026-04-19,11,13,False
UK111,Vistara,MAA,BLR,2026-04-19 11:06:41.702,2026-04-19 12:20:41.702,01:14:00,74.0,MAA → BLR,2026-04-19,2026-04-19,11,12,False
6F005,IndiGo,BOM,MAA,2026-04-19 11:04:41.701,2026-04-19 15:27:41.701,04:23:00,263.0,BOM → MAA,2026-04-19,2026-04-19,11,15,False
AI198,Air India,CCU,MAA,2026-04-19 10:56:41.703,2026-04-19 14:19:41.703,03:23:00,203.0,CCU → MAA,2026-04-19,2026-04-19,10,14,False
UK184,Vistara,MAA,HYD,2026-04-19 10:49:41.703,2026-04-19 13:00:41.703,02:11:00,131.0,MAA → HYD,2026-04-19,2026-04-19,10,13,False
6F219,IndiGo,MAA,DEL,2026-04-19 10:32:41.704,2026-04-19 14:37:41.704,04:05:00,245.0,MAA → DEL,2026-04-19,2026-04-19,10,14,False
UK066,Vistara,BOM,CCU,2026-04-19 10:29:41.701,2026-04-19 12:07:41.701,01:38:00,98.0,BOM → CCU,2026-04-19,2026-04-19,10,12,False
6F220,IndiGo,HYD,BOM,2026-04-19 10:27:41.704,2026-04-19 11:25:41.704,00:58:00,58.0,HYD → BOM,2026-04-19,2026-04-19,10,11,False
AI180,Air India,BOM,CCU,2026-04-19 10:19:41.703,2026-04-19 11:00:41.703,00:41:00,41.0,BOM → CCU,2026-04-19,2026-04-19,10,11,False
6F098,IndiGo,BLR,MAA,2026-04-19 10:18:41.702,2026-04-19 12:49:41.702,02:31:00,151.0,BLR → MAA,2026-04-19,2026-04-19,10,12,False
AI141,Air India,BLR,DEL,2026-04-19 10:16:41.702,2026-04-19 14:53:41.702,04:37:00,277.0,BLR → DEL,2026-04-19,2026-04-19,10,14,False
SJ170,SpiceJet,BLR,BOM,2026-04-19 10:11:41.703,2026-04-19 11:56:41.703,01:45:00,105.0,BLR → BOM,2026-04-19,2026-04-19,10,11,False
SJ178,SpiceJet,BOM,HYD,2026-04-19 09:58:41.703,2026-04-19 12:27:41.703,02:29:00,149.0,BOM → HYD,2026-04-19,2026-04-19,9,12,False
6F172,IndiGo,BOM,BLR,2026-04-19 09:53:41.703,2026-04-19 14:46:41.703,04:53:00,293.0,BOM → BLR,2026-04-19,2026-04-19,9,14,False
UK220,Vistara,BLR,BOM,2026-04-19 09:51:41.704,2026-04-19 13:25:41.704,03:34:00,214.0,BLR → BOM,2026-04-19,2026-04-19,9,13,False
SJ148,SpiceJet,DEL,BLR,2026-04-19 09:51:41.702,2026-04-19 13:41:41.702,03:50:00,230.0,DEL → BLR,2026-04-19,2026-04-19,9,13,False
UK065,Vistara,BOM,CCU,2026-04-19 09:38:41.701,2026-04-19 13:46:41.701,04:08:00,248.0,BOM → CCU,2026-04-19,2026-04-19,9,13,False
6F243,IndiGo,BOM,HYD,2026-04-19 09:37:41.704,2026-04-19 10:33:41.704,00:56:00,56.0,BOM → HYD,2026-04-19,2026-04-19,9,10,False
SJ193,SpiceJet,CCU,DEL,2026-04-19 09:37:41.703,2026-04-19 12:16:41.703,02:39:00,159.0,CCU → DEL,2026-04-19,2026-04-19,9,12,False
UK056,Vistara,HYD,MAA,2026-04-19 09:29:41.701,2026-04-19 10:15:41.701,00:46:00,46.0,HYD → MAA,2026-04-19,2026-04-19,9,10,False
AI219,UNKNOWN,BLR,DEL,2026-04-19 09:28:41.703,2026-04-19 11:27:41.703,01:59:00,119.0,BLR → DEL,2026-04-19,2026-04-19,9,11,False
SJ073,SpiceJet,CCU,BLR,2026-04-19 09:26:41.701,2026-04-19 11:14:41.701,01:48:00,108.0,CCU → BLR,2026-04-19,2026-04-19,9,11,False
6F052,IndiGo,BOM,CCU,2026-04-19 09:13:41.701,2026-04-19 12:02:41.701,02:49:00,169.0,BOM → CCU,2026-04-19,2026-04-19,9,12,False
SJ201,SpiceJet,BLR,DEL,2026-04-19 09:10:41.703,2026-04-19 11:12:41.703,02:02:00,122.0,BLR → DEL,2026-04-19,2026-04-19,9,11,False
UK028,Vistara,HYD,MAA,2026-04-19 09:02:41.701,2026-04-19 10:37:41.701,01:35:00,95.0,HYD → MAA,2026-04-19,2026-04-19,9,10,False
SJ119,SpiceJet,BOM,CCU,2026-04-19 08:53:41.702,2026-04-19 11:29:41.702,02:36:00,156.0,BOM → CCU,2026-04-19,2026-04-19,8,11,False
AI165,Air India,DEL,CCU,2026-04-19 08:51:41.703,2026-04-19 10:31:41.703,01:40:00,100.0,DEL → CCU,2026-04-19,2026-04-19,8,10,False
AI255,Air India,MAA,CCU,2026-04-19 08:45:41.704,2026-04-19 13:12:41.704,04:27:00,267.0,MAA → CCU,2026-04-19,2026-04-19,8,13,False
AI202,Air India,HYD,BLR,2026-04-19 08:44:41.703,2026-04-19 10:53:41.703,02:09:00,129.0,HYD → BLR,2026-04-19,2026-04-19,8,10,False
SJ039,SpiceJet,MAA,BOM,2026-04-19 08:41:41.701,2026-04-19 12:08:41.701,03:27:00,207.0,MAA → BOM,2026-04-19,2026-04-19,8,12,False
SJ051,UNKNOWN,BOM,BLR,2026-04-19 08:40:41.701,2026-04-19 12:18:41.701,03:38:00,218.0,BOM → BLR,2026-04-19,2026-04-19,8,12,False
UK024,Vistara,MAA,BLR,2026-04-19 08:29:41.701,2026-04-19 13:29:41.701,05:00:00,300.0,MAA → BLR,2026-04-19,2026-04-19,8,13,False
SJ006,SpiceJet,HYD,BLR,2026-04-19 08:25:41.701,2026-04-19 08:57:41.701,00:32:00,32.0,HYD → BLR,2026-04-19,2026-04-19,8,8,False
AI207,Air India,BOM,MAA,2026-04-19 08:24:41.703,2026-04-19 11:23:41.703,02:59:00,179.0,BOM → MAA,2026-04-19,2026-04-19,8,11,False
SJ168,SpiceJet,CCU,BOM,2026-04-19 08:17:41.703,2026-04-19 12:29:41.703,04:12:00,252.0,CCU → BOM,2026-04-19,2026-04-19,8,12,False
AI028,Air India,HYD,BOM,2026-04-19 07:53:41.701,2026-04-19 08:35:41.701,00:42:00,42.0,HYD → BOM,2026-04-19,2026-04-19,7,8,False
6F094,IndiGo,BLR,BOM,2026-04-19 07:37:41.702,2026-04-19 09:06:41.702,01:29:00,89.0,BLR → BOM,2026-04-19,2026-04-19,7,9,False
6F024,IndiGo,BOM,DEL,2026-04-19 07:31:41.701,2026-04-19 11:17:41.701,03:46:00,226.0,BOM → DEL,2026-04-19,2026-04-19,7,11,False
6F061,IndiGo,MAA,BOM,2026-04-19 07:28:41.701,2026-04-19 08:09:41.701,00:41:00,41.0,MAA → BOM,2026-04-19,2026-04-19,7,8,False
AI032,Air India,MAA,BLR,2026-04-19 07:26:41.701,2026-04-19 09:26:42.000,02:00:00.299000,120.0,MAA → BLR,2026-04-19,2026-04-19,7,9,False
UK163,Vistara,DEL,HYD,2026-04-19 07:22:41.703,2026-04-19 09:04:41.703,01:42:00,102.0,DEL → HYD,2026-04-19,2026-04-19,7,9,False
SJ067,SpiceJet,MAA,BLR,2026-04-19 07:17:41.701,2026-04-19 08:16:41.701,00:59:00,59.0,MAA → BLR,2026-04-19,2026-04-19,7,8,False
SJ106,SpiceJet,CCU,DEL,2026-04-19 07:16:41.702,2026-04-19 09:40:41.702,02:24:00,144.0,CCU → DEL,2026-04-19,2026-04-19,7,9,False
AI086,Air India,CCU,HYD,2026-04-19 07:13:41.702,2026-04-19 10:09:41.702,02:56:00,176.0,CCU → HYD,2026-04-19,2026-04-19,7,10,False
6F263,UNKNOWN,DEL,HYD,2026-04-19 07:07:41.703,2026-04-19 08:30:41.703,01:23:00,83.0,DEL → HYD,2026-04-19,2026-04-19,7,8,False
6F163,IndiGo,MAA,BOM,2026-04-19 06:49:41.703,2026-04-19 10:46:41.703,03:57:00,237.0,MAA → BOM,2026-04-19,2026-04-19,6,10,False
SJ064,SpiceJet,CCU,DEL,2026-04-19 06:29:41.701,2026-04-19 08:43:41.701,02:14:00,134.0,CCU → DEL,2026-04-19,2026-04-19,6,8,False
UK118,Vistara,HYD,BLR,2026-04-19 06:22:41.702,2026-04-19 07:22:42.000,01:00:00.298000,60.0,HYD → BLR,2026-04-19,2026-04-19,6,7,False
UK022,Vistara,DEL,HYD,2026-04-19 06:22:41.701,2026-04-19 10:59:41.701,04:37:00,277.0,DEL → HYD,2026-04-19,2026-04-19,6,10,False
UK099,Vistara,BOM,MAA,2026-04-19 06:16:41.702,2026-04-19 10:24:41.702,04:08:00,248.0,BOM → MAA,2026-04-19,2026-04-19,6,10,False
6F212,IndiGo,BLR,CCU,2026-04-19 06:10:41.703,2026-04-19 10:52:41.703,04:42:00,282.0,BLR → CCU,2026-04-19,2026-04-19,6,10,False
AI023,Air India,HYD,BLR,2026-04-19 06:10:41.701,2026-04-19 09:35:41.701,03:25:00,205.0,HYD → BLR,2026-04-19,2026-04-19,6,9,False
SJ245,SpiceJet,BOM,DEL,2026-04-19 06:07:41.704,2026-04-19 09:39:41.704,03:32:00,212.0,BOM → DEL,2026-04-19,2026-04-19,6,9,False
6F066,IndiGo,BLR,HYD,2026-04-19 06:07:41.701,2026-04-19 07:43:41.701,01:36:00,96.0,BLR → HYD,2026-04-19,2026-04-19,6,7,False
AI138,Air India,DEL,CCU,2026-04-19 05:50:41.702,2026-04-19 06:40:41.702,00:50:00,50.0,DEL → CCU,2026-04-19,2026-04-19,5,6,False
SJ021,SpiceJet,HYD,BLR,2026-04-19 05:48:41.701,2026-04-19 09:46:41.701,03:58:00,238.0,HYD → BLR,2026-04-19,2026-04-19,5,9,False
SJ136,SpiceJet,HYD,BLR,2026-04-19 05:45:41.702,2026-04-19 08:04:41.702,02:19:00,139.0,HYD → BLR,2026-04-19,2026-04-19,5,8,False
AI148,Air India,HYD,MAA,2026-04-19 05:41:41.703,2026-04-19 08:32:41.703,02:51:00,171.0,HYD → MAA,2026-04-19,2026-04-19,5,8,False
SJ014,SpiceJet,BOM,HYD,2026-04-19 05:40:41.701,2026-04-19 06:39:41.701,00:59:00,59.0,BOM → HYD,2026-04-19,2026-04-19,5,6,False
6F104,IndiGo,CCU,BOM,2026-04-19 05:39:41.702,2026-04-19 06:14:41.702,00:35:00,35.0,CCU → BOM,2026-04-19,2026-04-19,5,6,False
SJ121,SpiceJet,CCU,DEL,2026-04-19 05:32:41.702,2026-04-19 06:47:41.702,01:15:00,75.0,CCU → DEL,2026-04-19,2026-04-19,5,6,False
UK174,Vistara,CCU,DEL,2026-04-19 05:27:41.703,2026-04-19 07:47:41.703,02:20:00,140.0,CCU → DEL,2026-04-19,2026-04-19,5,7,False
AI033,Air India,MAA,CCU,2026-04-19 05:25:41.701,2026-04-19 10:21:41.701,04:56:00,296.0,MAA → CCU,2026-04-19,2026-04-19,5,10,False
SJ122,SpiceJet,CCU,BOM,2026-04-19 05:22:41.702,2026-04-19 10:09:41.702,04:47:00,287.0,CCU → BOM,2026-04-19,2026-04-19,5,10,False
UK095,Vistara,BOM,MAA,2026-04-19 05:22:41.702,2026-04-19 07:36:41.702,02:14:00,134.0,BOM → MAA,2026-04-19,2026-04-19,5,7,False
SJ026,SpiceJet,CCU,MAA,2026-04-19 05:22:41.701,2026-04-19 09:40:41.701,04:18:00,258.0,CCU → MAA,2026-04-19,2026-04-19,5,9,False
6F221,IndiGo,MAA,DEL,2026-04-19 05:20:41.704,2026-04-19 08:52:41.704,03:32:00,212.0,MAA → DEL,2026-04-19,2026-04-19,5,8,False
SJ103,SpiceJet,MAA,BLR,2026-04-19 05:16:41.702,2026-04-19 08:56:41.702,03:40:00,220.0,MAA → BLR,2026-04-19,2026-04-19,5,8,False
SJ011,SpiceJet,BOM,MAA,2026-04-19 05:14:41.701,2026-04-19 09:59:41.701,04:45:00,285.0,BOM → MAA,2026-04-19,2026-04-19,5,9,False
AI002,Air India,HYD,BLR,2026-04-19 05:12:41.700,2026-04-19 07:12:41.700,02:00:00,120.0,HYD → BLR,2026-04-19,2026-04-19,5,7,False
AI046,UNKNOWN,DEL,BOM,2026-04-19 05:09:41.701,2026-04-19 08:00:41.701,02:51:00,171.0,DEL → BOM,2026-04-19,2026-04-19,5,8,False
SJ053,SpiceJet,CCU,DEL,2026-04-19 05:00:41.701,2026-04-19 06:38:41.701,01:38:00,98.0,CCU → DEL,2026-04-19,2026-04-19,5,6,False
AI236,Air India,DEL,BOM,2026-04-19 04:52:41.704,2026-04-19 09:11:41.704,04:19:00,259.0,DEL → BOM,2026-04-19,2026-04-19,4,9,False
AI254,Air India,CCU,HYD,2026-04-19 04:46:41.704,2026-04-19 08:06:41.704,03:20:00,200.0,CCU → HYD,2026-04-19,2026-04-19,4,8,False
6F063,IndiGo,DEL,HYD,2026-04-19 04:42:41.701,2026-04-19 07:31:41.701,02:49:00,169.0,DEL → HYD,2026-04-19,2026-04-19,4,7,False
6F115,IndiGo,MAA,BLR,2026-04-19 04:41:41.702,2026-04-19 06:23:41.702,01:42:00,102.0,MAA → BLR,2026-04-19,2026-04-19,4,6,False
UK070,Vistara,BOM,DEL,2026-04-19 04:36:41.701,2026-04-19 06:49:41.701,02:13:00,133.0,BOM → DEL,2026-04-19,2026-04-19,4,6,False
SJ147,SpiceJet,BLR,CCU,2026-04-19 04:30:41.702,2026-04-19 08:52:41.702,04:22:00,262.0,BLR → CCU,2026-04-19,2026-04-19,4,8,False
UK201,Vistara,HYD,BOM,2026-04-19 04:29:41.703,2026-04-19 06:42:41.703,02:13:00,133.0,HYD → BOM,2026-04-19,2026-04-19,4,6,False
SJ234,SpiceJet,BLR,CCU,2026-04-19 04:20:41.704,2026-04-19 06:23:41.704,02:03:00,123.0,BLR → CCU,2026-04-19,2026-04-19,4,6,False
AI176,Air India,BLR,DEL,2026-04-19 04:20:41.703,2026-04-19 06:25:41.703,02:05:00,125.0,BLR → DEL,2026-04-19,2026-04-19,4,6,False
SJ045,SpiceJet,DEL,MAA,2026-04-19 04:16:41.701,2026-04-19 09:03:41.701,04:47:00,287.0,DEL → MAA,2026-04-19,2026-04-19,4,9,False
SJ174,SpiceJet,CCU,DEL,2026-04-19 04:09:41.703,2026-04-19 05:04:41.703,00:55:00,55.0,CCU → DEL,2026-04-19,2026-04-19,4,5,False
AI007,Air India,MAA,DEL,2026-04-19 04:01:41.701,2026-04-19 06:01:42.000,02:00:00.299000,120.0,MAA → DEL,2026-04-19,2026-04-19,4,6,False
AI143,Air India,CCU,DEL,2026-04-19 03:58:41.702,2026-04-19 04:36:41.702,00:38:00,38.0,CCU → DEL,2026-04-19,2026-04-19,3,4,False
SJ241,SpiceJet,DEL,HYD,2026-04-19 03:57:41.704,2026-04-19 06:36:41.704,02:39:00,159.0,DEL → HYD,2026-04-19,2026-04-19,3,6,False
AI020,UNKNOWN,BOM,BLR,2026-04-19 03:53:41.701,2026-04-19 06:21:41.701,02:28:00,148.0,BOM → BLR,2026-04-19,2026-04-19,3,6,False
UK031,Vistara,CCU,DEL,2026-04-19 03:45:41.701,2026-04-19 07:20:41.701,03:35:00,215.0,CCU → DEL,2026-04-19,2026-04-19,3,7,False
AI013,Air India,HYD,BLR,2026-04-19 03:41:41.701,2026-04-19 04:58:41.701,01:17:00,77.0,HYD → BLR,2026-04-19,2026-04-19,3,4,False
AI249,Air India,BLR,HYD,2026-04-19 03:38:41.704,2026-04-19 06:27:41.704,02:49:00,169.0,BLR → HYD,2026-04-19,2026-04-19,3,6,False
UK046,Vistara,CCU,DEL,2026-04-19 03:37:41.701,2026-04-19 06:05:41.701,02:28:00,148.0,CCU → DEL,2026-04-19,2026-04-19,3,6,False
UK168,Vistara,BLR,CCU,2026-04-19 03:20:41.703,2026-04-19 04:09:41.703,00:49:00,49.0,BLR → CCU,2026-04-19,2026-04-19,3,4,False
AI022,Air India,BOM,MAA,2026-04-19 03:15:41.701,2026-04-19 05:10:41.701,01:55:00,115.0,BOM → MAA,2026-04-19,2026-04-19,3,5,False
UK218,Vistara,MAA,BLR,2026-04-19 03:12:41.704,2026-04-19 07:22:41.704,04:10:00,250.0,MAA → BLR,2026-04-19,2026-04-19,3,7,False
UK142,Vistara,BLR,DEL,2026-04-19 03:03:41.703,2026-04-19 07:13:41.703,04:10:00,250.0,BLR → DEL,2026-04-19,2026-04-19,3,7,False
6F067,IndiGo,MAA,BLR,2026-04-19 02:59:41.701,2026-04-19 06:02:41.701,03:03:00,183.0,MAA → BLR,2026-04-19,2026-04-19,2,6,False
SJ217,SpiceJet,BOM,CCU,2026-04-19 02:57:41.703,2026-04-19 06:04:41.703,03:07:00,187.0,BOM → CCU,2026-04-19,2026-04-19,2,6,False
SJ143,SpiceJet,DEL,BOM,2026-04-19 02:55:41.702,2026-04-19 03:52:41.702,00:57:00,57.0,DEL → BOM,2026-04-19,2026-04-19,2,3,False
AI243,UNKNOWN,BLR,BOM,2026-04-19 02:50:41.704,2026-04-19 05:09:41.704,02:19:00,139.0,BLR → BOM,2026-04-19,2026-04-19,2,5,False
SJ246,SpiceJet,BOM,DEL,2026-04-19 02:47:41.704,2026-04-19 03:47:42.000,01:00:00.296000,60.0,BOM → DEL,2026-04-19,2026-04-19,2,3,False
6F170,IndiGo,HYD,DEL,2026-04-19 02:44:41.703,2026-04-19 04:14:41.703,01:30:00,90.0,HYD → DEL,2026-04-19,2026-04-19,2,4,False
UK157,Vistara,CCU,BOM,2026-04-19 02:41:41.703,2026-04-19 03:41:42.000,01:00:00.297000,60.0,CCU → BOM,2026-04-19,2026-04-19,2,3,False
UK172,Vistara,DEL,BOM,2026-04-19 02:20:41.703,2026-04-19 05:21:41.703,03:01:00,181.0,DEL → BOM,2026-04-19,2026-04-19,2,5,False
SJ139,SpiceJet,DEL,BLR,2026-04-19 02:20:41.702,2026-04-19 06:02:41.702,03:42:00,222.0,DEL → BLR,2026-04-19,2026-04-19,2,6,False
UK085,Vistara,MAA,DEL,2026-04-19 02:15:41.702,2026-04-19 03:17:41.702,01:02:00,62.0,MAA → DEL,2026-04-19,2026-04-19,2,3,False
6F079,IndiGo,MAA,HYD,2026-04-19 02:14:41.702,2026-04-19 06:18:41.702,04:04:00,244.0,MAA → HYD,2026-04-19,2026-04-19,2,6,False
SJ032,SpiceJet,MAA,BOM,2026-04-19 02:11:41.701,2026-04-19 04:33:41.701,02:22:00,142.0,MAA → BOM,2026-04-19,2026-04-19,2,4,False
6F182,IndiGo,BOM,CCU,2026-04-19 02:10:41.703,2026-04-19 04:18:41.703,02:08:00,128.0,BOM → CCU,2026-04-19,2026-04-19,2,4,False
AI106,Air India,HYD,BLR,2026-04-19 02:07:41.702,2026-04-19 03:20:41.702,01:13:00,73.0,HYD → BLR,2026-04-19,2026-04-19,2,3,False
AI200,Air India,HYD,MAA,2026-04-19 02:05:41.703,2026-04-19 05:29:41.703,03:24:00,204.0,HYD → MAA,2026-04-19,2026-04-19,2,5,False
6F142,IndiGo,CCU,MAA,2026-04-19 02:05:41.702,2026-04-19 06:04:41.702,03:59:00,239.0,CCU → MAA,2026-04-19,2026-04-19,2,6,False
SJ079,SpiceJet,HYD,DEL,2026-04-19 01:58:41.702,2026-04-19 05:02:41.702,03:04:00,184.0,HYD → DEL,2026-04-19,2026-04-19,1,5,False
SJ082,SpiceJet,BOM,DEL,2026-04-19 01:54:41.702,2026-04-19 02:33:41.702,00:39:00,39.0,BOM → DEL,2026-04-19,2026-04-19,1,2,False
SJ110,SpiceJet,CCU,DEL,2026-04-19 01:47:41.702,2026-04-19 02:20:41.702,00:33:00,33.0,CCU → DEL,2026-04-19,2026-04-19,1,2,False
6F262,UNKNOWN,MAA,DEL,2026-04-19 01:44:41.702,2026-04-19 02:47:41.702,01:03:00,63.0,MAA → DEL,2026-04-19,2026-04-19,1,2,False
UK143,Vistara,BLR,BOM,2026-04-19 01:34:41.703,2026-04-19 02:48:41.703,01:14:00,74.0,BLR → BOM,2026-04-19,2026-04-19,1,2,False
6F269,UNKNOWN,HYD,MAA,2026-04-19 01:30:41.702,2026-04-19 02:52:41.702,01:22:00,82.0,HYD → MAA,2026-04-19,2026-04-19,1,2,False
6F214,IndiGo,BOM,CCU,2026-04-19 01:21:41.703,2026-04-19 05:20:41.703,03:59:00,239.0,BOM → CCU,2026-04-19,2026-04-19,1,5,False
SJ213,SpiceJet,BOM,CCU,2026-04-19 01:19:41.703,2026-04-19 04:48:41.703,03:29:00,209.0,BOM → CCU,2026-04-19,2026-04-19,1,4,False
SJ072,SpiceJet,DEL,HYD,2026-04-19 01:18:41.701,2026-04-19 04:08:41.701,02:50:00,170.0,DEL → HYD,2026-04-19,2026-04-19,1,4,False
6F059,IndiGo,BOM,DEL,2026-04-19 01:12:41.701,2026-04-19 06:02:41.701,04:50:00,290.0,BOM → DEL,2026-04-19,2026-04-19,1,6,False
UK202,Vistara,DEL,HYD,2026-04-19 01:11:41.703,2026-04-19 05:37:41.703,04:26:00,266.0,DEL → HYD,2026-04-19,2026-04-19,1,5,False
UK037,Vistara,BLR,BOM,2026-04-19 01:10:41.701,2026-04-19 05:12:41.701,04:02:00,242.0,BLR → BOM,2026-04-19,2026-04-19,1,5,False
UK069,Vistara,CCU,DEL,2026-04-19 01:10:41.701,2026-04-19 03:23:41.701,02:13:00,133.0,CCU → DEL,2026-04-19,2026-04-19,1,3,False
SJ118,SpiceJet,DEL,BOM,2026-04-19 01:08:41.702,2026-04-19 02:33:41.702,01:25:00,85.0,DEL → BOM,2026-04-19,2026-04-19,1,2,False
6F145,IndiGo,CCU,DEL,2026-04-19 01:02:41.703,2026-04-19 02:18:41.703,01:16:00,76.0,CCU → DEL,2026-04-19,2026-04-19,1,2,False
UK097,Vistara,HYD,BOM,2026-04-19 00:49:41.702,2026-04-19 05:00:41.702,04:11:00,251.0,HYD → BOM,2026-04-19,2026-04-19,0,5,False
6F117,IndiGo,CCU,DEL,2026-04-19 00:46:41.702,2026-04-19 01:51:41.702,01:05:00,65.0,CCU → DEL,2026-04-19,2026-04-19,0,1,False
6F226,IndiGo,DEL,BOM,2026-04-19 00:38:41.704,2026-04-19 02:55:41.704,02:17:00,137.0,DEL → BOM,2026-04-19,2026-04-19,0,2,False
6F050,IndiGo,DEL,BOM,2026-04-19 00:35:41.701,2026-04-19 04:32:41.701,03:57:00,237.0,DEL → BOM,2026-04-19,2026-04-19,0,4,False
UK196,Vistara,BOM,HYD,2026-04-19 00:32:41.703,2026-04-19 04:49:41.703,04:17:00,257.0,BOM → HYD,2026-04-19,2026-04-19,0,4,False
SJ086,SpiceJet,CCU,DEL,2026-04-19 00:32:41.702,2026-04-19 04:17:41.702,03:45:00,225.0,CCU → DEL,2026-04-19,2026-04-19,0,4,False
AI134,Air India,HYD,BOM,2026-04-19 00:28:41.702,2026-04-19 04:23:41.702,03:55:00,235.0,HYD → BOM,2026-04-19,2026-04-19,0,4,False
AI043,Air India,CCU,DEL,2026-04-19 00:28:41.701,2026-04-19 04:37:41.701,04:09:00,249.0,CCU → DEL,2026-04-19,2026-04-19,0,4,False
UK119,Vistara,BOM,CCU,2026-04-19 00:21:41.702,2026-04-19 04:38:41.702,04:17:00,257.0,BOM → CCU,2026-04-19,2026-04-19,0,4,False
SJ181,SpiceJet,BOM,BLR,2026-04-19 00:20:41.703,2026-04-19 01:49:41.703,01:29:00,89.0,BOM → BLR,2026-04-19,2026-04-19,0,1,False
AI070,Air India,CCU,DEL,2026-04-19 00:05:41.702,2026-04-19 01:44:41.702,01:39:00,99.0,CCU → DEL,2026-04-19,2026-04-19,0,1,False
6F233,IndiGo,BLR,BOM,2026-04-18 23:56:41.704,2026-04-19 03:53:41.704,03:57:00,237.0,BLR → BOM,2026-04-18,2026-04-19,23,3,True
UK013,Vistara,BOM,MAA,2026-04-18 23:52:41.701,2026-04-19 02:52:41.701,03:00:00,180.0,BOM → MAA,2026-04-18,2026-04-19,23,2,True
6F015,IndiGo,BOM,CCU,2026-04-18 23:39:41.701,2026-04-19 02:27:41.701,02:48:00,168.0,BOM → CCU,2026-04-18,2026-04-19,23,2,True
SJ247,SpiceJet,DEL,BOM,2026-04-18 23:38:41.704,2026-04-19 03:43:41.704,04:05:00,245.0,DEL → BOM,2026-04-18,2026-04-19,23,3,True
AI067,Air India,HYD,DEL,2026-04-18 23:36:41.701,2026-04-19 03:09:41.701,03:33:00,213.0,HYD → DEL,2026-04-18,2026-04-19,23,3,True
AI211,Air India,DEL,CCU,2026-04-18 23:34:41.703,2026-04-19 01:21:41.703,01:47:00,107.0,DEL → CCU,2026-04-18,2026-04-19,23,1,True
UK029,Vistara,DEL,BOM,2026-04-18 23:26:41.701,2026-04-19 02:15:41.701,02:49:00,169.0,DEL → BOM,2026-04-18,2026-04-19,23,2,True
SJ200,SpiceJet,BOM,DEL,2026-04-18 23:24:41.703,2026-04-19 02:11:41.703,02:47:00,167.0,BOM → DEL,2026-04-18,2026-04-19,23,2,True
6F087,IndiGo,DEL,HYD,2026-04-18 23:24:41.702,2026-04-19 03:10:41.702,03:46:00,226.0,DEL → HYD,2026-04-18,2026-04-19,23,3,True
SJ210,SpiceJet,HYD,CCU,2026-04-18 23:21:41.703,2026-04-19 02:54:41.703,03:33:00,213.0,HYD → CCU,2026-04-18,2026-04-19,23,2,True
AI101,Air India,DEL,BLR,2026-04-18 23:20:41.702,2026-04-19 02:23:41.702,03:03:00,183.0,DEL → BLR,2026-04-18,2026-04-19,23,2,True
UK075,Vistara,MAA,CCU,2026-04-18 23:15:41.702,2026-04-19 03:54:41.702,04:39:00,279.0,MAA → CCU,2026-04-18,2026-04-19,23,3,True
SJ091,SpiceJet,BLR,CCU,2026-04-18 23:10:41.702,2026-04-19 00:47:41.702,01:37:00,97.0,BLR → CCU,2026-04-18,2026-04-19,23,0,True
AI251,Air India,MAA,DEL,2026-04-18 22:40:41.704,2026-04-18 23:24:41.704,00:44:00,44.0,MAA → DEL,2026-04-18,2026-04-18,22,23,False
SJ042,SpiceJet,HYD,CCU,2026-04-18 22:38:41.701,2026-04-19 02:20:41.701,03:42:00,222.0,HYD → CCU,2026-04-18,2026-04-19,22,2,True
UK126,Vistara,CCU,DEL,2026-04-18 22:37:41.702,2026-04-19 00:03:41.702,01:26:00,86.0,CCU → DEL,2026-04-18,2026-04-19,22,0,True
6F042,IndiGo,HYD,DEL,2026-04-18 22:35:41.701,2026-04-19 02:41:41.701,04:06:00,246.0,HYD → DEL,2026-04-18,2026-04-19,22,2,True
AI116,Air India,CCU,BOM,2026-04-18 22:30:41.702,2026-04-19 01:57:41.702,03:27:00,207.0,CCU → BOM,2026-04-18,2026-04-19,22,1,True
SJ209,SpiceJet,BLR,BOM,2026-04-18 22:22:41.703,2026-04-19 02:03:41.703,03:41:00,221.0,BLR → BOM,2026-04-18,2026-04-19,22,2,True
AI123,Air India,MAA,BOM,2026-04-18 22:19:41.702,2026-04-19 00:45:41.702,02:26:00,146.0,MAA → BOM,2026-04-18,2026-04-19,22,0,True
6F016,IndiGo,HYD,BOM,2026-04-18 22:18:41.701,2026-04-18 22:54:41.701,00:36:00,36.0,HYD → BOM,2026-04-18,2026-04-18,22,22,False
UK012,Vistara,MAA,BOM,2026-04-18 22:16:41.701,2026-04-19 00:25:41.701,02:09:00,129.0,MAA → BOM,2026-04-18,2026-04-19,22,0,True
SJ188,SpiceJet,BLR,BOM,2026-04-18 22:15:41.703,2026-04-18 22:55:41.703,00:40:00,40.0,BLR → BOM,2026-04-18,2026-04-18,22,22,False
UK096,Vistara,BLR,HYD,2026-04-18 22:11:41.702,2026-04-19 00:06:41.702,01:55:00,115.0,BLR → HYD,2026-04-18,2026-04-19,22,0,True
SJ046,SpiceJet,BOM,MAA,2026-04-18 22:01:41.701,2026-04-19 01:25:41.701,03:24:00,204.0,BOM → MAA,2026-04-18,2026-04-19,22,1,True
UK081,UNKNOWN,BLR,DEL,2026-04-18 22:00:41.702,2026-04-18 23:00:41.702,01:00:00,60.0,BLR → DEL,2026-04-18,2026-04-18,22,23,False
UK191,Vistara,MAA,BLR,2026-04-18 21:51:41.703,2026-04-18 22:57:41.703,01:06:00,66.0,MAA → BLR,2026-04-18,2026-04-18,21,22,False
6F064,IndiGo,CCU,DEL,2026-04-18 21:45:41.701,2026-04-18 22:50:41.701,01:05:00,65.0,CCU → DEL,2026-04-18,2026-04-18,21,22,False
AI005,Air India,DEL,CCU,2026-04-18 21:24:41.701,2026-04-18 22:11:41.701,00:47:00,47.0,DEL → CCU,2026-04-18,2026-04-18,21,22,False
6F021,IndiGo,BLR,MAA,2026-04-18 21:23:41.701,2026-04-19 01:25:41.701,04:02:00,242.0,BLR → MAA,2026-04-18,2026-04-19,21,1,True
AI169,Air India,CCU,DEL,2026-04-18 21:21:41.703,2026-04-19 01:34:41.703,04:13:00,253.0,CCU → DEL,2026-04-18,2026-04-19,21,1,True
UK035,Vistara,HYD,BOM,2026-04-18 21:08:41.701,2026-04-18 22:24:41.701,01:16:00,76.0,HYD → BOM,2026-04-18,2026-04-18,21,22,False
AI040,Air India,HYD,BLR,2026-04-18 21:01:41.701,2026-04-18 22:42:41.701,01:41:00,101.0,HYD → BLR,2026-04-18,2026-04-18,21,22,False
UK042,Vistara,MAA,BOM,2026-04-18 20:59:41.701,2026-04-19 01:38:41.701,04:39:00,279.0,MAA → BOM,2026-04-18,2026-04-19,20,1,True
SJ171,SpiceJet,DEL,HYD,2026-04-18 20:52:41.703,2026-04-18 23:52:41.703,03:00:00,180.0,DEL → HYD,2026-04-18,2026-04-18,20,23,False
AI250,UNKNOWN,BOM,CCU,2026-04-18 20:48:41.704,2026-04-19 00:12:41.704,03:24:00,204.0,BOM → CCU,2026-04-18,2026-04-19,20,0,True
SJ195,SpiceJet,BOM,CCU,2026-04-18 20:41:41.703,2026-04-18 23:54:41.703,03:13:00,193.0,BOM → CCU,2026-04-18,2026-04-18,20,23,False
UK211,Vistara,MAA,CCU,2026-04-18 20:39:41.704,2026-04-18 22:02:41.704,01:23:00,83.0,MAA → CCU,2026-04-18,2026-04-18,20,22,False
UK122,Vistara,HYD,CCU,2026-04-18 20:29:42.000,2026-04-18 23:29:42.000,03:00:00,180.0,HYD → CCU,2026-04-18,2026-04-18,20,23,False
AI136,Air India,BLR,DEL,2026-04-18 20:29:41.702,2026-04-18 23:48:41.702,03:19:00,199.0,BLR → DEL,2026-04-18,2026-04-18,20,23,False
6F141,IndiGo,BOM,CCU,2026-04-18 20:26:41.702,2026-04-18 22:28:41.702,02:02:00,122.0,BOM → CCU,2026-04-18,2026-04-18,20,22,False
6F053,IndiGo,DEL,HYD,2026-04-18 20:26:41.701,2026-04-19 00:39:41.701,04:13:00,253.0,DEL → HYD,2026-04-18,2026-04-19,20,0,True
6F136,IndiGo,CCU,DEL,2026-04-18 20:24:41.702,2026-04-18 21:01:41.702,00:37:00,37.0,CCU → DEL,2026-04-18,2026-04-18,20,21,False
6F009,IndiGo,BLR,CCU,2026-04-18 20:21:41.701,2026-04-18 23:36:41.701,03:15:00,195.0,BLR → CCU,2026-04-18,2026-04-18,20,23,False
6F023,IndiGo,MAA,BLR,2026-04-18 20:18:41.701,2026-04-19 00:14:41.701,03:56:00,236.0,MAA → BLR,2026-04-18,2026-04-19,20,0,True
UK006,Vistara,MAA,CCU,2026-04-18 20:16:41.701,2026-04-18 21:55:41.701,01:39:00,99.0,MAA → CCU,2026-04-18,2026-04-18,20,21,False
SJ165,SpiceJet,CCU,BOM,2026-04-18 20:08:41.703,2026-04-18 23:18:41.703,03:10:00,190.0,CCU → BOM,2026-04-18,2026-04-18,20,23,False
6F189,IndiGo,MAA,BLR,2026-04-18 20:08:41.703,2026-04-18 21:51:41.703,01:43:00,103.0,MAA → BLR,2026-04-18,2026-04-18,20,21,False
AI131,Air India,MAA,BOM,2026-04-18 19:55:41.702,2026-04-18 22:35:41.702,02:40:00,160.0,MAA → BOM,2026-04-18,2026-04-18,19,22,False
6F004,IndiGo,BOM,CCU,2026-04-18 19:53:41.701,2026-04-18 23:33:41.701,03:40:00,220.0,BOM → CCU,2026-04-18,2026-04-18,19,23,False
AI027,Air India,BOM,MAA,2026-04-18 19:41:41.701,2026-04-18 23:23:41.701,03:42:00,222.0,BOM → MAA,2026-04-18,2026-04-18,19,23,False
AI238,Air India,CCU,MAA,2026-04-18 19:25:41.704,2026-04-19 00:07:41.704,04:42:00,282.0,CCU → MAA,2026-04-18,2026-04-19,19,0,True
SJ105,SpiceJet,BOM,HYD,2026-04-18 19:22:41.702,2026-04-18 22:48:41.702,03:26:00,206.0,BOM → HYD,2026-04-18,2026-04-18,19,22,False
UK088,UNKNOWN,MAA,BLR,2026-04-18 19:16:41.702,2026-04-18 23:36:41.702,04:20:00,260.0,MAA → BLR,2026-04-18,2026-04-18,19,23,False
6F035,IndiGo,CCU,HYD,2026-04-18 19:16:41.701,2026-04-18 23:40:41.701,04:24:00,264.0,CCU → HYD,2026-04-18,2026-04-18,19,23,False
AI133,Air India,DEL,CCU,2026-04-18 19:12:41.702,2026-04-18 21:32:41.702,02:20:00,140.0,DEL → CCU,2026-04-18,2026-04-18,19,21,False
AI001,Air India,DEL,HYD,2026-04-18 19:00:41.700,2026-04-18 22:03:41.700,03:03:00,183.0,DEL → HYD,2026-04-18,2026-04-18,19,22,False
SJ133,SpiceJet,BOM,CCU,2026-04-18 18:50:41.702,2026-04-18 21:29:41.702,02:39:00,159.0,BOM → CCU,2026-04-18,2026-04-18,18,21,False
SJ216,SpiceJet,BOM,CCU,2026-04-18 18:35:41.703,2026-04-18 21:31:41.703,02:56:00,176.0,BOM → CCU,2026-04-18,2026-04-18,18,21,False
SJ225,UNKNOWN,DEL,HYD,2026-04-18 18:16:41.704,2026-04-18 20:53:41.704,02:37:00,157.0,DEL → HYD,2026-04-18,2026-04-18,18,20,False
AI147,Air India,HYD,CCU,2026-04-18 18:14:41.703,2026-04-18 20:10:41.703,01:56:00,116.0,HYD → CCU,2026-04-18,2026-04-18,18,20,False
SJ054,SpiceJet,MAA,BLR,2026-04-18 18:13:41.701,2026-04-18 22:46:41.701,04:33:00,273.0,MAA → BLR,2026-04-18,2026-04-18,18,22,False
6F197,IndiGo,BOM,BLR,2026-04-18 17:59:41.703,2026-04-18 22:44:41.703,04:45:00,285.0,BOM → BLR,2026-04-18,2026-04-18,17,22,False
SJ066,SpiceJet,HYD,CCU,2026-04-18 17:47:41.701,2026-04-18 19:03:41.701,01:16:00,76.0,HYD → CCU,2026-04-18,2026-04-18,17,19,False
SJ183,SpiceJet,CCU,DEL,2026-04-18 17:44:41.703,2026-04-18 19:40:41.703,01:56:00,116.0,CCU → DEL,2026-04-18,2026-04-18,17,19,False
SJ151,SpiceJet,BOM,CCU,2026-04-18 17:44:41.702,2026-04-18 19:16:41.702,01:32:00,92.0,BOM → CCU,2026-04-18,2026-04-18,17,19,False
SJ071,SpiceJet,CCU,MAA,2026-04-18 17:43:41.701,2026-04-18 19:32:41.701,01:49:00,109.0,CCU → MAA,2026-04-18,2026-04-18,17,19,False
SJ102,SpiceJet,MAA,CCU,2026-04-18 17:26:41.702,2026-04-18 18:58:41.702,01:32:00,92.0,MAA → CCU,2026-04-18,2026-04-18,17,18,False
AI209,Air India,BLR,CCU,2026-04-18 17:25:41.703,2026-04-18 18:37:41.703,01:12:00,72.0,BLR → CCU,2026-04-18,2026-04-18,17,18,False
6F111,IndiGo,HYD,DEL,2026-04-18 17:09:41.702,2026-04-18 20:02:41.702,02:53:00,173.0,HYD → DEL,2026-04-18,2026-04-18,17,20,False
AI050,Air India,BLR,BOM,2026-04-18 17:07:41.701,2026-04-18 19:42:41.701,02:35:00,155.0,BLR → BOM,2026-04-18,2026-04-18,17,19,False
SJ189,SpiceJet,HYD,BLR,2026-04-18 17:05:41.703,2026-04-18 22:01:41.703,04:56:00,296.0,HYD → BLR,2026-04-18,2026-04-18,17,22,False
UK112,UNKNOWN,CCU,DEL,2026-04-18 17:05:41.702,2026-04-18 19:47:41.702,02:42:00,162.0,CCU → DEL,2026-04-18,2026-04-18,17,19,False
6F171,IndiGo,DEL,BLR,2026-04-18 17:03:41.703,2026-04-18 18:12:41.703,01:09:00,69.0,DEL → BLR,2026-04-18,2026-04-18,17,18,False
AI011,Air India,CCU,BOM,2026-04-18 16:58:41.701,2026-04-18 21:01:41.701,04:03:00,243.0,CCU → BOM,2026-04-18,2026-04-18,16,21,False
6F027,IndiGo,BLR,DEL,2026-04-18 16:52:41.701,2026-04-18 18:21:41.701,01:29:00,89.0,BLR → DEL,2026-04-18,2026-04-18,16,18,False
UK082,Vistara,DEL,BOM,2026-04-18 16:50:41.702,2026-04-18 21:21:41.702,04:31:00,271.0,DEL → BOM,2026-04-18,2026-04-18,16,21,False
UK138,Vistara,DEL,BLR,2026-04-18 16:47:41.703,2026-04-18 19:36:41.703,02:49:00,169.0,DEL → BLR,2026-04-18,2026-04-18,16,19,False
UK198,Vistara,DEL,BLR,2026-04-18 16:43:41.703,2026-04-18 18:18:41.703,01:35:00,95.0,DEL → BLR,2026-04-18,2026-04-18,16,18,False
6F039,IndiGo,MAA,CCU,2026-04-18 16:43:41.701,2026-04-18 21:01:41.701,04:18:00,258.0,MAA → CCU,2026-04-18,2026-04-18,16,21,False
6F157,IndiGo,MAA,CCU,2026-04-18 16:37:41.703,2026-04-18 18:04:41.703,01:27:00,87.0,MAA → CCU,2026-04-18,2026-04-18,16,18,False
SJ024,SpiceJet,DEL,MAA,2026-04-18 16:29:41.701,2026-04-18 20:21:41.701,03:52:00,232.0,DEL → MAA,2026-04-18,2026-04-18,16,20,False
6F167,IndiGo,BLR,BOM,2026-04-18 16:26:41.703,2026-04-18 17:50:41.703,01:24:00,84.0,BLR → BOM,2026-04-18,2026-04-18,16,17,False
AI197,Air India,BOM,CCU,2026-04-18 16:25:41.703,2026-04-18 20:00:41.703,03:35:00,215.0,BOM → CCU,2026-04-18,2026-04-18,16,20,False
SJ211,SpiceJet,MAA,BOM,2026-04-18 16:22:41.703,2026-04-18 18:34:41.703,02:12:00,132.0,MAA → BOM,2026-04-18,2026-04-18,16,18,False
6F055,IndiGo,DEL,CCU,2026-04-18 16:21:41.701,2026-04-18 18:49:41.701,02:28:00,148.0,DEL → CCU,2026-04-18,2026-04-18,16,18,False
AI253,Air India,BLR,BOM,2026-04-18 16:13:41.704,2026-04-18 19:51:41.704,03:38:00,218.0,BLR → BOM,2026-04-18,2026-04-18,16,19,False
UK060,Vistara,BLR,CCU,2026-04-18 16:09:41.701,2026-04-18 19:42:41.701,03:33:00,213.0,BLR → CCU,2026-04-18,2026-04-18,16,19,False
6F257,UNKNOWN,MAA,CCU,2026-04-18 16:04:41.704,2026-04-18 19:55:41.704,03:51:00,231.0,MAA → CCU,2026-04-18,2026-04-18,16,19,False
SJ135,SpiceJet,MAA,CCU,2026-04-18 16:03:41.702,2026-04-18 19:48:41.702,03:45:00,225.0,MAA → CCU,2026-04-18,2026-04-18,16,19,False
AI247,Air India,BOM,CCU,2026-04-18 15:58:41.704,2026-04-18 19:02:41.704,03:04:00,184.0,BOM → CCU,2026-04-18,2026-04-18,15,19,False
UK127,Vistara,BOM,HYD,2026-04-18 15:56:41.702,2026-04-18 20:00:41.702,04:04:00,244.0,BOM → HYD,2026-04-18,2026-04-18,15,20,False
AI109,Air India,BLR,BOM,2026-04-18 15:53:41.702,2026-04-18 20:14:41.702,04:21:00,261.0,BLR → BOM,2026-04-18,2026-04-18,15,20,False
AI057,Air India,BOM,CCU,2026-04-18 15:53:41.701,2026-04-18 19:22:41.701,03:29:00,209.0,BOM → CCU,2026-04-18,2026-04-18,15,19,False
6F103,IndiGo,CCU,MAA,2026-04-18 15:37:41.702,2026-04-18 18:32:41.702,02:55:00,175.0,CCU → MAA,2026-04-18,2026-04-18,15,18,False
SJ144,SpiceJet,BLR,BOM,2026-04-18 15:35:41.702,2026-04-18 19:12:41.702,03:37:00,217.0,BLR → BOM,2026-04-18,2026-04-18,15,19,False
6F076,IndiGo,CCU,HYD,2026-04-18 15:35:41.702,2026-04-18 16:20:41.702,00:45:00,45.0,CCU → HYD,2026-04-18,2026-04-18,15,16,False
6F240,IndiGo,DEL,HYD,2026-04-18 15:31:41.704,2026-04-18 19:56:41.704,04:25:00,265.0,DEL → HYD,2026-04-18,2026-04-18,15,19,False
UK057,Vistara,CCU,DEL,2026-04-18 15:25:41.701,2026-04-18 20:04:41.701,04:39:00,279.0,CCU → DEL,2026-04-18,2026-04-18,15,20,False
AI201,Air India,BLR,CCU,2026-04-18 15:19:41.703,2026-04-18 16:40:41.703,01:21:00,81.0,BLR → CCU,2026-04-18,2026-04-18,15,16,False
SJ242,SpiceJet,BLR,HYD,2026-04-18 14:55:41.704,2026-04-18 17:42:41.704,02:47:00,167.0,BLR → HYD,2026-04-18,2026-04-18,14,17,False
6F037,IndiGo,BOM,MAA,2026-04-18 14:51:41.701,2026-04-18 17:23:41.701,02:32:00,152.0,BOM → MAA,2026-04-18,2026-04-18,14,17,False
SJ132,SpiceJet,MAA,DEL,2026-04-18 14:44:41.702,2026-04-18 15:36:41.702,00:52:00,52.0,MAA → DEL,2026-04-18,2026-04-18,14,15,False
AI055,Air India,CCU,BOM,2026-04-18 14:39:41.701,2026-04-18 16:18:41.701,01:39:00,99.0,CCU → BOM,2026-04-18,2026-04-18,14,16,False
6F252,UNKNOWN,MAA,BLR,2026-04-18 14:25:41.701,2026-04-18 18:52:41.701,04:27:00,267.0,MAA → BLR,2026-04-18,2026-04-18,14,18,False
AI183,Air India,DEL,CCU,2026-04-18 14:24:41.703,2026-04-18 16:06:41.703,01:42:00,102.0,DEL → CCU,2026-04-18,2026-04-18,14,16,False
SJ125,SpiceJet,DEL,BLR,2026-04-18 14:21:41.702,2026-04-18 16:55:41.702,02:34:00,154.0,DEL → BLR,2026-04-18,2026-04-18,14,16,False
SJ087,SpiceJet,BOM,DEL,2026-04-18 14:20:41.702,2026-04-18 19:09:41.702,04:49:00,289.0,BOM → DEL,2026-04-18,2026-04-18,14,19,False
UK182,Vistara,HYD,CCU,2026-04-18 14:19:41.703,2026-04-18 18:25:41.703,04:06:00,246.0,HYD → CCU,2026-04-18,2026-04-18,14,18,False
AI016,Air India,BOM,CCU,2026-04-18 14:15:41.701,2026-04-18 18:38:41.701,04:23:00,263.0,BOM → CCU,2026-04-18,2026-04-18,14,18,False
6F107,IndiGo,CCU,BLR,2026-04-18 14:14:41.702,2026-04-18 17:14:42.000,03:00:00.298000,180.0,CCU → BLR,2026-04-18,2026-04-18,14,17,False
AI026,Air India,DEL,BOM,2026-04-18 14:14:41.701,2026-04-18 15:13:41.701,00:59:00,59.0,DEL → BOM,2026-04-18,2026-04-18,14,15,False
AI177,Air India,CCU,HYD,2026-04-18 14:11:41.703,2026-04-18 16:26:41.703,02:15:00,135.0,CCU → HYD,2026-04-18,2026-04-18,14,16,False
AI041,Air India,BOM,BLR,2026-04-18 14:08:41.701,2026-04-18 15:59:41.701,01:51:00,111.0,BOM → BLR,2026-04-18,2026-04-18,14,15,False
6F264,UNKNOWN,DEL,HYD,2026-04-18 14:03:41.701,2026-04-18 18:23:41.701,04:20:00,260.0,DEL → HYD,2026-04-18,2026-04-18,14,18,False
6F222,IndiGo,HYD,MAA,2026-04-18 14:01:41.704,2026-04-18 16:11:41.704,02:10:00,130.0,HYD → MAA,2026-04-18,2026-04-18,14,16,False
AI004,Air India,HYD,MAA,2026-04-18 13:58:41.701,2026-04-18 18:12:41.701,04:14:00,254.0,HYD → MAA,2026-04-18,2026-04-18,13,18,False
SJ126,SpiceJet,DEL,BLR,2026-04-18 13:47:41.702,2026-04-18 16:31:41.702,02:44:00,164.0,DEL → BLR,2026-04-18,2026-04-18,13,16,False
SJ220,SpiceJet,BOM,CCU,2026-04-18 13:45:41.703,2026-04-18 15:21:41.703,01:36:00,96.0,BOM → CCU,2026-04-18,2026-04-18,13,15,False
AI204,Air India,CCU,MAA,2026-04-18 13:40:41.703,2026-04-18 18:38:41.703,04:58:00,298.0,CCU → MAA,2026-04-18,2026-04-18,13,18,False
UK098,Vistara,CCU,DEL,2026-04-18 13:38:41.702,2026-04-18 17:54:41.702,04:16:00,256.0,CCU → DEL,2026-04-18,2026-04-18,13,17,False
AI090,Air India,MAA,CCU,2026-04-18 13:37:41.702,2026-04-18 16:11:41.702,02:34:00,154.0,MAA → CCU,2026-04-18,2026-04-18,13,16,False
AI092,Air India,CCU,BOM,2026-04-18 13:36:41.702,2026-04-18 16:20:41.702,02:44:00,164.0,CCU → BOM,2026-04-18,2026-04-18,13,16,False
AI049,Air India,CCU,MAA,2026-04-18 13:35:41.701,2026-04-18 15:48:41.701,02:13:00,133.0,CCU → MAA,2026-04-18,2026-04-18,13,15,False
UK117,Vistara,BLR,BOM,2026-04-18 13:17:41.702,2026-04-18 16:54:41.702,03:37:00,217.0,BLR → BOM,2026-04-18,2026-04-18,13,16,False
6F227,IndiGo,MAA,BOM,2026-04-18 13:16:41.704,2026-04-18 17:41:41.704,04:25:00,265.0,MAA → BOM,2026-04-18,2026-04-18,13,17,False
AI228,Air India,BLR,BOM,2026-04-18 13:16:41.703,2026-04-18 17:44:41.703,04:28:00,268.0,BLR → BOM,2026-04-18,2026-04-18,13,17,False
SJ164,SpiceJet,CCU,MAA,2026-04-18 13:14:41.703,2026-04-18 15:14:42.000,02:00:00.297000,120.0,CCU → MAA,2026-04-18,2026-04-18,13,15,False
AI018,Air India,BOM,CCU,2026-04-18 13:12:41.701,2026-04-18 18:04:41.701,04:52:00,292.0,BOM → CCU,2026-04-18,2026-04-18,13,18,False
UK192,Vistara,HYD,DEL,2026-04-18 12:54:41.703,2026-04-18 13:54:42.000,01:00:00.297000,60.0,HYD → DEL,2026-04-18,2026-04-18,12,13,False
SJ224,SpiceJet,DEL,MAA,2026-04-18 12:41:41.703,2026-04-18 15:33:41.703,02:52:00,172.0,DEL → MAA,2026-04-18,2026-04-18,12,15,False
UK050,Vistara,BOM,DEL,2026-04-18 12:39:41.701,2026-04-18 13:18:41.701,00:39:00,39.0,BOM → DEL,2026-04-18,2026-04-18,12,13,False
SJ159,SpiceJet,CCU,DEL,2026-04-18 12:22:41.703,2026-04-18 14:05:41.703,01:43:00,103.0,CCU → DEL,2026-04-18,2026-04-18,12,14,False
UK038,Vistara,MAA,CCU,2026-04-18 12:22:41.701,2026-04-18 15:31:41.701,03:09:00,189.0,MAA → CCU,2026-04-18,2026-04-18,12,15,False
6F192,IndiGo,CCU,BLR,2026-04-18 12:20:41.703,2026-04-18 16:45:41.703,04:25:00,265.0,CCU → BLR,2026-04-18,2026-04-18,12,16,False
6F173,IndiGo,BOM,CCU,2026-04-18 12:19:41.703,2026-04-18 13:08:41.703,00:49:00,49.0,BOM → CCU,2026-04-18,2026-04-18,12,13,False
AI185,Air India,CCU,BOM,2026-04-18 12:16:41.703,2026-04-18 16:18:41.703,04:02:00,242.0,CCU → BOM,2026-04-18,2026-04-18,12,16,False
SJ152,SpiceJet,BOM,DEL,2026-04-18 12:09:41.702,2026-04-18 13:50:41.702,01:41:00,101.0,BOM → DEL,2026-04-18,2026-04-18,12,13,False
AI215,Air India,BLR,DEL,2026-04-18 12:07:41.703,2026-04-18 13:43:41.703,01:36:00,96.0,BLR → DEL,2026-04-18,2026-04-18,12,13,False
AI074,Air India,CCU,BOM,2026-04-18 12:03:41.702,2026-04-18 12:50:41.702,00:47:00,47.0,CCU → BOM,2026-04-18,2026-04-18,12,12,False
6F109,IndiGo,BLR,BOM,2026-04-18 12:00:41.702,2026-04-18 12:51:41.702,00:51:00,51.0,BLR → BOM,2026-04-18,2026-04-18,12,12,False
6F144,IndiGo,HYD,BOM,2026-04-18 11:56:41.702,2026-04-18 15:11:41.702,03:15:00,195.0,HYD → BOM,2026-04-18,2026-04-18,11,15,False
6F210,IndiGo,HYD,DEL,2026-04-18 11:51:41.703,2026-04-18 15:58:41.703,04:07:00,247.0,HYD → DEL,2026-04-18,2026-04-18,11,15,False
SJ111,SpiceJet,DEL,MAA,2026-04-18 11:47:41.702,2026-04-18 12:59:41.702,01:12:00,72.0,DEL → MAA,2026-04-18,2026-04-18,11,12,False
UK092,Vistara,MAA,BLR,2026-04-18 11:42:41.702,2026-04-18 13:17:41.702,01:35:00,95.0,MAA → BLR,2026-04-18,2026-04-18,11,13,False
UK009,Vistara,BOM,DEL,2026-04-18 11:34:41.701,2026-04-18 13:41:41.701,02:07:00,127.0,BOM → DEL,2026-04-18,2026-04-18,11,13,False
AI170,Air India,HYD,DEL,2026-04-18 11:27:41.703,2026-04-18 15:50:41.703,04:23:00,263.0,HYD → DEL,2026-04-18,2026-04-18,11,15,False
6F154,IndiGo,CCU,DEL,2026-04-18 11:26:41.703,2026-04-18 12:23:41.703,00:57:00,57.0,CCU → DEL,2026-04-18,2026-04-18,11,12,False
6F161,IndiGo,MAA,DEL,2026-04-18 11:24:41.703,2026-04-18 12:21:41.703,00:57:00,57.0,MAA → DEL,2026-04-18,2026-04-18,11,12,False
UK128,Vistara,BOM,CCU,2026-04-18 11:22:41.702,2026-04-18 14:11:41.702,02:49:00,169.0,BOM → CCU,2026-04-18,2026-04-18,11,14,False
AI186,Air India,DEL,BOM,2026-04-18 11:11:41.703,2026-04-18 13:05:41.703,01:54:00,114.0,DEL → BOM,2026-04-18,2026-04-18,11,13,False
AI099,Air India,BLR,BOM,2026-04-18 11:07:41.702,2026-04-18 13:29:41.702,02:22:00,142.0,BLR → BOM,2026-04-18,2026-04-18,11,13,False
6F203,IndiGo,BLR,HYD,2026-04-18 11:05:41.703,2026-04-18 12:56:41.703,01:51:00,111.0,BLR → HYD,2026-04-18,2026-04-18,11,12,False
UK139,UNKNOWN,BLR,MAA,2026-04-18 10:54:41.703,2026-04-18 14:31:41.703,03:37:00,217.0,BLR → MAA,2026-04-18,2026-04-18,10,14,False
SJ008,SpiceJet,HYD,BLR,2026-04-18 10:53:41.701,2026-04-18 15:48:41.701,04:55:00,295.0,HYD → BLR,2026-04-18,2026-04-18,10,15,False
AI171,Air India,MAA,BLR,2026-04-18 10:51:41.703,2026-04-18 13:34:41.703,02:43:00,163.0,MAA → BLR,2026-04-18,2026-04-18,10,13,False
6F124,IndiGo,BLR,BOM,2026-04-18 10:47:41.702,2026-04-18 15:21:41.702,04:34:00,274.0,BLR → BOM,2026-04-18,2026-04-18,10,15,False
6F137,IndiGo,CCU,DEL,2026-04-18 10:45:41.702,2026-04-18 15:01:41.702,04:16:00,256.0,CCU → DEL,2026-04-18,2026-04-18,10,15,False
AI008,Air India,BOM,CCU,2026-04-18 10:43:41.701,2026-04-18 12:43:42.000,02:00:00.299000,120.0,BOM → CCU,2026-04-18,2026-04-18,10,12,False
SJ140,UNKNOWN,HYD,DEL,2026-04-18 10:42:41.702,2026-04-18 14:30:41.702,03:48:00,228.0,HYD → DEL,2026-04-18,2026-04-18,10,14,False
UK016,Vistara,DEL,CCU,2026-04-18 10:42:41.701,2026-04-18 11:22:41.701,00:40:00,40.0,DEL → CCU,2026-04-18,2026-04-18,10,11,False
AI127,Air India,DEL,HYD,2026-04-18 10:37:41.702,2026-04-18 13:45:41.702,03:08:00,188.0,DEL → HYD,2026-04-18,2026-04-18,10,13,False
SJ096,UNKNOWN,DEL,HYD,2026-04-18 10:29:41.702,2026-04-18 13:45:41.702,03:16:00,196.0,DEL → HYD,2026-04-18,2026-04-18,10,13,False
6F048,IndiGo,HYD,DEL,2026-04-18 10:27:41.701,2026-04-18 11:18:41.701,00:51:00,51.0,HYD → DEL,2026-04-18,2026-04-18,10,11,False
SJ090,SpiceJet,HYD,MAA,2026-04-18 10:24:41.702,2026-04-18 13:11:41.702,02:47:00,167.0,HYD → MAA,2026-04-18,2026-04-18,10,13,False
AI014,Air India,HYD,MAA,2026-04-18 10:24:41.701,2026-04-18 13:51:41.701,03:27:00,207.0,HYD → MAA,2026-04-18,2026-04-18,10,13,False
6F131,IndiGo,BLR,HYD,2026-04-18 10:22:41.702,2026-04-18 14:20:41.702,03:58:00,238.0,BLR → HYD,2026-04-18,2026-04-18,10,14,False
AI130,Air India,BOM,BLR,2026-04-18 10:18:41.702,2026-04-18 12:59:41.702,02:41:00,161.0,BOM → BLR,2026-04-18,2026-04-18,10,12,False
UK151,UNKNOWN,BOM,CCU,2026-04-18 10:11:41.703,2026-04-18 13:30:41.703,03:19:00,199.0,BOM → CCU,2026-04-18,2026-04-18,10,13,False
6F165,IndiGo,BLR,BOM,2026-04-18 10:11:41.703,2026-04-18 11:09:41.703,00:58:00,58.0,BLR → BOM,2026-04-18,2026-04-18,10,11,False
UK161,Vistara,BLR,BOM,2026-04-18 10:05:41.703,2026-04-18 12:48:41.703,02:43:00,163.0,BLR → BOM,2026-04-18,2026-04-18,10,12,False
AI107,Air India,HYD,CCU,2026-04-18 10:03:41.702,2026-04-18 10:49:41.702,00:46:00,46.0,HYD → CCU,2026-04-18,2026-04-18,10,10,False
SJ104,SpiceJet,HYD,DEL,2026-04-18 10:00:41.702,2026-04-18 11:00:42.000,01:00:00.298000,60.0,HYD → DEL,2026-04-18,2026-04-18,10,11,False
AI042,Air India,CCU,DEL,2026-04-18 09:53:41.701,2026-04-18 10:57:41.701,01:04:00,64.0,CCU → DEL,2026-04-18,2026-04-18,9,10,False
6F266,UNKNOWN,CCU,MAA,2026-04-18 09:49:41.703,2026-04-18 11:17:41.703,01:28:00,88.0,CCU → MAA,2026-04-18,2026-04-18,9,11,False
6F138,IndiGo,HYD,BLR,2026-04-18 09:49:41.702,2026-04-18 12:53:41.702,03:04:00,184.0,HYD → BLR,2026-04-18,2026-04-18,9,12,False
SJ219,SpiceJet,BOM,DEL,2026-04-18 09:32:41.703,2026-04-18 14:09:41.703,04:37:00,277.0,BOM → DEL,2026-04-18,2026-04-18,9,14,False
UK197,Vistara,BLR,HYD,2026-04-18 09:22:41.703,2026-04-18 10:54:41.703,01:32:00,92.0,BLR → HYD,2026-04-18,2026-04-18,9,10,False
6F119,IndiGo,DEL,BOM,2026-04-18 09:19:41.702,2026-04-18 11:33:41.702,02:14:00,134.0,DEL → BOM,2026-04-18,2026-04-18,9,11,False
SJ058,SpiceJet,DEL,HYD,2026-04-18 08:58:41.701,2026-04-18 13:14:41.701,04:16:00,256.0,DEL → HYD,2026-04-18,2026-04-18,8,13,False
AI218,Air India,BOM,CCU,2026-04-18 08:55:41.703,2026-04-18 11:55:41.703,03:00:00,180.0,BOM → CCU,2026-04-18,2026-04-18,8,11,False
SJ060,SpiceJet,HYD,CCU,2026-04-18 08:51:41.701,2026-04-18 13:46:41.701,04:55:00,295.0,HYD → CCU,2026-04-18,2026-04-18,8,13,False
UK121,Vistara,BLR,BOM,2026-04-18 08:36:41.702,2026-04-18 12:36:41.702,04:00:00,240.0,BLR → BOM,2026-04-18,2026-04-18,8,12,False
6F208,IndiGo,CCU,BOM,2026-04-18 08:27:41.703,2026-04-18 11:34:41.703,03:07:00,187.0,CCU → BOM,2026-04-18,2026-04-18,8,11,False
6F153,IndiGo,CCU,BLR,2026-04-18 08:23:41.703,2026-04-18 12:20:41.703,03:57:00,237.0,CCU → BLR,2026-04-18,2026-04-18,8,12,False
AI117,Air India,HYD,BLR,2026-04-18 08:18:41.702,2026-04-18 10:09:41.702,01:51:00,111.0,HYD → BLR,2026-04-18,2026-04-18,8,10,False
SJ113,SpiceJet,BLR,BOM,2026-04-18 08:10:41.702,2026-04-18 10:10:42.000,02:00:00.298000,120.0,BLR → BOM,2026-04-18,2026-04-18,8,10,False
AI191,Air India,BLR,MAA,2026-04-18 07:57:41.703,2026-04-18 11:58:41.703,04:01:00,241.0,BLR → MAA,2026-04-18,2026-04-18,7,11,False
6F267,UNKNOWN,DEL,MAA,2026-04-18 07:56:41.703,2026-04-18 11:49:41.703,03:53:00,233.0,DEL → MAA,2026-04-18,2026-04-18,7,11,False
6F185,IndiGo,CCU,DEL,2026-04-18 07:49:41.703,2026-04-18 10:08:41.703,02:19:00,139.0,CCU → DEL,2026-04-18,2026-04-18,7,10,False
AI114,Air India,CCU,DEL,2026-04-18 07:48:41.702,2026-04-18 09:03:41.702,01:15:00,75.0,CCU → DEL,2026-04-18,2026-04-18,7,9,False
6F155,IndiGo,DEL,BLR,2026-04-18 07:47:41.703,2026-04-18 08:20:41.703,00:33:00,33.0,DEL → BLR,2026-04-18,2026-04-18,7,8,False
UK045,Vistara,MAA,HYD,2026-04-18 07:43:41.701,2026-04-18 09:28:41.701,01:45:00,105.0,MAA → HYD,2026-04-18,2026-04-18,7,9,False
AI111,Air India,MAA,CCU,2026-04-18 07:40:41.702,2026-04-18 10:39:41.702,02:59:00,179.0,MAA → CCU,2026-04-18,2026-04-18,7,10,False
AI156,Air India,CCU,BOM,2026-04-18 07:39:41.703,2026-04-18 09:22:41.703,01:43:00,103.0,CCU → BOM,2026-04-18,2026-04-18,7,9,False
SJ128,SpiceJet,CCU,BLR,2026-04-18 07:39:41.702,2026-04-18 10:42:41.702,03:03:00,183.0,CCU → BLR,2026-04-18,2026-04-18,7,10,False
AI104,Air India,MAA,HYD,2026-04-18 07:35:41.702,2026-04-18 09:20:41.702,01:45:00,105.0,MAA → HYD,2026-04-18,2026-04-18,7,9,False
6F225,IndiGo,HYD,CCU,2026-04-18 07:33:41.704,2026-04-18 12:12:41.704,04:39:00,279.0,HYD → CCU,2026-04-18,2026-04-18,7,12,False
6F033,IndiGo,DEL,HYD,2026-04-18 07:08:41.701,2026-04-18 09:08:41.701,02:00:00,120.0,DEL → HYD,2026-04-18,2026-04-18,7,9,False
6F244,IndiGo,MAA,CCU,2026-04-18 07:07:41.704,2026-04-18 08:31:41.704,01:24:00,84.0,MAA → CCU,2026-04-18,2026-04-18,7,8,False
UK137,Vistara,BOM,MAA,2026-04-18 07:04:41.703,2026-04-18 09:14:41.703,02:10:00,130.0,BOM → MAA,2026-04-18,2026-04-18,7,9,False
AI063,Air India,HYD,BLR,2026-04-18 07:03:41.701,2026-04-18 11:26:41.701,04:23:00,263.0,HYD → BLR,2026-04-18,2026-04-18,7,11,False
SJ156,SpiceJet,BOM,DEL,2026-04-18 06:59:41.703,2026-04-18 07:34:41.703,00:35:00,35.0,BOM → DEL,2026-04-18,2026-04-18,6,7,False
UK125,Vistara,HYD,BOM,2026-04-18 06:58:41.702,2026-04-18 11:44:41.702,04:46:00,286.0,HYD → BOM,2026-04-18,2026-04-18,6,11,False
AI232,Air India,DEL,BLR,2026-04-18 06:43:41.704,2026-04-18 10:13:41.704,03:30:00,210.0,DEL → BLR,2026-04-18,2026-04-18,6,10,False
AI167,Air India,BLR,DEL,2026-04-18 06:43:41.703,2026-04-18 11:10:41.703,04:27:00,267.0,BLR → DEL,2026-04-18,2026-04-18,6,11,False
UK160,Vistara,BLR,BOM,2026-04-18 06:42:41.703,2026-04-18 10:58:41.703,04:16:00,256.0,BLR → BOM,2026-04-18,2026-04-18,6,10,False
UK129,Vistara,HYD,MAA,2026-04-18 06:29:41.702,2026-04-18 07:29:42.000,01:00:00.298000,60.0,HYD → MAA,2026-04-18,2026-04-18,6,7,False
SJ230,SpiceJet,BOM,CCU,2026-04-18 06:22:41.704,2026-04-18 10:57:41.704,04:35:00,275.0,BOM → CCU,2026-04-18,2026-04-18,6,10,False
SJ056,SpiceJet,HYD,DEL,2026-04-18 06:11:41.701,2026-04-18 07:10:41.701,00:59:00,59.0,HYD → DEL,2026-04-18,2026-04-18,6,7,False
SJ137,SpiceJet,CCU,DEL,2026-04-18 06:08:41.702,2026-04-18 10:14:41.702,04:06:00,246.0,CCU → DEL,2026-04-18,2026-04-18,6,10,False
6F081,IndiGo,MAA,BLR,2026-04-18 06:04:41.702,2026-04-18 07:43:41.702,01:39:00,99.0,MAA → BLR,2026-04-18,2026-04-18,6,7,False
6F088,IndiGo,CCU,BLR,2026-04-18 05:51:41.702,2026-04-18 08:22:41.702,02:31:00,151.0,CCU → BLR,2026-04-18,2026-04-18,5,8,False
6F121,IndiGo,HYD,MAA,2026-04-18 05:44:41.702,2026-04-18 10:42:41.702,04:58:00,298.0,HYD → MAA,2026-04-18,2026-04-18,5,10,False
UK214,Vistara,HYD,DEL,2026-04-18 05:30:41.704,2026-04-18 09:10:41.704,03:40:00,220.0,HYD → DEL,2026-04-18,2026-04-18,5,9,False
6F060,IndiGo,DEL,BLR,2026-04-18 05:29:41.701,2026-04-18 07:29:42.000,02:00:00.299000,120.0,DEL → BLR,2026-04-18,2026-04-18,5,7,False
SJ101,SpiceJet,CCU,DEL,2026-04-18 05:17:41.702,2026-04-18 06:57:41.702,01:40:00,100.0,CCU → DEL,2026-04-18,2026-04-18,5,6,False
AI017,Air India,CCU,BOM,2026-04-18 05:15:41.701,2026-04-18 08:48:41.701,03:33:00,213.0,CCU → BOM,2026-04-18,2026-04-18,5,8,False
6F120,IndiGo,BLR,BOM,2026-04-18 05:14:41.702,2026-04-18 06:14:41.702,01:00:00,60.0,BLR → BOM,2026-04-18,2026-04-18,5,6,False
6F217,IndiGo,BLR,BOM,2026-04-18 05:13:41.704,2026-04-18 08:01:41.704,02:48:00,168.0,BLR → BOM,2026-04-18,2026-04-18,5,8,False
AI194,Air India,MAA,BLR,2026-04-18 05:09:41.703,2026-04-18 09:38:41.703,04:29:00,269.0,MAA → BLR,2026-04-18,2026-04-18,5,9,False
AI095,Air India,DEL,MAA,2026-04-18 05:00:41.702,2026-04-18 08:18:41.702,03:18:00,198.0,DEL → MAA,2026-04-18,2026-04-18,5,8,False
SJ190,SpiceJet,BOM,CCU,2026-04-18 04:57:41.703,2026-04-18 09:25:41.703,04:28:00,268.0,BOM → CCU,2026-04-18,2026-04-18,4,9,False
6F139,IndiGo,HYD,MAA,2026-04-18 04:55:41.702,2026-04-18 08:17:41.702,03:22:00,202.0,HYD → MAA,2026-04-18,2026-04-18,4,8,False
6F062,IndiGo,CCU,DEL,2026-04-18 04:55:41.701,2026-04-18 06:22:41.701,01:27:00,87.0,CCU → DEL,2026-04-18,2026-04-18,4,6,False
UK011,Vistara,CCU,DEL,2026-04-18 04:41:41.701,2026-04-18 06:25:41.701,01:44:00,104.0,CCU → DEL,2026-04-18,2026-04-18,4,6,False
6F100,IndiGo,BOM,BLR,2026-04-18 04:40:41.702,2026-04-18 07:49:41.702,03:09:00,189.0,BOM → BLR,2026-04-18,2026-04-18,4,7,False
6F228,IndiGo,HYD,MAA,2026-04-18 04:36:41.704,2026-04-18 09:27:41.704,04:51:00,291.0,HYD → MAA,2026-04-18,2026-04-18,4,9,False
UK033,Vistara,HYD,DEL,2026-04-18 04:34:41.701,2026-04-18 09:18:41.701,04:44:00,284.0,HYD → DEL,2026-04-18,2026-04-18,4,9,False
SJ231,SpiceJet,DEL,BLR,2026-04-18 04:23:41.704,2026-04-18 05:48:41.704,01:25:00,85.0,DEL → BLR,2026-04-18,2026-04-18,4,5,False
AI166,Air India,BOM,CCU,2026-04-18 04:20:41.703,2026-04-18 07:23:41.703,03:03:00,183.0,BOM → CCU,2026-04-18,2026-04-18,4,7,False
SJ176,SpiceJet,DEL,BOM,2026-04-18 04:15:41.703,2026-04-18 06:17:41.703,02:02:00,122.0,DEL → BOM,2026-04-18,2026-04-18,4,6,False
SJ065,SpiceJet,MAA,BLR,2026-04-18 04:10:41.701,2026-04-18 06:54:41.701,02:44:00,164.0,MAA → BLR,2026-04-18,2026-04-18,4,6,False
6F160,IndiGo,MAA,BLR,2026-04-18 04:09:41.703,2026-04-18 08:26:41.703,04:17:00,257.0,MAA → BLR,2026-04-18,2026-04-18,4,8,False
AI089,Air India,CCU,BOM,2026-04-18 04:05:41.702,2026-04-18 04:47:41.702,00:42:00,42.0,CCU → BOM,2026-04-18,2026-04-18,4,4,False
UK226,Vistara,MAA,HYD,2026-04-18 03:58:41.704,2026-04-18 05:01:41.704,01:03:00,63.0,MAA → HYD,2026-04-18,2026-04-18,3,5,False
SJ123,SpiceJet,BOM,CCU,2026-04-18 03:57:41.702,2026-04-18 05:25:41.702,01:28:00,88.0,BOM → CCU,2026-04-18,2026-04-18,3,5,False
AI054,Air India,HYD,CCU,2026-04-18 03:44:41.701,2026-04-18 08:10:41.701,04:26:00,266.0,HYD → CCU,2026-04-18,2026-04-18,3,8,False
UK019,Vistara,BOM,HYD,2026-04-18 03:41:41.701,2026-04-18 04:35:41.701,00:54:00,54.0,BOM → HYD,2026-04-18,2026-04-18,3,4,False
UK032,Vistara,BLR,BOM,2026-04-18 03:31:41.701,2026-04-18 07:28:41.701,03:57:00,237.0,BLR → BOM,2026-04-18,2026-04-18,3,7,False
SJ100,SpiceJet,MAA,BLR,2026-04-18 03:28:41.702,2026-04-18 06:50:41.702,03:22:00,202.0,MAA → BLR,2026-04-18,2026-04-18,3,6,False
SJ094,SpiceJet,MAA,HYD,2026-04-18 03:23:41.702,2026-04-18 08:07:41.702,04:44:00,284.0,MAA → HYD,2026-04-18,2026-04-18,3,8,False
6F101,IndiGo,BOM,MAA,2026-04-18 03:18:41.702,2026-04-18 08:15:41.702,04:57:00,297.0,BOM → MAA,2026-04-18,2026-04-18,3,8,False
6F006,IndiGo,BOM,BLR,2026-04-18 03:06:41.701,2026-04-18 05:06:42.000,02:00:00.299000,120.0,BOM → BLR,2026-04-18,2026-04-18,3,5,False
AI006,Air India,BOM,BLR,2026-04-18 03:04:41.701,2026-04-18 05:54:41.701,02:50:00,170.0,BOM → BLR,2026-04-18,2026-04-18,3,5,False
AI195,Air India,CCU,MAA,2026-04-18 02:58:41.703,2026-04-18 04:57:41.703,01:59:00,119.0,CCU → MAA,2026-04-18,2026-04-18,2,4,False
UK072,Vistara,BOM,BLR,2026-04-18 02:55:41.702,2026-04-18 05:55:42.000,03:00:00.298000,180.0,BOM → BLR,2026-04-18,2026-04-18,2,5,False
AI244,Air India,BLR,BOM,2026-04-18 02:50:41.704,2026-04-18 03:25:41.704,00:35:00,35.0,BLR → BOM,2026-04-18,2026-04-18,2,3,False
SJ059,SpiceJet,CCU,DEL,2026-04-18 02:50:41.701,2026-04-18 04:06:41.701,01:16:00,76.0,CCU → DEL,2026-04-18,2026-04-18,2,4,False
SJ009,SpiceJet,CCU,BLR,2026-04-18 02:48:41.701,2026-04-18 04:23:41.701,01:35:00,95.0,CCU → BLR,2026-04-18,2026-04-18,2,4,False
AI121,Air India,HYD,MAA,2026-04-18 02:42:41.702,2026-04-18 06:11:41.702,03:29:00,209.0,HYD → MAA,2026-04-18,2026-04-18,2,6,False
6F265,UNKNOWN,DEL,HYD,2026-04-18 02:27:41.703,2026-04-18 03:24:41.703,00:57:00,57.0,DEL → HYD,2026-04-18,2026-04-18,2,3,False
6F110,IndiGo,HYD,DEL,2026-04-18 02:27:41.702,2026-04-18 05:48:41.702,03:21:00,201.0,HYD → DEL,2026-04-18,2026-04-18,2,5,False
UK018,Vistara,BOM,CCU,2026-04-18 02:15:41.701,2026-04-18 04:08:41.701,01:53:00,113.0,BOM → CCU,2026-04-18,2026-04-18,2,4,False
6F072,IndiGo,BLR,CCU,2026-04-18 02:14:41.702,2026-04-18 03:11:41.702,00:57:00,57.0,BLR → CCU,2026-04-18,2026-04-18,2,3,False
6F159,IndiGo,CCU,BOM,2026-04-18 02:08:41.703,2026-04-18 02:43:41.703,00:35:00,35.0,CCU → BOM,2026-04-18,2026-04-18,2,2,False
6F095,IndiGo,BLR,MAA,2026-04-18 01:53:41.702,2026-04-18 05:34:41.702,03:41:00,221.0,BLR → MAA,2026-04-18,2026-04-18,1,5,False
SJ129,SpiceJet,CCU,BOM,2026-04-18 01:48:41.702,2026-04-18 05:48:41.702,04:00:00,240.0,CCU → BOM,2026-04-18,2026-04-18,1,5,False
UK039,Vistara,HYD,BOM,2026-04-18 01:40:41.701,2026-04-18 02:53:41.701,01:13:00,73.0,HYD → BOM,2026-04-18,2026-04-18,1,2,False
6F130,IndiGo,DEL,HYD,2026-04-18 01:27:41.702,2026-04-18 02:45:41.702,01:18:00,78.0,DEL → HYD,2026-04-18,2026-04-18,1,2,False
6F247,IndiGo,DEL,HYD,2026-04-18 01:27:41.702,2026-04-18 02:45:41.702,01:18:00,78.0,DEL → HYD,2026-04-18,2026-04-18,1,2,False
SJ233,SpiceJet,DEL,HYD,2026-04-18 01:18:41.704,2026-04-18 02:56:41.704,01:38:00,98.0,DEL → HYD,2026-04-18,2026-04-18,1,2,False
6F231,IndiGo,HYD,MAA,2026-04-18 01:16:41.704,2026-04-18 05:43:41.704,04:27:00,267.0,HYD → MAA,2026-04-18,2026-04-18,1,5,False
AI125,UNKNOWN,CCU,DEL,2026-04-18 01:12:41.702,2026-04-18 04:51:41.702,03:39:00,219.0,CCU → DEL,2026-04-18,2026-04-18,1,4,False
6F102,IndiGo,HYD,MAA,2026-04-18 01:10:41.702,2026-04-18 02:24:41.702,01:14:00,74.0,HYD → MAA,2026-04-18,2026-04-18,1,2,False
UK078,Vistara,BOM,HYD,2026-04-18 01:03:41.702,2026-04-18 04:32:41.702,03:29:00,209.0,BOM → HYD,2026-04-18,2026-04-18,1,4,False
UK043,UNKNOWN,DEL,HYD,2026-04-18 00:48:41.701,2026-04-18 04:52:41.701,04:04:00,244.0,DEL → HYD,2026-04-18,2026-04-18,0,4,False
AI144,Air India,MAA,BOM,2026-04-18 00:43:41.702,2026-04-18 03:36:41.702,02:53:00,173.0,MAA → BOM,2026-04-18,2026-04-18,0,3,False
UK054,Vistara,BLR,BOM,2026-04-18 00:37:41.701,2026-04-18 05:30:41.701,04:53:00,293.0,BLR → BOM,2026-04-18,2026-04-18,0,5,False
UK108,Vistara,DEL,BLR,2026-04-18 00:28:41.702,2026-04-18 03:46:41.702,03:18:00,198.0,DEL → BLR,2026-04-18,2026-04-18,0,3,False
6F008,IndiGo,DEL,BOM,2026-04-18 00:14:41.701,2026-04-18 04:59:41.701,04:45:00,285.0,DEL → BOM,2026-04-18,2026-04-18,0,4,False
6F106,IndiGo,BOM,CCU,2026-04-18 00:10:41.702,2026-04-18 01:52:41.702,01:42:00,102.0,BOM → CCU,2026-04-18,2026-04-18,0,1,False
AI203,Air India,BOM,CCU,2026-04-18 00:09:41.703,2026-04-18 02:56:41.703,02:47:00,167.0,BOM → CCU,2026-04-18,2026-04-18,0,2,False
AI065,UNKNOWN,MAA,BLR,2026-04-18 00:09:41.701,2026-04-18 05:00:41.701,04:51:00,291.0,MAA → BLR,2026-04-18,2026-04-18,0,5,False
UK053,Vistara,BLR,BOM,2026-04-17 23:56:41.701,2026-04-18 02:46:41.701,02:50:00,170.0,BLR → BOM,2026-04-17,2026-04-18,23,2,True
UK086,Vistara,CCU,BLR,2026-04-17 23:55:41.702,2026-04-18 02:27:41.702,02:32:00,152.0,CCU → BLR,2026-04-17,2026-04-18,23,2,True
SJ223,SpiceJet,HYD,MAA,2026-04-17 23:54:41.703,2026-04-18 01:08:41.703,01:14:00,74.0,HYD → MAA,2026-04-17,2026-04-18,23,1,True
6F069,IndiGo,MAA,BLR,2026-04-17 23:44:41.701,2026-04-18 03:17:41.701,03:33:00,213.0,MAA → BLR,2026-04-17,2026-04-18,23,3,True
6F032,IndiGo,DEL,BOM,2026-04-17 23:43:41.701,2026-04-18 02:22:41.701,02:39:00,159.0,DEL → BOM,2026-04-17,2026-04-18,23,2,True
UK178,Vistara,DEL,BLR,2026-04-17 23:41:41.703,2026-04-18 04:09:41.703,04:28:00,268.0,DEL → BLR,2026-04-17,2026-04-18,23,4,True
6F108,IndiGo,DEL,HYD,2026-04-17 23:41:41.702,2026-04-18 03:23:41.702,03:42:00,222.0,DEL → HYD,2026-04-17,2026-04-18,23,3,True
UK147,Vistara,CCU,DEL,2026-04-17 23:35:41.703,2026-04-18 02:55:41.703,03:20:00,200.0,CCU → DEL,2026-04-17,2026-04-18,23,2,True
AI187,Air India,BLR,HYD,2026-04-17 23:32:41.703,2026-04-18 01:16:41.703,01:44:00,104.0,BLR → HYD,2026-04-17,2026-04-18,23,1,True
UK213,Vistara,BOM,CCU,2026-04-17 23:21:41.704,2026-04-18 01:01:41.704,01:40:00,100.0,BOM → CCU,2026-04-17,2026-04-18,23,1,True
AI035,Air India,DEL,MAA,2026-04-17 23:17:41.701,2026-04-18 00:48:41.701,01:31:00,91.0,DEL → MAA,2026-04-17,2026-04-18,23,0,True
UK186,Vistara,BOM,BLR,2026-04-17 23:05:41.703,2026-04-18 02:22:41.703,03:17:00,197.0,BOM → BLR,2026-04-17,2026-04-18,23,2,True
6F045,IndiGo,BOM,HYD,2026-04-17 23:04:41.701,2026-04-18 03:38:41.701,04:34:00,274.0,BOM → HYD,2026-04-17,2026-04-18,23,3,True
UK025,Vistara,DEL,BOM,2026-04-17 22:55:41.701,2026-04-18 02:47:41.701,03:52:00,232.0,DEL → BOM,2026-04-17,2026-04-18,22,2,True
UK162,Vistara,BOM,CCU,2026-04-17 22:47:41.703,2026-04-18 00:21:41.703,01:34:00,94.0,BOM → CCU,2026-04-17,2026-04-18,22,0,True
AI157,Air India,BLR,CCU,2026-04-17 22:45:41.703,2026-04-18 01:33:41.703,02:48:00,168.0,BLR → CCU,2026-04-17,2026-04-18,22,1,True
6F096,IndiGo,MAA,BLR,2026-04-17 22:45:41.702,2026-04-18 02:58:41.702,04:13:00,253.0,MAA → BLR,2026-04-17,2026-04-18,22,2,True
SJ229,SpiceJet,CCU,DEL,2026-04-17 22:25:41.704,2026-04-18 00:27:41.704,02:02:00,122.0,CCU → DEL,2026-04-17,2026-04-18,22,0,True
AI214,Air India,CCU,DEL,2026-04-17 22:23:41.703,2026-04-18 02:49:41.703,04:26:00,266.0,CCU → DEL,2026-04-17,2026-04-18,22,2,True
6F205,IndiGo,HYD,BOM,2026-04-17 22:16:41.703,2026-04-18 00:02:41.703,01:46:00,106.0,HYD → BOM,2026-04-17,2026-04-18,22,0,True
SJ157,SpiceJet,DEL,HYD,2026-04-17 22:11:41.703,2026-04-18 01:05:41.703,02:54:00,174.0,DEL → HYD,2026-04-17,2026-04-18,22,1,True
UK114,Vistara,HYD,CCU,2026-04-17 22:10:41.702,2026-04-17 23:58:41.702,01:48:00,108.0,HYD → CCU,2026-04-17,2026-04-17,22,23,False
6F054,IndiGo,HYD,BLR,2026-04-17 22:00:41.701,2026-04-18 01:25:41.701,03:25:00,205.0,HYD → BLR,2026-04-17,2026-04-18,22,1,True
6F216,IndiGo,BLR,DEL,2026-04-17 21:58:41.704,2026-04-18 02:51:41.704,04:53:00,293.0,BLR → DEL,2026-04-17,2026-04-18,21,2,True
AI231,Air India,DEL,HYD,2026-04-17 21:52:41.704,2026-04-17 23:51:41.704,01:59:00,119.0,DEL → HYD,2026-04-17,2026-04-17,21,23,False
UK103,Vistara,MAA,DEL,2026-04-17 21:52:41.702,2026-04-18 01:06:41.702,03:14:00,194.0,MAA → DEL,2026-04-17,2026-04-18,21,1,True
AI066,Air India,HYD,MAA,2026-04-17 21:51:41.701,2026-04-18 00:11:41.701,02:20:00,140.0,HYD → MAA,2026-04-17,2026-04-18,21,0,True
6F186,IndiGo,HYD,BOM,2026-04-17 21:48:41.703,2026-04-18 02:02:41.703,04:14:00,254.0,HYD → BOM,2026-04-17,2026-04-18,21,2,True
AI021,Air India,DEL,HYD,2026-04-17 21:39:41.701,2026-04-18 01:38:41.701,03:59:00,239.0,DEL → HYD,2026-04-17,2026-04-18,21,1,True
AI113,Air India,CCU,HYD,2026-04-17 21:21:41.702,2026-04-17 23:51:41.702,02:30:00,150.0,CCU → HYD,2026-04-17,2026-04-17,21,23,False
SJ031,SpiceJet,DEL,BOM,2026-04-17 21:20:41.701,2026-04-17 22:29:41.701,01:09:00,69.0,DEL → BOM,2026-04-17,2026-04-17,21,22,False
UK217,Vistara,MAA,CCU,2026-04-17 21:19:41.704,2026-04-17 22:14:41.704,00:55:00,55.0,MAA → CCU,2026-04-17,2026-04-17,21,22,False
SJ120,SpiceJet,MAA,BLR,2026-04-17 21:19:41.702,2026-04-18 00:56:41.702,03:37:00,217.0,MAA → BLR,2026-04-17,2026-04-18,21,0,True
UK180,Vistara,CCU,MAA,2026-04-17 21:18:41.703,2026-04-17 23:29:41.703,02:11:00,131.0,CCU → MAA,2026-04-17,2026-04-17,21,23,False
6F242,IndiGo,BLR,MAA,2026-04-17 21:10:41.704,2026-04-18 01:04:41.704,03:54:00,234.0,BLR → MAA,2026-04-17,2026-04-18,21,1,True
UK080,Vistara,BLR,MAA,2026-04-17 21:09:41.702,2026-04-17 22:29:41.702,01:20:00,80.0,BLR → MAA,2026-04-17,2026-04-17,21,22,False
SJ124,SpiceJet,HYD,DEL,2026-04-17 21:05:41.702,2026-04-18 01:12:41.702,04:07:00,247.0,HYD → DEL,2026-04-17,2026-04-18,21,1,True
SJ115,SpiceJet,BOM,HYD,2026-04-17 21:05:41.702,2026-04-17 23:10:41.702,02:05:00,125.0,BOM → HYD,2026-04-17,2026-04-17,21,23,False
AI081,Air India,CCU,BOM,2026-04-17 21:03:41.702,2026-04-17 22:51:41.702,01:48:00,108.0,CCU → BOM,2026-04-17,2026-04-17,21,22,False
AI142,Air India,BOM,DEL,2026-04-17 20:49:41.702,2026-04-17 23:03:41.702,02:14:00,134.0,BOM → DEL,2026-04-17,2026-04-17,20,23,False
UK052,Vistara,BLR,CCU,2026-04-17 20:48:41.701,2026-04-17 21:40:41.701,00:52:00,52.0,BLR → CCU,2026-04-17,2026-04-17,20,21,False
UK014,Vistara,HYD,MAA,2026-04-17 20:41:41.701,2026-04-17 22:06:41.701,01:25:00,85.0,HYD → MAA,2026-04-17,2026-04-17,20,22,False
AI230,UNKNOWN,CCU,BLR,2026-04-17 20:37:41.704,2026-04-18 00:22:41.704,03:45:00,225.0,CCU → BLR,2026-04-17,2026-04-18,20,0,True
6F268,UNKNOWN,DEL,MAA,2026-04-17 20:29:41.701,2026-04-17 21:58:41.701,01:29:00,89.0,DEL → MAA,2026-04-17,2026-04-17,20,21,False
AI124,Air India,CCU,HYD,2026-04-17 20:28:41.702,2026-04-18 00:00:41.702,03:32:00,212.0,CCU → HYD,2026-04-17,2026-04-18,20,0,True
6F082,IndiGo,BOM,BLR,2026-04-17 20:26:41.702,2026-04-17 22:26:41.702,02:00:00,120.0,BOM → BLR,2026-04-17,2026-04-17,20,22,False
SJ035,SpiceJet,CCU,DEL,2026-04-17 20:15:41.701,2026-04-17 21:15:42.000,01:00:00.299000,60.0,CCU → DEL,2026-04-17,2026-04-17,20,21,False
SJ095,SpiceJet,DEL,MAA,2026-04-17 20:09:41.702,2026-04-17 23:13:41.702,03:04:00,184.0,DEL → MAA,2026-04-17,2026-04-17,20,23,False
UK230,Vistara,BLR,BOM,2026-04-17 20:02:41.704,2026-04-17 21:35:41.704,01:33:00,93.0,BLR → BOM,2026-04-17,2026-04-17,20,21,False
UK171,Vistara,HYD,CCU,2026-04-17 19:59:41.703,2026-04-17 22:53:41.703,02:54:00,174.0,HYD → CCU,2026-04-17,2026-04-17,19,22,False
6F147,IndiGo,HYD,MAA,2026-04-17 19:57:41.703,2026-04-18 00:31:41.703,04:34:00,274.0,HYD → MAA,2026-04-17,2026-04-18,19,0,True
SJ212,UNKNOWN,MAA,BLR,2026-04-17 19:49:41.703,2026-04-17 21:44:41.703,01:55:00,115.0,MAA → BLR,2026-04-17,2026-04-17,19,21,False
6F080,IndiGo,HYD,MAA,2026-04-17 19:47:41.702,2026-04-17 23:13:41.702,03:26:00,206.0,HYD → MAA,2026-04-17,2026-04-17,19,23,False
UK049,Vistara,HYD,BOM,2026-04-17 19:47:41.701,2026-04-17 20:32:41.701,00:45:00,45.0,HYD → BOM,2026-04-17,2026-04-17,19,20,False
AI152,Air India,BLR,CCU,2026-04-17 19:21:41.703,2026-04-17 20:26:41.703,01:05:00,65.0,BLR → CCU,2026-04-17,2026-04-17,19,20,False
AI162,Air India,MAA,DEL,2026-04-17 19:20:41.703,2026-04-17 22:40:41.703,03:20:00,200.0,MAA → DEL,2026-04-17,2026-04-17,19,22,False
SJ037,SpiceJet,BLR,BOM,2026-04-17 19:14:41.701,2026-04-17 22:31:41.701,03:17:00,197.0,BLR → BOM,2026-04-17,2026-04-17,19,22,False
AI172,Air India,BOM,CCU,2026-04-17 19:08:41.703,2026-04-17 19:53:41.703,00:45:00,45.0,BOM → CCU,2026-04-17,2026-04-17,19,19,False
UK205,Vistara,HYD,MAA,2026-04-17 18:57:41.703,2026-04-17 21:46:41.703,02:49:00,169.0,HYD → MAA,2026-04-17,2026-04-17,18,21,False
AI199,Air India,HYD,DEL,2026-04-17 18:47:41.703,2026-04-17 22:26:41.703,03:39:00,219.0,HYD → DEL,2026-04-17,2026-04-17,18,22,False
6F241,IndiGo,DEL,HYD,2026-04-17 18:27:41.704,2026-04-17 19:02:41.704,00:35:00,35.0,DEL → HYD,2026-04-17,2026-04-17,18,19,False
SJ041,SpiceJet,CCU,HYD,2026-04-17 18:24:41.701,2026-04-17 22:59:41.701,04:35:00,275.0,CCU → HYD,2026-04-17,2026-04-17,18,22,False
AI064,Air India,BLR,MAA,2026-04-17 18:24:41.701,2026-04-17 20:07:41.701,01:43:00,103.0,BLR → MAA,2026-04-17,2026-04-17,18,20,False
UK169,Vistara,HYD,DEL,2026-04-17 18:12:41.703,2026-04-17 23:01:41.703,04:49:00,289.0,HYD → DEL,2026-04-17,2026-04-17,18,23,False
UK144,Vistara,BOM,CCU,2026-04-17 18:07:41.703,2026-04-17 20:59:41.703,02:52:00,172.0,BOM → CCU,2026-04-17,2026-04-17,18,20,False
AI118,Air India,HYD,MAA,2026-04-17 17:50:41.702,2026-04-17 19:59:41.702,02:09:00,129.0,HYD → MAA,2026-04-17,2026-04-17,17,19,False
SJ145,SpiceJet,BLR,HYD,2026-04-17 17:41:41.702,2026-04-17 20:38:41.702,02:57:00,177.0,BLR → HYD,2026-04-17,2026-04-17,17,20,False
SJ077,SpiceJet,BLR,MAA,2026-04-17 17:32:41.701,2026-04-17 19:40:41.701,02:08:00,128.0,BLR → MAA,2026-04-17,2026-04-17,17,19,False
AI126,Air India,MAA,HYD,2026-04-17 17:26:41.702,2026-04-17 20:48:41.702,03:22:00,202.0,MAA → HYD,2026-04-17,2026-04-17,17,20,False
SJ033,SpiceJet,HYD,DEL,2026-04-17 17:26:41.701,2026-04-17 18:51:41.701,01:25:00,85.0,HYD → DEL,2026-04-17,2026-04-17,17,18,False
SJ180,SpiceJet,HYD,CCU,2026-04-17 17:12:41.703,2026-04-17 22:00:41.703,04:48:00,288.0,HYD → CCU,2026-04-17,2026-04-17,17,22,False
6F183,IndiGo,MAA,HYD,2026-04-17 17:08:41.703,2026-04-17 19:52:41.703,02:44:00,164.0,MAA → HYD,2026-04-17,2026-04-17,17,19,False
AI145,UNKNOWN,DEL,BOM,2026-04-17 17:06:41.702,2026-04-17 21:31:41.702,04:25:00,265.0,DEL → BOM,2026-04-17,2026-04-17,17,21,False
6F089,IndiGo,DEL,HYD,2026-04-17 17:06:41.702,2026-04-17 19:10:41.702,02:04:00,124.0,DEL → HYD,2026-04-17,2026-04-17,17,19,False
6F207,IndiGo,BOM,HYD,2026-04-17 16:59:41.703,2026-04-17 21:00:41.703,04:01:00,241.0,BOM → HYD,2026-04-17,2026-04-17,16,21,False
AI229,Air India,HYD,MAA,2026-04-17 16:48:41.703,2026-04-17 18:40:41.703,01:52:00,112.0,HYD → MAA,2026-04-17,2026-04-17,16,18,False
6F223,IndiGo,MAA,BLR,2026-04-17 16:47:41.704,2026-04-17 17:21:41.704,00:34:00,34.0,MAA → BLR,2026-04-17,2026-04-17,16,17,False
6F116,IndiGo,MAA,CCU,2026-04-17 16:43:41.702,2026-04-17 19:02:41.702,02:19:00,139.0,MAA → CCU,2026-04-17,2026-04-17,16,19,False
SJ240,SpiceJet,BOM,HYD,2026-04-17 16:42:41.704,2026-04-17 20:21:41.704,03:39:00,219.0,BOM → HYD,2026-04-17,2026-04-17,16,20,False
SJ184,SpiceJet,CCU,DEL,2026-04-17 16:32:41.703,2026-04-17 21:00:41.703,04:28:00,268.0,CCU → DEL,2026-04-17,2026-04-17,16,21,False
AI087,Air India,MAA,DEL,2026-04-17 16:32:41.702,2026-04-17 20:30:41.702,03:58:00,238.0,MAA → DEL,2026-04-17,2026-04-17,16,20,False
UK148,Vistara,HYD,BOM,2026-04-17 16:31:41.703,2026-04-17 18:43:41.703,02:12:00,132.0,HYD → BOM,2026-04-17,2026-04-17,16,18,False
AI210,Air India,BLR,BOM,2026-04-17 16:13:41.703,2026-04-17 18:50:41.703,02:37:00,157.0,BLR → BOM,2026-04-17,2026-04-17,16,18,False
6F093,IndiGo,CCU,DEL,2026-04-17 16:09:41.702,2026-04-17 20:00:41.702,03:51:00,231.0,CCU → DEL,2026-04-17,2026-04-17,16,20,False
SJ080,SpiceJet,CCU,MAA,2026-04-17 16:04:41.702,2026-04-17 17:59:41.702,01:55:00,115.0,CCU → MAA,2026-04-17,2026-04-17,16,17,False
SJ005,SpiceJet,DEL,MAA,2026-04-17 16:03:41.701,2026-04-17 17:24:41.701,01:21:00,81.0,DEL → MAA,2026-04-17,2026-04-17,16,17,False
6F040,IndiGo,HYD,CCU,2026-04-17 15:52:41.701,2026-04-17 20:33:41.701,04:41:00,281.0,HYD → CCU,2026-04-17,2026-04-17,15,20,False
AI212,Air India,DEL,CCU,2026-04-17 15:31:41.703,2026-04-17 20:13:41.703,04:42:00,282.0,DEL → CCU,2026-04-17,2026-04-17,15,20,False
AI154,Air India,HYD,MAA,2026-04-17 15:25:41.703,2026-04-17 19:16:41.703,03:51:00,231.0,HYD → MAA,2026-04-17,2026-04-17,15,19,False
6F239,IndiGo,CCU,BOM,2026-04-17 15:24:41.704,2026-04-17 17:37:41.704,02:13:00,133.0,CCU → BOM,2026-04-17,2026-04-17,15,17,False
UK199,Vistara,BOM,CCU,2026-04-17 15:24:41.703,2026-04-17 18:55:41.703,03:31:00,211.0,BOM → CCU,2026-04-17,2026-04-17,15,18,False
6F218,IndiGo,BLR,BOM,2026-04-17 15:16:41.704,2026-04-17 19:03:41.704,03:47:00,227.0,BLR → BOM,2026-04-17,2026-04-17,15,19,False
6F011,IndiGo,MAA,BLR,2026-04-17 15:16:41.701,2026-04-17 17:16:42.000,02:00:00.299000,120.0,MAA → BLR,2026-04-17,2026-04-17,15,17,False
UK106,Vistara,BOM,CCU,2026-04-17 15:12:41.702,2026-04-17 17:23:41.702,02:11:00,131.0,BOM → CCU,2026-04-17,2026-04-17,15,17,False
UK030,Vistara,CCU,DEL,2026-04-17 15:11:41.701,2026-04-17 19:38:41.701,04:27:00,267.0,CCU → DEL,2026-04-17,2026-04-17,15,19,False
6F090,IndiGo,HYD,BLR,2026-04-17 15:10:41.702,2026-04-17 19:22:41.702,04:12:00,252.0,HYD → BLR,2026-04-17,2026-04-17,15,19,False
AI184,Air India,BOM,CCU,2026-04-17 15:03:41.703,2026-04-17 17:03:42.000,02:00:00.297000,120.0,BOM → CCU,2026-04-17,2026-04-17,15,17,False
SJ232,SpiceJet,MAA,BLR,2026-04-17 15:02:41.704,2026-04-17 19:22:41.704,04:20:00,260.0,MAA → BLR,2026-04-17,2026-04-17,15,19,False
AI153,Air India,BOM,CCU,2026-04-17 15:02:41.703,2026-04-17 16:30:41.703,01:28:00,88.0,BOM → CCU,2026-04-17,2026-04-17,15,16,False
UK101,Vistara,DEL,HYD,2026-04-17 15:00:41.702,2026-04-17 17:43:41.702,02:43:00,163.0,DEL → HYD,2026-04-17,2026-04-17,15,17,False
6F200,IndiGo,HYD,DEL,2026-04-17 14:54:41.703,2026-04-17 19:41:41.703,04:47:00,287.0,HYD → DEL,2026-04-17,2026-04-17,14,19,False
6F162,IndiGo,CCU,BOM,2026-04-17 14:50:41.703,2026-04-17 17:44:41.703,02:54:00,174.0,CCU → BOM,2026-04-17,2026-04-17,14,17,False
SJ197,SpiceJet,HYD,BLR,2026-04-17 14:49:41.703,2026-04-17 17:33:41.703,02:44:00,164.0,HYD → BLR,2026-04-17,2026-04-17,14,17,False
AI174,Air India,DEL,CCU,2026-04-17 14:45:41.703,2026-04-17 17:01:41.703,02:16:00,136.0,DEL → CCU,2026-04-17,2026-04-17,14,17,False
UK090,Vistara,HYD,MAA,2026-04-17 14:44:41.702,2026-04-17 17:24:41.702,02:40:00,160.0,HYD → MAA,2026-04-17,2026-04-17,14,17,False
UK124,Vistara,MAA,BLR,2026-04-17 14:35:41.702,2026-04-17 17:09:41.702,02:34:00,154.0,MAA → BLR,2026-04-17,2026-04-17,14,17,False
AI239,Air India,BOM,HYD,2026-04-17 14:33:41.704,2026-04-17 17:47:41.704,03:14:00,194.0,BOM → HYD,2026-04-17,2026-04-17,14,17,False
UK002,Vistara,CCU,MAA,2026-04-17 14:28:41.700,2026-04-17 19:20:41.700,04:52:00,292.0,CCU → MAA,2026-04-17,2026-04-17,14,19,False
SJ055,SpiceJet,HYD,MAA,2026-04-17 14:17:41.701,2026-04-17 17:56:41.701,03:39:00,219.0,HYD → MAA,2026-04-17,2026-04-17,14,17,False
UK132,Vistara,BOM,DEL,2026-04-17 14:12:41.702,2026-04-17 16:19:41.702,02:07:00,127.0,BOM → DEL,2026-04-17,2026-04-17,14,16,False
6F002,IndiGo,BLR,MAA,2026-04-17 14:11:41.700,2026-04-17 17:34:41.700,03:23:00,203.0,BLR → MAA,2026-04-17,2026-04-17,14,17,False
UK005,Vistara,BOM,MAA,2026-04-17 14:02:41.701,2026-04-17 18:14:41.701,04:12:00,252.0,BOM → MAA,2026-04-17,2026-04-17,14,18,False
6F258,UNKNOWN,BOM,DEL,2026-04-17 13:54:41.703,2026-04-17 16:49:41.703,02:55:00,175.0,BOM → DEL,2026-04-17,2026-04-17,13,16,False
SJ244,SpiceJet,BLR,DEL,2026-04-17 13:51:41.704,2026-04-17 15:39:41.704,01:48:00,108.0,BLR → DEL,2026-04-17,2026-04-17,13,15,False
AI075,Air India,CCU,DEL,2026-04-17 13:51:41.702,2026-04-17 16:49:41.702,02:58:00,178.0,CCU → DEL,2026-04-17,2026-04-17,13,16,False
AI160,Air India,MAA,DEL,2026-04-17 13:41:41.703,2026-04-17 17:01:41.703,03:20:00,200.0,MAA → DEL,2026-04-17,2026-04-17,13,17,False
UK091,Vistara,CCU,BOM,2026-04-17 13:37:41.702,2026-04-17 17:31:41.702,03:54:00,234.0,CCU → BOM,2026-04-17,2026-04-17,13,17,False
UK195,Vistara,HYD,BOM,2026-04-17 13:35:41.703,2026-04-17 16:35:41.703,03:00:00,180.0,HYD → BOM,2026-04-17,2026-04-17,13,16,False
6F044,IndiGo,DEL,HYD,2026-04-17 13:25:41.701,2026-04-17 17:36:41.701,04:11:00,251.0,DEL → HYD,2026-04-17,2026-04-17,13,17,False
6F248,IndiGo,DEL,HYD,2026-04-17 13:25:41.701,2026-04-17 17:36:41.701,04:11:00,251.0,DEL → HYD,2026-04-17,2026-04-17,13,17,False
6F204,IndiGo,DEL,CCU,2026-04-17 13:23:41.703,2026-04-17 16:04:41.703,02:41:00,161.0,DEL → CCU,2026-04-17,2026-04-17,13,16,False
SJ092,SpiceJet,BLR,MAA,2026-04-17 13:19:41.702,2026-04-17 17:56:41.702,04:37:00,277.0,BLR → MAA,2026-04-17,2026-04-17,13,17,False
AI119,Air India,MAA,BLR,2026-04-17 13:15:41.702,2026-04-17 15:57:41.702,02:42:00,162.0,MAA → BLR,2026-04-17,2026-04-17,13,15,False
AI151,Air India,MAA,HYD,2026-04-17 13:14:41.703,2026-04-17 14:10:41.703,00:56:00,56.0,MAA → HYD,2026-04-17,2026-04-17,13,14,False
UK107,Vistara,HYD,BOM,2026-04-17 13:09:41.702,2026-04-17 14:25:41.702,01:16:00,76.0,HYD → BOM,2026-04-17,2026-04-17,13,14,False
SJ019,SpiceJet,BLR,DEL,2026-04-17 13:07:41.701,2026-04-17 15:56:41.701,02:49:00,169.0,BLR → DEL,2026-04-17,2026-04-17,13,15,False
AI052,Air India,CCU,MAA,2026-04-17 13:06:41.701,2026-04-17 15:42:41.701,02:36:00,156.0,CCU → MAA,2026-04-17,2026-04-17,13,15,False
SJ177,SpiceJet,BOM,CCU,2026-04-17 13:04:41.703,2026-04-17 17:37:41.703,04:33:00,273.0,BOM → CCU,2026-04-17,2026-04-17,13,17,False
6F215,IndiGo,DEL,BLR,2026-04-17 13:00:41.703,2026-04-17 17:30:41.703,04:30:00,270.0,DEL → BLR,2026-04-17,2026-04-17,13,17,False
AI223,Air India,BOM,CCU,2026-04-17 12:53:41.703,2026-04-17 14:42:41.703,01:49:00,109.0,BOM → CCU,2026-04-17,2026-04-17,12,14,False
SJ069,SpiceJet,HYD,BLR,2026-04-17 12:53:41.701,2026-04-17 14:17:41.701,01:24:00,84.0,HYD → BLR,2026-04-17,2026-04-17,12,14,False
6F198,IndiGo,HYD,BLR,2026-04-17 12:40:41.703,2026-04-17 17:39:41.703,04:59:00,299.0,HYD → BLR,2026-04-17,2026-04-17,12,17,False
AI093,Air India,BOM,BLR,2026-04-17 12:35:41.702,2026-04-17 17:28:41.702,04:53:00,293.0,BOM → BLR,2026-04-17,2026-04-17,12,17,False
UK062,Vistara,HYD,DEL,2026-04-17 12:33:41.701,2026-04-17 15:35:41.701,03:02:00,182.0,HYD → DEL,2026-04-17,2026-04-17,12,15,False
6F057,IndiGo,MAA,DEL,2026-04-17 12:32:41.701,2026-04-17 15:50:41.701,03:18:00,198.0,MAA → DEL,2026-04-17,2026-04-17,12,15,False
UK064,Vistara,BOM,DEL,2026-04-17 12:25:41.701,2026-04-17 14:55:41.701,02:30:00,150.0,BOM → DEL,2026-04-17,2026-04-17,12,14,False
