booking_id,passenger_id,flight_id,booking_date,status,seat_number,payment_count,valid_payment_amount,missing_payment_amounts,payment_status_issue,airline,source,destination,departure_time,arrival_time,duration,duration_minutes,route,departure_date,arrival_date,departure_hour,arrival_hour,is_overnight,flight_match_status,passport_hash,emergency_contact_name_masked,emergency_contact_phone_masked
B1000,P1591,AI192,2025-06-14 11:37:36.951,CANCELLED,3D,0.0,0.0,0.0,No Issue,Air India,MAA,BOM,2026-04-20 23:05:41.703,2026-04-21 04:04:41.703,04:59:00,299.0,MAA → BOM,2026-04-20,2026-04-21,23.0,4.0,True,Matched,59e7e7738c8711b2f49be2c355b25b9bd41b780392aa2151796e8b52aaa0a056,I***i,**********5128
B1001,P1803,6F026,2025-11-02 11:37:36.951,CANCELLED,18A,0.0,0.0,0.0,No Issue,IndiGo,BOM,CCU,2026-04-20 22:46:42.000,2026-04-21 03:13:42.000,04:27:00,267.0,BOM → CCU,2026-04-20,2026-04-21,22.0,3.0,True,Matched,6a95f336b866dc4d580b61301c1a96016a5ec24e056b4062fcb7eb48c0e14578,A***a,**********8662
B1002,P1083,SJ010,2025-08-25 11:37:36.951,CANCELLED,30C,2.0,8593.08,0.0,Cancelled With Payment,SpiceJet,CCU,MAA,2026-04-20 23:38:41.701,2026-04-21 02:32:41.701,02:54:00,174.0,CCU → MAA,2026-04-20,2026-04-21,23.0,2.0,True,Matched,8d413701d70b517478f82789245fa033726307ec10b14c2c18fc6f6deb940931,U***n,**********8220
B1003,P1364,AI069,2025-12-30 11:37:36.951,CONFIRMED,33A,0.0,0.0,0.0,Confirmed Without Payment,UNKNOWN,DEL,BOM,2026-04-20 22:43:41.702,2026-04-21 02:29:41.702,03:46:00,226.0,DEL → BOM,2026-04-20,2026-04-21,22.0,2.0,True,Matched,19c4a665e8bc1266b54aee9a9925f0d4179044fbc7be190242d1b89272a91bff,H***l,**********6839
B1004,P1885,UK003,2025-10-02 11:37:36.951,PENDING,25C,1.0,12222.48,0.0,No Issue,UNKNOWN,HYD,DEL,2026-04-20 21:41:41.700,2026-04-21 02:19:41.700,04:38:00,278.0,HYD → DEL,2026-04-20,2026-04-21,21.0,2.0,True,Matched,d9157c803314e083e13c0307a6e506c2beaa8c6e96140c318f3a5626acdbf658,P***y,**********8266
B1005,P1548,AI048,2025-08-31 11:37:36.951,CONFIRMED,13D,1.0,13378.9,0.0,No Issue,Air India,CCU,DEL,2026-04-20 22:23:41.701,2026-04-21 02:15:41.701,03:52:00,232.0,CCU → DEL,2026-04-20,2026-04-21,22.0,2.0,True,Matched,caabc2281b0da4c39b0a3b311e88f27b268a54a206f841d415910424688d7c97,A***r,**********2726
B1006,P1341,AI140,2025-06-29 11:37:36.951,CANCELLED,17F,1.0,14980.37,0.0,Cancelled With Payment,Air India,BOM,DEL,2026-04-20 22:25:41.702,2026-04-21 02:08:41.702,03:43:00,223.0,BOM → DEL,2026-04-20,2026-04-21,22.0,2.0,True,Matched,819d0525b412722fb313faf87f81a43b74df29a993116bd79095a97e202b44a5,T***l,**********7864
B1007,P1838,UK167,2026-03-12 11:37:36.951,CONFIRMED,22E,0.0,0.0,0.0,Confirmed Without Payment,Vistara,DEL,MAA,2026-04-20 22:45:41.703,2026-04-21 01:46:41.703,03:01:00,181.0,DEL → MAA,2026-04-20,2026-04-21,22.0,1.0,True,Matched,481f342177d3cec469338517a9902c34973ae3e01e73170d054a2a22e8fed7a7,Y***a,**********5776
B1008,P1406,AI245,2025-09-07 11:37:36.951,PENDING,34F,0.0,0.0,0.0,No Issue,Air India,BOM,CCU,2026-04-20 23:07:41.704,2026-04-21 01:43:41.704,02:36:00,156.0,BOM → CCU,2026-04-20,2026-04-21,23.0,1.0,True,Matched,8c98a8c9d9ef366ea590a63c5fda7f9b38e3d7fd7cc2e1a664b318ac10d81116,R***i,**********8807
B1009,P1424,SJ158,2025-04-28 11:37:36.951,CANCELLED,33C,0.0,0.0,0.0,No Issue,SpiceJet,DEL,HYD,2026-04-20 23:05:41.703,2026-04-21 01:24:41.703,02:19:00,139.0,DEL → HYD,2026-04-20,2026-04-21,23.0,1.0,True,Matched,16d60fe92f5a58498240b07d1f06756c4004ccb8ac1a35e2805525d1a10f4bd5,T***n,**********6278
B1010,P1743,AI155,2025-11-24 11:37:36.951,CONFIRMED,15B,1.0,0.0,1.0,Missing Payment Amount,Air India,BOM,CCU,2026-04-20 23:35:41.703,2026-04-21 01:23:41.703,01:48:00,108.0,BOM → CCU,2026-04-20,2026-04-21,23.0,1.0,True,Matched,9b8bc958eb99de8fb7b16058960d026a06b3e7d596f3a18533a6dc3e4ff6331d,A***a,**********9414
B1011,P1092,AI179,2025-10-25 11:37:36.951,CONFIRMED,22C,1.0,2115.18,0.0,No Issue,Air India,HYD,BOM,2026-04-20 20:41:41.703,2026-04-21 01:19:41.703,04:38:00,278.0,HYD → BOM,2026-04-20,2026-04-21,20.0,1.0,True,Matched,2c38e171d27dcd125c6913f4d1c146a8da98219f63f72633e64e7bc3f19ef100,N***i,**********6153
B1012,P1847,AI137,2025-08-15 11:37:36.951,PENDING,28B,4.0,23702.39,1.0,Missing Payment Amount,Air India,BOM,DEL,2026-04-20 22:49:41.702,2026-04-21 01:17:41.702,02:28:00,148.0,BOM → DEL,2026-04-20,2026-04-21,22.0,1.0,True,Matched,e6d22eaeb25269dd78b2086a7fbc88ea5604221f886dccec006c8c8cd13d8487,H***l,**********6860
B1013,P1613,SJ001,2025-07-20 11:37:36.951,CONFIRMED,26E,1.0,1176.33,0.0,No Issue,SpiceJet,BOM,MAA,2026-04-20 20:28:41.700,2026-04-21 01:15:41.700,04:47:00,287.0,BOM → MAA,2026-04-20,2026-04-21,20.0,1.0,True,Matched,fab85083e9f77799da2810373757ab2bcaba789e60580d046078a73a50453c99,N***e,**********6561
B1014,P1411,SJ172,2025-09-15 11:37:36.951,PENDING,21E,0.0,0.0,0.0,No Issue,SpiceJet,CCU,DEL,2026-04-20 21:58:41.703,2026-04-21 01:14:41.703,03:16:00,196.0,CCU → DEL,2026-04-20,2026-04-21,21.0,1.0,True,Matched,ce79ecb116713ff5346d04d528e0b69c111ddb29f89f71c7489847f9def6277f,G***y,**********9979
B1015,P1431,UK094,2025-10-21 11:37:36.951,,6F,2.0,19609.66,0.0,No Issue,Vistara,BOM,CCU,2026-04-20 23:26:41.702,2026-04-21 01:11:41.702,01:45:00,105.0,BOM → CCU,2026-04-20,2026-04-21,23.0,1.0,True,Matched,e80647128945b84453cc832b9d012cca149f24816051350fa337a4774bb9f73b,G***i,**********5012
B1016,P1677,UK027,2026-01-13 11:37:36.951,CANCELLED,6A,2.0,23800.77,0.0,Cancelled With Payment,Vistara,BOM,CCU,2026-04-20 22:44:41.701,2026-04-21 01:05:41.701,02:21:00,141.0,BOM → CCU,2026-04-20,2026-04-21,22.0,1.0,True,Matched,45ac44b766f544618147856de9f9ccef98e3e4a1cba38f6935f57ff86e03e8ea,G***r,**********0204
B1017,P1158,UK067,2026-04-04 11:37:36.951,CONFIRMED,13B,0.0,0.0,0.0,Confirmed Without Payment,Vistara,BOM,CCU,2026-04-20 21:36:41.701,2026-04-21 01:02:41.701,03:26:00,206.0,BOM → CCU,2026-04-20,2026-04-21,21.0,1.0,True,Matched,f27605d14d86e057ee7d1bb667412de210b87865cc6b2b19d6cf9c9030fc6f52,H***a,**********8257
B1018,P1013,6F196,2026-03-25 11:37:36.951,CANCELLED,19B,1.0,2588.63,0.0,Cancelled With Payment,IndiGo,CCU,MAA,2026-04-20 23:04:41.703,2026-04-21 00:47:41.703,01:43:00,103.0,CCU → MAA,2026-04-20,2026-04-21,23.0,0.0,True,Matched,f08afc002842ef6c16197f0905029ce91549bdec0d015e96e30190fc31969a97,C***f,**********0106
B1019,P1372,6F164,2025-07-31 11:37:36.951,CANCELLED,19A,3.0,18621.0,1.0,Missing Payment Amount,IndiGo,BLR,BOM,2026-04-20 22:18:41.703,2026-04-21 00:45:41.703,02:27:00,147.0,BLR → BOM,2026-04-20,2026-04-21,22.0,0.0,True,Matched,451e03d407510f4369ae3ce78672045ebc6e9a3a6fdee26b568e98bb183b3930,J***n,**********0835
B1020,P1224,SJ112,2025-12-06 11:37:36.951,CONFIRMED,27B,1.0,8150.35,0.0,No Issue,SpiceJet,HYD,DEL,2026-04-20 22:20:41.702,2026-04-21 00:40:41.702,02:20:00,140.0,HYD → DEL,2026-04-20,2026-04-21,22.0,0.0,True,Matched,548bb24f886551bdb139f2dd77f8d6f472d18d3fd99a207204fc30e6ad2c5a90,F***n,**********6249
B1021,P1504,6F190,2025-12-07 11:37:36.951,CANCELLED,4E,1.0,6949.93,0.0,Cancelled With Payment,IndiGo,DEL,MAA,2026-04-20 20:02:41.703,2026-04-21 00:36:41.703,04:34:00,274.0,DEL → MAA,2026-04-20,2026-04-21,20.0,0.0,True,Matched,a81b91b550af858b5813b47037200dedd33d200c4448b11e296e408de35de8df,J***a,**********0161
B1022,P1072,AI080,2026-03-25 11:37:36.951,CONFIRMED,16F,0.0,0.0,0.0,Confirmed Without Payment,Air India,BOM,HYD,2026-04-20 23:03:41.702,2026-04-21 00:35:41.702,01:32:00,92.0,BOM → HYD,2026-04-20,2026-04-21,23.0,0.0,True,Matched,d10b00994471367e9ef55092ad4fdad4c157e38636d7981e73d0271f0f4b9562,E***h,**********7221
B1023,P1248,6F213,2026-02-03 11:37:36.951,PENDING,24B,1.0,13057.27,0.0,No Issue,IndiGo,BLR,BOM,2026-04-20 21:05:41.703,2026-04-21 00:32:41.703,03:27:00,207.0,BLR → BOM,2026-04-20,2026-04-21,21.0,0.0,True,Matched,baf43ee0438d2412221049ea57b7cc8ae12e72fb43e4330b1dac75ca683c41b0,V***n,**********9325
B1024,P1510,AI115,2025-06-21 11:37:36.951,PENDING,30F,1.0,4857.79,0.0,No Issue,Air India,MAA,BLR,2026-04-20 19:37:41.702,2026-04-21 00:26:41.702,04:49:00,289.0,MAA → BLR,2026-04-20,2026-04-21,19.0,0.0,True,Matched,93992d112475cbf9a55b714ec62eeec9e22502e58494767bc38df2389738e843,F***l,**********8072
B1025,P1602,SJ049,2026-03-18 11:37:36.951,PENDING,1B,3.0,36122.96,0.0,No Issue,SpiceJet,CCU,DEL,2026-04-20 20:26:41.701,2026-04-21 00:26:41.701,04:00:00,240.0,CCU → DEL,2026-04-20,2026-04-21,20.0,0.0,True,Matched,1012f26ddc18bc3edf4a8ec464d0c27061f88c4b6af0e1a474b1b4b7e1a1798c,H***i,**********2966
B1026,P1215,AI058,2025-06-27 11:37:36.951,CONFIRMED,32C,2.0,13204.36,0.0,No Issue,Air India,BOM,CCU,2026-04-20 22:40:41.701,2026-04-21 00:18:41.701,01:38:00,98.0,BOM → CCU,2026-04-20,2026-04-21,22.0,0.0,True,Matched,56b08f0dbe81e0fd17a2f4fcf51d07e3893bf17d4a3de4b43cf344fcd3932fae,A***y,**********6345
B1027,P1972,UK036,2025-07-25 11:37:36.951,CONFIRMED,22A,1.0,7503.17,0.0,No Issue,Vistara,CCU,BLR,2026-04-20 19:48:41.701,2026-04-21 00:12:41.701,04:24:00,264.0,CCU → BLR,2026-04-20,2026-04-21,19.0,0.0,True,Matched,5739e14cea5a14e268d82ad903d9cafa002c471187ff90bfaf9eb056abc7e070,J***a,**********0795
B1028,P1601,SJ239,2025-05-25 11:37:36.951,CANCELLED,26E,0.0,0.0,0.0,No Issue,SpiceJet,BOM,CCU,2026-04-20 22:24:41.704,2026-04-21 00:10:41.704,01:46:00,106.0,BOM → CCU,2026-04-20,2026-04-21,22.0,0.0,True,Matched,807a50e4d654f4cea485c6ebd7274f050195fed06f879b3f975a2ea1102d1213,K***t,**********0757
B1029,P1540,6F025,2025-06-06 11:37:36.951,CANCELLED,19C,0.0,0.0,0.0,No Issue,IndiGo,BLR,BOM,2026-04-20 23:02:41.701,2026-04-20 23:57:41.701,00:55:00,55.0,BLR → BOM,2026-04-20,2026-04-20,23.0,23.0,False,Matched,47899709761c35e8690311381c256b2ace1142579dbfbabbd5611fe4847d60b4,S***e,**********4016
B1030,P1946,6F236,2026-03-18 11:37:36.951,CANCELLED,21E,0.0,0.0,0.0,No Issue,IndiGo,BOM,DEL,2026-04-20 20:35:41.704,2026-04-20 23:54:41.704,03:19:00,199.0,BOM → DEL,2026-04-20,2026-04-20,20.0,23.0,False,Matched,d307a6378262c7c97a0e60c8f2f05e982b98a6d02bf77945a704c32d11bcac24,E***g,**********1429
B1031,P1816,AI060,2025-11-16 11:37:36.951,CANCELLED,1E,1.0,7056.42,0.0,Cancelled With Payment,Air India,DEL,HYD,2026-04-20 21:58:41.701,2026-04-20 23:51:41.701,01:53:00,113.0,DEL → HYD,2026-04-20,2026-04-20,21.0,23.0,False,Matched,62954bcb007746dbaec8db12bda3bb7a0172e448d87fb8570bf3aea1f29eb383,Y***e,**********3949
B1032,P1938,UK021,2025-09-03 11:37:36.951,CANCELLED,18E,0.0,0.0,0.0,No Issue,Vistara,HYD,MAA,2026-04-20 22:00:41.701,2026-04-20 23:50:41.701,01:50:00,110.0,HYD → MAA,2026-04-20,2026-04-20,22.0,23.0,False,Matched,718575c7b7ffd0a23741e5ffd212fb012588f8db1b7b54f2e002d3792df04927,T***n,**********8599
B1033,P1987,UK026,2025-05-06 11:37:36.951,,19A,3.0,17076.39,1.0,Missing Payment Amount,Vistara,HYD,MAA,2026-04-20 21:38:41.701,2026-04-20 23:44:41.701,02:06:00,126.0,HYD → MAA,2026-04-20,2026-04-20,21.0,23.0,False,Matched,a52d3cb89e597a683b8e4923f892a18b9cc227fa05208424f920f164b5149ef6,A***a,**********4041
B1034,P1219,SJ179,2025-12-31 11:37:36.951,CONFIRMED,22F,0.0,0.0,0.0,Confirmed Without Payment,SpiceJet,DEL,HYD,2026-04-20 20:09:41.703,2026-04-20 23:39:41.703,03:30:00,210.0,DEL → HYD,2026-04-20,2026-04-20,20.0,23.0,False,Matched,151e90282739e28aa3bcac20bd2620783b9466e601c1ebd3a504fdd82c37fab6,E***a,**********0606
B1035,P1839,6F251,2025-08-21 11:37:36.951,PENDING,11D,0.0,0.0,0.0,No Issue,UNKNOWN,DEL,BLR,2026-04-20 22:56:41.703,2026-04-20 23:37:41.703,00:41:00,41.0,DEL → BLR,2026-04-20,2026-04-20,22.0,23.0,False,Matched,b20f5000d5f6615e42319e1f83503e20184791399b293b54e72a70c98fe7cccb,V***y,**********1517
B1036,P1726,SJ149,2025-11-24 11:37:36.951,PENDING,5B,1.0,5144.89,0.0,No Issue,SpiceJet,HYD,MAA,2026-04-20 21:20:41.702,2026-04-20 23:20:42.000,02:00:00.298000,120.0,HYD → MAA,2026-04-20,2026-04-20,21.0,23.0,False,Matched,138ba87501deb785f7f1ca7bf1f15783178fc5b5d828e5f569b9aa7c8bf32d58,D***n,**********3647
B1037,P1220,AI188,2026-03-20 11:37:36.951,PENDING,33E,0.0,0.0,0.0,No Issue,Air India,CCU,HYD,2026-04-20 20:16:41.703,2026-04-20 23:02:41.703,02:46:00,166.0,CCU → HYD,2026-04-20,2026-04-20,20.0,23.0,False,Matched,f583dd86ac1ab40cb5a19a1a3361bb223d0bfe35d9aef8f50d06436cb0051cf2,A***i,**********5418
B1038,P1388,SJ093,2026-01-01 11:37:36.951,PENDING,12D,0.0,0.0,0.0,No Issue,SpiceJet,BLR,BOM,2026-04-20 21:55:41.702,2026-04-20 23:01:41.702,01:06:00,66.0,BLR → BOM,2026-04-20,2026-04-20,21.0,23.0,False,Matched,2269d969b6195ed518ce51572ce2699f9ff19ba2195a691dc4ecb3eb6a2b62b7,S***y,**********6192
B1039,P1553,SJ205,2025-08-21 11:37:36.951,CONFIRMED,11E,3.0,24656.690000000002,0.0,No Issue,SpiceJet,HYD,CCU,2026-04-20 21:56:41.703,2026-04-20 23:00:41.703,01:04:00,64.0,HYD → CCU,2026-04-20,2026-04-20,21.0,23.0,False,Matched,f29a77a8a97066be9719ce5f8afac04532cb302ae465eeaa9e72ad183d193d22,S***a,**********9854
B1040,P1646,6F099,2025-08-08 11:37:36.951,CONFIRMED,26B,0.0,0.0,0.0,Confirmed Without Payment,IndiGo,MAA,DEL,2026-04-20 22:24:41.702,2026-04-20 22:59:41.702,00:35:00,35.0,MAA → DEL,2026-04-20,2026-04-20,22.0,22.0,False,Matched,bcd1bf6246a8cf6477aa216c1deb2f96288f371bb92207024ee28f4c3b5758e1,M***r,**********5230
B1041,P1041,UK176,2025-05-28 11:37:36.951,CONFIRMED,25C,2.0,23580.18,0.0,No Issue,Vistara,HYD,BLR,2026-04-20 18:41:41.703,2026-04-20 22:49:41.703,04:08:00,248.0,HYD → BLR,2026-04-20,2026-04-20,18.0,22.0,False,Matched,86e67dbe9d95297aa5cdd7d7430bac23c7c85f7b1094844241d74ea65dd7c047,L***a,**********6035
B1042,P1675,UK200,2025-12-02 11:37:36.951,CANCELLED,24F,1.0,14402.39,0.0,Cancelled With Payment,Vistara,CCU,DEL,2026-04-20 20:54:41.703,2026-04-20 22:45:41.703,01:51:00,111.0,CCU → DEL,2026-04-20,2026-04-20,20.0,22.0,False,Matched,8e2d9b98b2af010a6674cd2be08b1dee592135a6d9f3e13e3d44518d1e531a12,L***y,**********5890
B1043,P1872,6F195,2025-11-22 11:37:36.951,CANCELLED,8E,1.0,8291.6,0.0,Cancelled With Payment,IndiGo,CCU,DEL,2026-04-20 21:44:41.703,2026-04-20 22:39:41.703,00:55:00,55.0,CCU → DEL,2026-04-20,2026-04-20,21.0,22.0,False,Matched,af93a48a3274117cf67cda9e45fa3099ebf7c73e5d88b05f9e7bb825909489a8,A***a,**********1388
B1044,P1282,6F174,2026-04-12 11:37:36.951,PENDING,16C,1.0,1199.88,0.0,No Issue,IndiGo,DEL,HYD,2026-04-20 21:36:41.703,2026-04-20 22:16:41.703,00:40:00,40.0,DEL → HYD,2026-04-20,2026-04-20,21.0,22.0,False,Matched,16e174d0fb53c3ef2600c14f80d1b1dbc2b2ea88a664ec0d44404c7f2489a05a,M***k,**********0954
B1045,P1057,SJ214,2026-03-19 11:37:36.951,,18C,3.0,6732.210000000001,1.0,Missing Payment Amount,SpiceJet,BOM,MAA,2026-04-20 20:54:41.703,2026-04-20 22:10:41.703,01:16:00,76.0,BOM → MAA,2026-04-20,2026-04-20,20.0,22.0,False,Matched,fb7a1818d6acdfde779a7d20c0b6a295a36f4307df85ca80e7523565d13b1245,T***i,**********3432
B1046,P1813,UK059,2025-10-14 11:37:36.951,CONFIRMED,2C,2.0,26282.309999999998,0.0,No Issue,Vistara,HYD,MAA,2026-04-20 20:33:41.701,2026-04-20 22:10:41.701,01:37:00,97.0,HYD → MAA,2026-04-20,2026-04-20,20.0,22.0,False,Matched,ec8af10a02df2459541944cd23a5bc1c5aef5a9bc6b6bf4f0c9ebbcdbbecf36d,Y***k,**********1874
B1047,P1833,6F151,2025-12-29 11:37:36.951,PENDING,7C,0.0,0.0,0.0,No Issue,IndiGo,CCU,HYD,2026-04-20 19:44:41.703,2026-04-20 22:04:41.703,02:20:00,140.0,CCU → HYD,2026-04-20,2026-04-20,19.0,22.0,False,Matched,06fc223a46a46707a35e6a4569ecc688e8b1d80c03429bc85488c65cec015883,G***a,**********4608
B1048,P1536,SJ236,2025-09-19 11:37:36.951,PENDING,18C,0.0,0.0,0.0,No Issue,SpiceJet,MAA,BOM,2026-04-20 18:03:41.704,2026-04-20 22:02:41.704,03:59:00,239.0,MAA → BOM,2026-04-20,2026-04-20,18.0,22.0,False,Matched,8ca1865bfad8bc2ffa1453cd4ace62ef09e95e70ee7716c66e2aa2d21bdbb85c,I***a,**********4278
B1049,P1072,SJ153,2025-07-28 11:37:36.951,,3C,0.0,0.0,0.0,No Issue,SpiceJet,DEL,CCU,2026-04-20 20:37:41.702,2026-04-20 22:00:41.702,01:23:00,83.0,DEL → CCU,2026-04-20,2026-04-20,20.0,22.0,False,Matched,3da7675b6ee8e5571bc322267b654bd2caf1032cbce05858694bf247b3d08f2c,N***i,**********3067
B1050,P1884,AI220,2026-01-15 11:37:36.951,PENDING,7D,1.0,13350.33,0.0,No Issue,Air India,BOM,DEL,2026-04-20 20:19:41.703,2026-04-20 21:57:41.703,01:38:00,98.0,BOM → DEL,2026-04-20,2026-04-20,20.0,21.0,False,Matched,0d72266c43031d8075a9ca2122f0e9b2a82cdf0c31185daa56e2456ab262f4e9,D***n,**********4482
B1051,P1922,6F028,2025-07-05 11:37:36.951,CANCELLED,16A,1.0,10875.08,0.0,Cancelled With Payment,IndiGo,HYD,CCU,2026-04-20 19:49:41.701,2026-04-20 21:49:41.701,02:00:00,120.0,HYD → CCU,2026-04-20,2026-04-20,19.0,21.0,False,Matched,720bfb736136a3f49714ae69486aa3516a34fca8fa71c12b03b2a9c1a7c44c4c,L***u,**********6443
B1052,P1128,UK209,2025-12-30 11:37:36.951,CANCELLED,33B,1.0,9827.3,0.0,Cancelled With Payment,UNKNOWN,MAA,BLR,2026-04-20 19:02:41.704,2026-04-20 21:47:41.704,02:45:00,165.0,MAA → BLR,2026-04-20,2026-04-20,19.0,21.0,False,Matched,733cfebca1a82851626f27e20efa6e86b139c080846fc19239d822e20136f779,Z***e,**********6326
B1053,P1598,UK216,2026-04-01 11:37:36.951,PENDING,28B,2.0,7702.52,0.0,No Issue,Vistara,MAA,HYD,2026-04-20 18:33:41.704,2026-04-20 21:47:41.704,03:14:00,194.0,MAA → HYD,2026-04-20,2026-04-20,18.0,21.0,False,Matched,399a80b00d6a0a5806b1cefc245c3b406657819c79017d6d7fad319c09211dab,I***v,**********5009
B1054,P1841,AI132,2026-04-11 11:37:36.951,CANCELLED,19C,0.0,0.0,0.0,No Issue,Air India,BLR,BOM,2026-04-20 19:32:41.702,2026-04-20 21:41:41.702,02:09:00,129.0,BLR → BOM,2026-04-20,2026-04-20,19.0,21.0,False,Matched,92064bfc79f8368f0179b8de82d8781456f621569b8d34f5014231604f2a3dc1,A***k,**********8191
B1055,P1425,6F012,2025-10-14 11:37:36.951,CANCELLED,13F,0.0,0.0,0.0,No Issue,IndiGo,CCU,HYD,2026-04-20 18:06:41.701,2026-04-20 21:31:41.701,03:25:00,205.0,CCU → HYD,2026-04-20,2026-04-20,18.0,21.0,False,Matched,08dbe884a6f408988d6490a34f80a501df250aed0c238ee8e4d692b3b693d6ed,I***n,**********7684
B1056,P1947,UK173,2026-03-24 11:37:36.951,CANCELLED,15B,2.0,3173.87,1.0,Missing Payment Amount,Vistara,MAA,BLR,2026-04-20 17:06:41.703,2026-04-20 21:22:41.703,04:16:00,256.0,MAA → BLR,2026-04-20,2026-04-20,17.0,21.0,False,Matched,f380fadf17567f8778a48f283ec28410a2d8ef3c35823b648832eb4df71bf780,R***r,**********6381
B1057,P1664,SJ047,2025-08-20 11:37:36.951,CANCELLED,14F,2.0,12211.199999999999,0.0,Cancelled With Payment,SpiceJet,HYD,BOM,2026-04-20 20:44:41.701,2026-04-20 21:21:41.701,00:37:00,37.0,HYD → BOM,2026-04-20,2026-04-20,20.0,21.0,False,Matched,a40b7e364b4f13f0557857ca6cc75203dc689c4fa8af12869370a73f5ee484a1,S***l,**********4263
B1058,P1693,SJ043,2025-12-07 11:37:36.951,PENDING,8C,0.0,0.0,0.0,No Issue,UNKNOWN,MAA,DEL,2026-04-20 18:59:41.701,2026-04-20 21:08:41.701,02:09:00,129.0,MAA → DEL,2026-04-20,2026-04-20,18.0,21.0,False,Matched,f93fc5b8f41c836b896bf9d7b20c5ffc6bbf0f35a4f18571c04f350279b06663,A***a,**********4081
B1059,P1124,UK140,2026-01-03 11:37:36.951,CONFIRMED,23B,1.0,10839.07,0.0,No Issue,Vistara,MAA,BLR,2026-04-20 19:37:41.703,2026-04-20 21:00:41.703,01:23:00,83.0,MAA → BLR,2026-04-20,2026-04-20,19.0,21.0,False,Matched,932065e04863f4c659e279065df5b3b5fc99642c2f6f90291f1326916fa126a7,P***i,**********0433
B1060,P1066,6F086,2025-12-30 11:37:36.951,CONFIRMED,11A,1.0,11681.98,0.0,No Issue,IndiGo,MAA,HYD,2026-04-20 20:23:41.702,2026-04-20 21:00:41.702,00:37:00,37.0,MAA → HYD,2026-04-20,2026-04-20,20.0,21.0,False,Matched,05f3d6b7a3517179f6b637c01087312a8eaae27562b862a9f26de0dd2bc6f683,H***a,**********7113
B1061,P1005,6F114,2026-04-05 11:37:36.951,CANCELLED,19C,3.0,31579.800000000003,0.0,Cancelled With Payment,IndiGo,BOM,MAA,2026-04-20 20:10:41.702,2026-04-20 21:00:41.702,00:50:00,50.0,BOM → MAA,2026-04-20,2026-04-20,20.0,21.0,False,Matched,0296cf4c371c103a8f75c9777a19d515d8f20157481c61d628027c01bba7d41b,Y***c,**********7530
B1062,P1636,UK153,2025-06-12 11:37:36.951,CANCELLED,15D,0.0,0.0,0.0,No Issue,Vistara,CCU,HYD,2026-04-20 16:52:41.703,2026-04-20 20:53:41.703,04:01:00,241.0,CCU → HYD,2026-04-20,2026-04-20,16.0,20.0,False,Matched,cdfa84a9b9646477d516d38ebc6afa6d79aa71c4737459149388ccd94f0feca8,M***h,**********7050
B1063,P1313,6F149,2025-05-19 11:37:36.951,CANCELLED,9A,0.0,0.0,0.0,No Issue,IndiGo,BLR,CCU,2026-04-20 17:57:41.703,2026-04-20 20:42:41.703,02:45:00,165.0,BLR → CCU,2026-04-20,2026-04-20,17.0,20.0,False,Matched,26fe229152e764c4f33a03c4ed954509e4866712a76e13c10746934acb1f2dcd,N***a,**********0081
B1064,P1325,UK145,2025-09-14 11:37:36.951,CONFIRMED,24E,1.0,14413.72,0.0,No Issue,Vistara,BOM,HYD,2026-04-20 18:30:41.703,2026-04-20 20:41:41.703,02:11:00,131.0,BOM → HYD,2026-04-20,2026-04-20,18.0,20.0,False,Matched,da6bd392194e07308054e475433f6af7458f9e3a631aaeb15a6abcb45deeb01d,A***k,**********2918
B1065,P1564,UK010,2026-03-06 11:37:36.951,CANCELLED,7B,0.0,0.0,0.0,No Issue,Vistara,MAA,HYD,2026-04-20 17:53:41.701,2026-04-20 20:40:41.701,02:47:00,167.0,MAA → HYD,2026-04-20,2026-04-20,17.0,20.0,False,Matched,4b8e984326743f031008e8ac68017ce6cd5d936c14192a39ff48ec4a04d632fb,V***l,**********8991
B1066,P1577,SJ003,2025-11-05 11:37:36.951,PENDING,1B,0.0,0.0,0.0,No Issue,SpiceJet,MAA,CCU,2026-04-20 19:50:41.701,2026-04-20 20:32:41.701,00:42:00,42.0,MAA → CCU,2026-04-20,2026-04-20,19.0,20.0,False,Matched,3cb2c86e89a96e355b86d03374a383c704f3c626d6ee69c7516433df53760d87,I***l,**********8025
B1067,P1825,SJ160,2025-07-23 11:37:36.951,PENDING,7F,3.0,17433.34,0.0,No Issue,SpiceJet,MAA,BLR,2026-04-20 19:45:41.703,2026-04-20 20:30:41.703,00:45:00,45.0,MAA → BLR,2026-04-20,2026-04-20,19.0,20.0,False,Matched,c25bf736040d96af978f325b73e2f2a38cd64416781667c401b9f6c4c1730ec7,D***i,**********9825
B1068,P1505,UK224,2025-11-22 11:37:36.951,PENDING,23A,1.0,5274.94,0.0,No Issue,UNKNOWN,CCU,MAA,2026-04-20 16:25:41.704,2026-04-20 20:24:41.704,03:59:00,239.0,CCU → MAA,2026-04-20,2026-04-20,16.0,20.0,False,Matched,4e6c0aada89e3523e1c4cd6c37eda829bbe01cb720cf505c725b4c686c471d84,D***a,**********9882
B1069,P1081,UK152,2025-08-02 11:37:36.951,CONFIRMED,16E,1.0,14992.95,0.0,No Issue,Vistara,BOM,CCU,2026-04-20 17:24:41.703,2026-04-20 20:13:41.703,02:49:00,169.0,BOM → CCU,2026-04-20,2026-04-20,17.0,20.0,False,Matched,a62394e2c13ca2315ea394f03b587a3489bef477d9588ca0f4881b23ce4310c0,F***a,**********6369
B1070,P1598,SJ034,2025-09-22 11:37:36.951,CANCELLED,15D,1.0,5631.13,0.0,Cancelled With Payment,SpiceJet,MAA,BOM,2026-04-20 15:20:41.701,2026-04-20 20:11:41.701,04:51:00,291.0,MAA → BOM,2026-04-20,2026-04-20,15.0,20.0,False,Matched,460fb46958bd358e33d19bf2d0781731e88c4d4ff6bee3674d4da035a45b49a4,V***s,**********3428
B1071,P1001,UK215,2025-12-21 11:37:36.951,CANCELLED,15F,0.0,0.0,0.0,No Issue,Vistara,BOM,DEL,2026-04-20 17:38:41.704,2026-04-20 19:50:41.704,02:12:00,132.0,BOM → DEL,2026-04-20,2026-04-20,17.0,19.0,False,Matched,3908c87404af101bb95eb2af92c157053dca2b0c71fc115cb1f977dcd0b49320,J***e,**********0870
B1072,P1203,UK089,2025-08-10 11:37:36.951,CANCELLED,18F,0.0,0.0,0.0,No Issue,Vistara,BOM,HYD,2026-04-20 15:38:41.702,2026-04-20 19:50:41.702,04:12:00,252.0,BOM → HYD,2026-04-20,2026-04-20,15.0,19.0,False,Matched,829a5131166353efc36e4b1f9d3ca72ba4d24379164ba1fa6757e3bd9c2eb1c2,V***i,**********2708
B1073,P1661,6F180,2025-12-04 11:37:36.951,CONFIRMED,16A,0.0,0.0,0.0,Confirmed Without Payment,IndiGo,MAA,BLR,2026-04-20 15:24:41.703,2026-04-20 19:48:41.703,04:24:00,264.0,MAA → BLR,2026-04-20,2026-04-20,15.0,19.0,False,Matched,2f3fda6f401627a4f10cdc01f10605473c1bb1c281f501912116a2d72e2ac3bc,A***e,**********4571
B1074,P1804,6F188,2025-09-25 11:37:36.951,CONFIRMED,7A,0.0,0.0,0.0,Confirmed Without Payment,IndiGo,DEL,HYD,2026-04-20 14:57:41.703,2026-04-20 19:39:41.703,04:42:00,282.0,DEL → HYD,2026-04-20,2026-04-20,14.0,19.0,False,Matched,2b7e5c29878ccee9576d9888bbee5ee8f6fab614742d2f5c6c5bd8c80334f512,P***r,**********6104
B1075,P1403,UK131,2026-01-03 11:37:36.951,CONFIRMED,2F,0.0,0.0,0.0,Confirmed Without Payment,Vistara,BOM,DEL,2026-04-20 15:33:41.702,2026-04-20 19:39:41.702,04:06:00,246.0,BOM → DEL,2026-04-20,2026-04-20,15.0,19.0,False,Matched,5a8625975fd85a292cbd06dbc38d7d26e047e4ae096b728163dd891967ba07b5,S***i,**********7796
B1076,P1102,UK055,2025-05-04 11:37:36.951,CONFIRMED,12B,1.0,8247.5,0.0,No Issue,Vistara,HYD,DEL,2026-04-20 16:48:41.701,2026-04-20 19:31:41.701,02:43:00,163.0,HYD → DEL,2026-04-20,2026-04-20,16.0,19.0,False,Matched,dab6677257e0df4d2575951ff59115be6d0dfa8437c7c2100529a7df0904e3e8,M***h,**********9350
B1077,P1535,UK181,2025-05-03 11:37:36.951,PENDING,3A,2.0,11261.699999999999,0.0,No Issue,Vistara,MAA,DEL,2026-04-20 16:44:41.703,2026-04-20 19:26:41.703,02:42:00,162.0,MAA → DEL,2026-04-20,2026-04-20,16.0,19.0,False,Matched,d6789f8b10569f0b1c1a0792e158d54a3618262807fed1ccbfe675bedf73d16f,R***e,**********9292
B1078,P1367,6F077,2025-09-21 11:37:36.951,CONFIRMED,1B,0.0,0.0,0.0,Confirmed Without Payment,IndiGo,CCU,DEL,2026-04-20 14:55:41.702,2026-04-20 19:13:41.702,04:18:00,258.0,CCU → DEL,2026-04-20,2026-04-20,14.0,19.0,False,Matched,daeb52205df087feada170916b6244d00107ecd2266e588b7fb4eed40899c9f7,S***a,**********0016
B1079,P1211,SJ085,2025-06-03 11:37:36.951,CONFIRMED,10D,0.0,0.0,0.0,Confirmed Without Payment,SpiceJet,BLR,MAA,2026-04-20 14:41:41.702,2026-04-20 19:11:41.702,04:30:00,270.0,BLR → MAA,2026-04-20,2026-04-20,14.0,19.0,False,Matched,04dd042c1e1ab3ff68ba723e43e89deed7eaac83a5a09a6c50950f1ddfbd6ae6,Y***r,**********8019
B1080,P1576,SJ023,2025-06-05 11:37:36.951,CONFIRMED,22D,2.0,21169.42,0.0,No Issue,SpiceJet,HYD,MAA,2026-04-20 17:27:41.701,2026-04-20 19:09:41.701,01:42:00,102.0,HYD → MAA,2026-04-20,2026-04-20,17.0,19.0,False,Matched,ed6b7590cce5d1cf929d7e7a9dc8bf82120f7e9abdcc42f478669c79ef27d4b4,D***m,**********0958
B1081,P1960,SJ202,2025-11-13 11:37:36.951,CANCELLED,29C,0.0,0.0,0.0,No Issue,SpiceJet,CCU,HYD,2026-04-20 17:21:41.703,2026-04-20 19:08:41.703,01:47:00,107.0,CCU → HYD,2026-04-20,2026-04-20,17.0,19.0,False,Matched,fc5693cfa4ecd4c4169ae4146eb4cd50c46d977fcabd6fae936f04cb2c65dd6e,A***e,**********8400
B1082,P1208,SJ150,2025-09-09 11:37:36.951,CANCELLED,30A,0.0,0.0,0.0,No Issue,SpiceJet,BOM,HYD,2026-04-20 15:33:41.702,2026-04-20 19:03:41.702,03:30:00,210.0,BOM → HYD,2026-04-20,2026-04-20,15.0,19.0,False,Matched,8d8e07d18c560ccc64998306492c429138dcb592202f3528e8d15e3b0ae49d3e,T***e,**********4669
B1083,P1762,SJ116,2025-05-12 11:37:36.951,CANCELLED,9A,1.0,6777.38,0.0,Cancelled With Payment,SpiceJet,HYD,CCU,2026-04-20 17:33:41.702,2026-04-20 19:02:41.702,01:29:00,89.0,HYD → CCU,2026-04-20,2026-04-20,17.0,19.0,False,Matched,7692ebdaa67d0145af8800d55d19e4f5cc7b15fa640536b30e6fd05c6783fcd4,E***a,**********4087
B1084,P1896,6F270,2025-06-14 11:37:36.951,PENDING,16E,0.0,0.0,0.0,No Issue,UNKNOWN,HYD,MAA,2026-04-20 18:14:41.701,2026-04-20 19:02:41.701,00:48:00,48.0,HYD → MAA,2026-04-20,2026-04-20,18.0,19.0,False,Matched,a73f4fb59b6adb795facf290c7ed40ee09e7b2e549c3801315fab3501284fe55,V***r,**********8688
B1085,P1116,UK150,2026-03-24 11:37:36.951,PENDING,12A,1.0,11410.8,0.0,No Issue,Vistara,DEL,CCU,2026-04-20 18:31:41.703,2026-04-20 19:01:41.703,00:30:00,30.0,DEL → CCU,2026-04-20,2026-04-20,18.0,19.0,False,Matched,b5445c25a22ff18266161cffe871f660364a294ff5ad901e15961e3e920a0c8b,A***n,**********9329
B1086,P1627,SJ237,2026-02-16 11:37:36.951,CONFIRMED,5D,2.0,4873.96,0.0,No Issue,SpiceJet,BOM,CCU,2026-04-20 16:32:41.704,2026-04-20 19:00:41.704,02:28:00,148.0,BOM → CCU,2026-04-20,2026-04-20,16.0,19.0,False,Matched,353ce93dac98d0e1fe3daea08524868a077864020801fe4fed7b873911e26bcd,E***y,**********3483
B1087,P1748,AI221,2025-05-08 11:37:36.951,CANCELLED,2F,2.0,3191.92,0.0,Cancelled With Payment,Air India,MAA,HYD,2026-04-20 16:18:41.703,2026-04-20 18:54:41.703,02:36:00,156.0,MAA → HYD,2026-04-20,2026-04-20,16.0,18.0,False,Matched,b5b24442fce4fc3e4c47c334e5aafda02cad58497dd565ba95194ee25a76de21,W***k,**********8674
B1088,P1477,SJ081,2026-03-25 11:37:36.951,PENDING,31A,1.0,7375.1,0.0,No Issue,SpiceJet,BOM,BLR,2026-04-20 17:04:41.702,2026-04-20 18:53:41.702,01:49:00,109.0,BOM → BLR,2026-04-20,2026-04-20,17.0,18.0,False,Matched,787ca2cc91810d7a593c9a3f8790425f9de3c537a5036212e39ed11d114f0712,V***a,**********7433
B1089,P1104,UK189,2025-09-03 11:37:36.951,CANCELLED,25F,0.0,0.0,0.0,No Issue,Vistara,BLR,MAA,2026-04-20 15:07:41.703,2026-04-20 18:51:41.703,03:44:00,224.0,BLR → MAA,2026-04-20,2026-04-20,15.0,18.0,False,Matched,9fe4832e466051710b143e91a6643907017d4554ae77e31fdd4147b57dcad8b0,K***i,**********1422
B1090,P1494,SJ068,2025-05-16 11:37:36.951,PENDING,31C,0.0,0.0,0.0,No Issue,SpiceJet,BLR,BOM,2026-04-20 16:44:41.701,2026-04-20 18:48:41.701,02:04:00,124.0,BLR → BOM,2026-04-20,2026-04-20,16.0,18.0,False,Matched,7839eaee1278bad25669ee52fa112e4613f33625938f198a2c7e5da28f65288a,X***i,**********1775
B1091,P1770,6F043,2025-08-18 11:37:36.951,PENDING,25D,0.0,0.0,0.0,No Issue,IndiGo,BOM,HYD,2026-04-20 17:17:41.701,2026-04-20 18:43:41.701,01:26:00,86.0,BOM → HYD,2026-04-20,2026-04-20,17.0,18.0,False,Matched,dc742f97ecc693fb1c1711a3f47c48f970b04e254c884f5fc16b4200f8a8ef15,N***a,**********1387
B1092,P1045,UK187,2026-03-18 11:37:36.951,CONFIRMED,16D,3.0,15898.93,0.0,No Issue,Vistara,BLR,BOM,2026-04-20 16:52:41.703,2026-04-20 18:42:41.703,01:50:00,110.0,BLR → BOM,2026-04-20,2026-04-20,16.0,18.0,False,Matched,eeefb195c43465650e41222d8ec02280cbfa2d906e7b9e21af76d5308ac9485e,G***e,**********6973
B1093,P1822,UK074,2025-05-11 11:37:36.951,CONFIRMED,25E,0.0,0.0,0.0,Confirmed Without Payment,Vistara,BOM,DEL,2026-04-20 16:44:41.702,2026-04-20 18:41:41.702,01:57:00,117.0,BOM → DEL,2026-04-20,2026-04-20,16.0,18.0,False,Matched,c6dfeae13ecd8e6996b85377bb6310f13e68dfd2cf3cb1d3e88fdcd90ba886b1,R***a,**********0231
B1094,P1330,UK004,2026-01-07 11:37:36.951,PENDING,24C,2.0,17560.29,0.0,No Issue,Vistara,BOM,CCU,2026-04-20 17:56:41.700,2026-04-20 18:30:41.700,00:34:00,34.0,BOM → CCU,2026-04-20,2026-04-20,17.0,18.0,False,Matched,95c4cf1c17f97b6f005ab9388c5dbd699c0322a48599e6583859784d51fc5367,P***y,**********7557
B1095,P1215,6F194,2025-07-30 11:37:36.951,CONFIRMED,14B,0.0,0.0,0.0,Confirmed Without Payment,IndiGo,BOM,CCU,2026-04-20 16:29:41.703,2026-04-20 18:27:41.703,01:58:00,118.0,BOM → CCU,2026-04-20,2026-04-20,16.0,18.0,False,Matched,3780979a5959ac4faa776a59f56c65b366f92e3d05c07fbe37b67c4b3074aa35,U***t,**********2655
B1096,P1981,UK068,2026-01-03 11:37:36.951,PENDING,12B,2.0,18163.89,0.0,No Issue,Vistara,BLR,MAA,2026-04-20 16:28:41.701,2026-04-20 18:09:41.701,01:41:00,101.0,BLR → MAA,2026-04-20,2026-04-20,16.0,18.0,False,Matched,b80bb2ec148699cb0a5dc2f100eb3af521e99b0b5b32ceb4a78b26ce3c02df54,G***t,**********8767
B1097,P1959,6F017,2025-08-26 11:37:36.951,,34F,0.0,0.0,0.0,No Issue,IndiGo,CCU,BOM,2026-04-20 15:25:41.701,2026-04-20 18:06:41.701,02:41:00,161.0,CCU → BOM,2026-04-20,2026-04-20,15.0,18.0,False,Matched,f7e02a56d9f1abe890dbafe442a14b1660fc9b577d164ddf3ba99ce2b77fdffa,N***i,**********9257
B1098,P1491,6F245,2025-10-15 11:37:36.951,,13D,1.0,10455.66,0.0,No Issue,IndiGo,CCU,BOM,2026-04-20 15:25:41.701,2026-04-20 18:06:41.701,02:41:00,161.0,CCU → BOM,2026-04-20,2026-04-20,15.0,18.0,False,Matched,fb89aebe8aba117049d91464dd47586b549d7d7f03aca0dd4f7b4390eebad7cc,I***i,**********0675
B1099,P1812,6F254,2025-12-07 11:37:36.951,CONFIRMED,26E,0.0,0.0,0.0,Confirmed Without Payment,UNKNOWN,MAA,BLR,2026-04-20 14:26:41.703,2026-04-20 18:01:41.703,03:35:00,215.0,MAA → BLR,2026-04-20,2026-04-20,14.0,18.0,False,Matched,693da76722da27aea25f7aba4cebcb0690a886150638ba2eebbab7940d415d0f,R***a,**********5408
B1100,P1921,UK077,2026-03-05 11:37:36.951,CONFIRMED,16D,0.0,0.0,0.0,Confirmed Without Payment,UNKNOWN,HYD,BOM,2026-04-20 16:22:41.702,2026-04-20 18:00:41.702,01:38:00,98.0,HYD → BOM,2026-04-20,2026-04-20,16.0,18.0,False,Matched,eb419af2876a17e8da966fc8cddd2979c490e492aa67c9e0ce32bb667be34bcc,S***y,**********2423
B1101,P1844,AI029,2025-07-19 11:37:36.951,CONFIRMED,3D,1.0,2214.47,0.0,No Issue,Air India,MAA,DEL,2026-04-20 13:29:41.701,2026-04-20 17:53:41.701,04:24:00,264.0,MAA → DEL,2026-04-20,2026-04-20,13.0,17.0,False,Matched,2b318a4903e34f1dc87206c36862559a5b0509e15db3d18b36ffa4e093f535ed,P***i,**********0041
B1102,P1448,SJ196,2025-10-06 11:37:36.951,,15F,2.0,24626.690000000002,0.0,No Issue,SpiceJet,DEL,HYD,2026-04-20 14:58:41.703,2026-04-20 17:44:41.703,02:46:00,166.0,DEL → HYD,2026-04-20,2026-04-20,14.0,17.0,False,Matched,3af30f986bc10fdfa6699726f4217395831090604b2908b3ebff7a84a9e2e1df,A***e,**********7824
B1103,P1535,AI242,2025-08-08 11:37:36.951,CANCELLED,20D,2.0,14062.55,0.0,Cancelled With Payment,UNKNOWN,BLR,CCU,2026-04-20 16:41:41.704,2026-04-20 17:43:41.704,01:02:00,62.0,BLR → CCU,2026-04-20,2026-04-20,16.0,17.0,False,Matched,da51ed01fc777418bd54cbd22abb9679cbaefa928a792346da5bbbac7e4c90b2,Z***a,**********0195
B1104,P1510,AI242,2025-09-12 11:37:36.951,CANCELLED,16E,0.0,0.0,0.0,No Issue,UNKNOWN,BLR,CCU,2026-04-20 16:41:41.704,2026-04-20 17:43:41.704,01:02:00,62.0,BLR → CCU,2026-04-20,2026-04-20,16.0,17.0,False,Matched,c2b4835877d40b7a2f74add8237548e055a054b31dcfee5c65a727f549b8bfa7,S***i,**********1992
B1105,P1457,SJ044,2025-09-11 11:37:36.951,CONFIRMED,19F,1.0,14294.21,0.0,No Issue,SpiceJet,DEL,CCU,2026-04-20 15:06:41.701,2026-04-20 17:43:41.701,02:37:00,157.0,DEL → CCU,2026-04-20,2026-04-20,15.0,17.0,False,Matched,1d3dac43b1594a125129d3589980032e017addb2af0d76cbcdb6970d3cffed4a,C***h,**********2865
B1106,P1546,UK063,2025-09-01 11:37:36.951,CONFIRMED,21F,1.0,0.0,1.0,Missing Payment Amount,Vistara,DEL,BOM,2026-04-20 16:29:41.701,2026-04-20 17:41:41.701,01:12:00,72.0,DEL → BOM,2026-04-20,2026-04-20,16.0,17.0,False,Matched,60b7af71e1bbb27bcfa3e329467ab95b4f47075c13b129a2c7f77acdffd970b5,A***r,**********7368
B1107,P1535,AI056,2025-05-19 11:37:36.951,CONFIRMED,30F,0.0,0.0,0.0,Confirmed Without Payment,Air India,DEL,MAA,2026-04-20 13:44:41.701,2026-04-20 17:39:41.701,03:55:00,235.0,DEL → MAA,2026-04-20,2026-04-20,13.0,17.0,False,Matched,6a1fb7f1be0bccc719128235c39490c426edc0e75bffc7ccedef555c58ef7fe3,W***n,**********1339
B1108,P1539,UK207,2025-10-11 11:37:36.951,CANCELLED,14B,0.0,0.0,0.0,No Issue,Vistara,MAA,CCU,2026-04-20 16:21:41.703,2026-04-20 17:36:41.703,01:15:00,75.0,MAA → CCU,2026-04-20,2026-04-20,16.0,17.0,False,Matched,324fbc9c9b6f4a77972f5f7155e1baf03209043f5b91233edb2ad37b8b76c2d4,N***r,**********0049
B1109,P1483,UK166,2025-12-03 11:37:36.951,CANCELLED,33D,1.0,13080.08,0.0,Cancelled With Payment,Vistara,HYD,MAA,2026-04-20 12:39:41.703,2026-04-20 17:32:41.703,04:53:00,293.0,HYD → MAA,2026-04-20,2026-04-20,12.0,17.0,False,Matched,320a00e4dcb1563612c50d8a3682de94cbfb905cbe279cc8f304278ac007eace,V***a,**********1363
B1110,P1975,6F261,2025-12-17 11:37:36.951,PENDING,12B,0.0,0.0,0.0,No Issue,UNKNOWN,CCU,DEL,2026-04-20 14:31:41.703,2026-04-20 17:29:41.703,02:58:00,178.0,CCU → DEL,2026-04-20,2026-04-20,14.0,17.0,False,Matched,3f1988a5001b2e1bc8660720ab460f52b397a7dcdd1678cdfd6c28322a2d06c2,N***a,**********8743
B1111,P1999,UK134,2025-12-25 11:37:36.951,CANCELLED,34A,1.0,0.0,1.0,Missing Payment Amount,Vistara,HYD,CCU,2026-04-20 13:44:41.702,2026-04-20 17:26:41.702,03:42:00,222.0,HYD → CCU,2026-04-20,2026-04-20,13.0,17.0,False,Matched,931436b7fc1d5cfffc56146a26515320beb07e248cee82efadb991d9f3a83c5e,N***n,**********0327
B1112,P1015,6F152,2025-10-02 11:37:36.951,PENDING,27A,2.0,20662.78,0.0,No Issue,IndiGo,CCU,DEL,2026-04-20 15:21:41.703,2026-04-20 17:25:41.703,02:04:00,124.0,CCU → DEL,2026-04-20,2026-04-20,15.0,17.0,False,Matched,549b6d9a573b2201670570152d6aaf9917953310122c1fd0f5f1b8136998daae,A***n,**********0611
B1113,P1570,SJ089,2025-11-23 11:37:36.951,CONFIRMED,5A,1.0,9457.62,0.0,No Issue,SpiceJet,HYD,CCU,2026-04-20 12:42:41.702,2026-04-20 17:15:41.702,04:33:00,273.0,HYD → CCU,2026-04-20,2026-04-20,12.0,17.0,False,Matched,789f60f2609362220be53b346448ec96e5328b933250c83673c8127d067060f2,A***a,**********3389
B1114,P1976,6F123,2025-09-26 11:37:36.951,CANCELLED,2E,1.0,8187.33,0.0,Cancelled With Payment,IndiGo,DEL,HYD,2026-04-20 15:26:41.702,2026-04-20 17:12:41.702,01:46:00,106.0,DEL → HYD,2026-04-20,2026-04-20,15.0,17.0,False,Matched,8dfedddcce75255575c53951ce274f62d6a5dfb6bba9f99cd1d497dda63f7a54,B***h,**********8435
B1115,P1242,AI025,2025-08-23 11:37:36.951,CONFIRMED,10A,1.0,8185.02,0.0,No Issue,Air India,HYD,DEL,2026-04-20 14:46:41.701,2026-04-20 17:11:41.701,02:25:00,145.0,HYD → DEL,2026-04-20,2026-04-20,14.0,17.0,False,Matched,26050249f05f3f74ae93aecaf8510fd8f754273786b36f388d7b6756c60f32f3,V***y,**********1024
B1116,P1949,6F030,2025-12-05 11:37:36.951,CONFIRMED,19B,1.0,9883.49,0.0,No Issue,IndiGo,BOM,DEL,2026-04-20 14:20:41.701,2026-04-20 17:10:41.701,02:50:00,170.0,BOM → DEL,2026-04-20,2026-04-20,14.0,17.0,False,Matched,89c9ea9c8f3c9e814c565ec654ca76141debb09154b451792001424a3669062b,R***s,**********1177
B1117,P1206,SJ222,2025-09-02 11:37:36.951,CONFIRMED,28F,2.0,24642.71,0.0,No Issue,SpiceJet,BOM,DEL,2026-04-20 14:15:41.703,2026-04-20 17:09:41.703,02:54:00,174.0,BOM → DEL,2026-04-20,2026-04-20,14.0,17.0,False,Matched,872278f4b558af07da25e8c83ddb0b4f2b5d47e01ea7f86cf70f9e2ca2703e4a,T***j,**********6273
B1118,P1911,UK109,2026-04-03 11:37:36.951,CONFIRMED,34B,1.0,0.0,1.0,Missing Payment Amount,Vistara,BLR,BOM,2026-04-20 16:06:41.702,2026-04-20 17:06:42.000,01:00:00.298000,60.0,BLR → BOM,2026-04-20,2026-04-20,16.0,17.0,False,Matched,fc3df106b0b211795b8d39ff375b53dce925e9080ec53a4af57a0f4d733148b2,D***y,**********2542
B1119,P1270,SJ117,2025-11-25 11:37:36.951,CANCELLED,21F,2.0,22268.71,0.0,Cancelled With Payment,SpiceJet,MAA,BLR,2026-04-20 13:10:41.702,2026-04-20 17:06:41.702,03:56:00,236.0,MAA → BLR,2026-04-20,2026-04-20,13.0,17.0,False,Matched,11657afab1fb6dc9b513a3f42617d9e039ee25b915dad9f4a6ea448c16c90c2d,D***i,**********5920
B1120,P1760,SJ142,2025-08-12 11:37:36.951,CONFIRMED,12D,3.0,2571.48,1.0,Missing Payment Amount,SpiceJet,CCU,BOM,2026-04-20 15:14:41.702,2026-04-20 16:56:41.702,01:42:00,102.0,CCU → BOM,2026-04-20,2026-04-20,15.0,16.0,False,Matched,b84615456a996ebe5853dd99e9bbd2d5efa4e92e9c7b1906800e7687f7414715,V***r,**********9377
B1121,P1993,SJ142,2025-06-01 11:37:36.951,PENDING,17C,0.0,0.0,0.0,No Issue,SpiceJet,CCU,BOM,2026-04-20 15:14:41.702,2026-04-20 16:56:41.702,01:42:00,102.0,CCU → BOM,2026-04-20,2026-04-20,15.0,16.0,False,Matched,d6c9529c06c807cbd2b93128349d63a1ddc1158acaad1ad9e1fc2ff26388e1c7,N***i,**********9980
B1122,P1778,AI030,2025-05-02 11:37:36.951,CANCELLED,20B,0.0,0.0,0.0,No Issue,Air India,CCU,HYD,2026-04-20 13:33:41.701,2026-04-20 16:52:41.701,03:19:00,199.0,CCU → HYD,2026-04-20,2026-04-20,13.0,16.0,False,Matched,14b099409634db76e54dd2740662d7fdf53e6ee427db166ef74d444e3fd8d123,Y***h,**********0459
B1123,P1704,6F097,2025-09-23 11:37:36.951,CONFIRMED,8A,2.0,14525.48,0.0,No Issue,IndiGo,BLR,BOM,2026-04-20 15:32:41.702,2026-04-20 16:49:41.702,01:17:00,77.0,BLR → BOM,2026-04-20,2026-04-20,15.0,16.0,False,Matched,84b99269d7259fde4f6cc144fabcc29e82433a2ed4f5ca68aeffb158142f79bb,Q***s,**********3440
B1124,P1846,6F129,2025-05-23 11:37:36.951,CANCELLED,5C,3.0,15753.68,1.0,Missing Payment Amount,IndiGo,DEL,CCU,2026-04-20 14:28:41.702,2026-04-20 16:47:41.702,02:19:00,139.0,DEL → CCU,2026-04-20,2026-04-20,14.0,16.0,False,Matched,789b2151d973ab83196726feb632ac5789d32c504f0fe0cc23d232eee93c006b,E***r,**********1753
B1125,P1729,6F181,2026-01-15 11:37:36.951,PENDING,27E,0.0,0.0,0.0,No Issue,IndiGo,BOM,MAA,2026-04-20 14:55:41.703,2026-04-20 16:43:41.703,01:48:00,108.0,BOM → MAA,2026-04-20,2026-04-20,14.0,16.0,False,Matched,a0cab12df09a40743a1fc7ce3ed9fb2a1e34ac04ffe01dd12371d254642e679d,N***r,**********5564
B1126,P1114,AI072,2025-10-20 11:37:36.951,CONFIRMED,10E,0.0,0.0,0.0,Confirmed Without Payment,Air India,BLR,CCU,2026-04-20 15:34:41.702,2026-04-20 16:32:41.702,00:58:00,58.0,BLR → CCU,2026-04-20,2026-04-20,15.0,16.0,False,Matched,1662c7047ff4c2abcd8d6f075904881a62dcd6cfa8bf5029254e7c3dd6832489,Y***l,**********6718
B1127,P1579,SJ154,2025-06-29 11:37:36.951,PENDING,2E,0.0,0.0,0.0,No Issue,SpiceJet,BLR,HYD,2026-04-20 14:47:41.702,2026-04-20 16:26:41.702,01:39:00,99.0,BLR → HYD,2026-04-20,2026-04-20,14.0,16.0,False,Matched,e8cfa1e951a826718bed6fba2eb04abaf6f73e9d871a8f955b3b3f2707306a09,F***i,**********6141
B1128,P1298,AI031,2026-04-08 11:37:36.951,CONFIRMED,10D,0.0,0.0,0.0,Confirmed Without Payment,Air India,DEL,MAA,2026-04-20 13:05:41.701,2026-04-20 16:11:41.701,03:06:00,186.0,DEL → MAA,2026-04-20,2026-04-20,13.0,16.0,False,Matched,742f734c2767995416630cc08e1d30bf669cc7e129c65bdc006aadd0a9e78a0e,D***l,**********9264
B1129,P1836,AI031,2025-09-18 11:37:36.951,PENDING,26F,1.0,12008.51,0.0,No Issue,Air India,DEL,MAA,2026-04-20 13:05:41.701,2026-04-20 16:11:41.701,03:06:00,186.0,DEL → MAA,2026-04-20,2026-04-20,13.0,16.0,False,Matched,c410880c10b4e3fc7564b09a079906272d778905c35de2fea445a7588fb7724f,S***y,**********4894
B1130,P1482,6F158,2025-12-26 11:37:36.951,CONFIRMED,34E,0.0,0.0,0.0,Confirmed Without Payment,IndiGo,CCU,MAA,2026-04-20 11:58:41.703,2026-04-20 16:04:41.703,04:06:00,246.0,CCU → MAA,2026-04-20,2026-04-20,11.0,16.0,False,Matched,f09c0a93b6e2e17f6d074be07ea4737344d3cc00dc7f0e25cb34d16c37f9e0e4,W***a,**********1553
B1131,P1396,6F184,2025-06-16 11:37:36.951,CANCELLED,1C,1.0,3592.91,0.0,Cancelled With Payment,IndiGo,MAA,BOM,2026-04-20 13:05:41.703,2026-04-20 16:04:41.703,02:59:00,179.0,MAA → BOM,2026-04-20,2026-04-20,13.0,16.0,False,Matched,2b93216a02a743cebeffd49b6bc7e3fea828e5bdd95db47fffa084819d325ef7,M***p,**********6703
B1132,P1393,UK141,2025-06-20 11:37:36.951,CONFIRMED,10D,3.0,4677.7,1.0,Missing Payment Amount,UNKNOWN,HYD,MAA,2026-04-20 13:38:41.703,2026-04-20 15:59:41.703,02:21:00,141.0,HYD → MAA,2026-04-20,2026-04-20,13.0,15.0,False,Matched,706954c03a671001c7fba577294209a25b6c020b641dd8fb2efeaf52e7ba92f4,C***r,**********2875
B1133,P1074,6F168,2025-12-29 11:37:36.951,CANCELLED,23D,2.0,14200.43,0.0,Cancelled With Payment,IndiGo,HYD,DEL,2026-04-20 12:18:41.703,2026-04-20 15:58:41.703,03:40:00,220.0,HYD → DEL,2026-04-20,2026-04-20,12.0,15.0,False,Matched,d378f468ed0457718dd6adc6ce43a1e1d97ec4e93ffeac715a5c81c61ccee85f,D***a,**********2496
B1134,P1977,6F051,2025-07-28 11:37:36.951,CONFIRMED,34C,0.0,0.0,0.0,Confirmed Without Payment,IndiGo,BLR,BOM,2026-04-20 13:58:41.701,2026-04-20 15:58:41.701,02:00:00,120.0,BLR → BOM,2026-04-20,2026-04-20,13.0,15.0,False,Matched,0a9256c654868404800f4c10c90b883a74f577a5d58aa5cc846c6698fa305cb0,A***r,**********9254
B1135,P1481,6F047,2025-12-02 11:37:36.951,CONFIRMED,20E,1.0,10501.09,0.0,No Issue,IndiGo,MAA,DEL,2026-04-20 13:50:41.701,2026-04-20 15:55:41.701,02:05:00,125.0,MAA → DEL,2026-04-20,2026-04-20,13.0,15.0,False,Matched,19675c77c0ce2ef17d8dbe293f974b9e9878b220f3e00a2dced8a1e7c7cfdccd,H***h,**********6706
B1136,P1102,UK156,2025-10-26 11:37:36.951,PENDING,28E,1.0,2857.01,0.0,No Issue,Vistara,MAA,BLR,2026-04-20 11:50:41.703,2026-04-20 15:54:41.703,04:04:00,244.0,MAA → BLR,2026-04-20,2026-04-20,11.0,15.0,False,Matched,1a8e2ee9604dd7baf434702843922d7d093a7539b1b628a0986fd311763d1d39,T***r,**********2968
B1137,P1296,AI094,2025-09-01 11:37:36.951,PENDING,13E,2.0,10092.76,0.0,No Issue,Air India,DEL,BLR,2026-04-20 14:44:41.702,2026-04-20 15:44:42.000,01:00:00.298000,60.0,DEL → BLR,2026-04-20,2026-04-20,14.0,15.0,False,Matched,3ffce22827c5a12c076c6e39d5512e0f37e323e1e3c80526292cb1a9f0db1ed0,A***o,**********1393
B1138,P1177,AI038,2025-07-14 11:37:36.951,PENDING,6C,0.0,0.0,0.0,No Issue,Air India,HYD,MAA,2026-04-20 11:05:41.701,2026-04-20 15:44:41.701,04:39:00,279.0,HYD → MAA,2026-04-20,2026-04-20,11.0,15.0,False,Matched,d55b6e72cb263db97dc387952fd9715fc0d732c4f2ead83eda0eb6de44852f69,I***s,**********1934
B1139,P1214,6F255,2026-01-19 11:37:36.951,CONFIRMED,29F,1.0,6016.05,0.0,No Issue,UNKNOWN,DEL,BOM,2026-04-20 11:59:41.703,2026-04-20 15:33:41.703,03:34:00,214.0,DEL → BOM,2026-04-20,2026-04-20,11.0,15.0,False,Matched,bbae7556e98aab266b76d0ed93074d60e1157aa75fe7a0be96edcef35e1ad151,Y***e,**********2157
B1140,P1966,SJ025,2026-01-23 11:37:36.951,CONFIRMED,29D,2.0,8447.38,1.0,Missing Payment Amount,SpiceJet,BOM,CCU,2026-04-20 12:02:41.701,2026-04-20 15:29:41.701,03:27:00,207.0,BOM → CCU,2026-04-20,2026-04-20,12.0,15.0,False,Matched,f8f7cdc9ecb48ca59a0a47659d7090a4dec094dc8f70ae76792ad3b3c4424b0a,B***r,**********1700
B1141,P1314,SJ185,2025-10-28 11:37:36.951,CONFIRMED,9C,0.0,0.0,0.0,Confirmed Without Payment,SpiceJet,BOM,CCU,2026-04-20 14:21:41.703,2026-04-20 15:21:41.703,01:00:00,60.0,BOM → CCU,2026-04-20,2026-04-20,14.0,15.0,False,Matched,49d97b1c4c7dc5b601c293d854421aa2372849e9e60dbb3a0ce0f1f085886468,R***l,**********5455
B1142,P1038,6F259,2026-01-21 11:37:36.951,CANCELLED,5C,1.0,4506.21,0.0,Cancelled With Payment,UNKNOWN,BOM,DEL,2026-04-20 14:10:41.703,2026-04-20 15:21:41.703,01:11:00,71.0,BOM → DEL,2026-04-20,2026-04-20,14.0,15.0,False,Matched,fcde0e2b5da25ae6222d8984a093525203d8cb65521060a26d25984d886bba42,A***y,**********4971
B1143,P1258,6F073,2026-04-07 11:37:36.951,CANCELLED,15A,1.0,6360.73,0.0,Cancelled With Payment,IndiGo,DEL,CCU,2026-04-20 11:38:41.702,2026-04-20 15:18:41.702,03:40:00,220.0,DEL → CCU,2026-04-20,2026-04-20,11.0,15.0,False,Matched,afdc34ca2d557c15ccea4f595211b06ba5aea4227c1c1e58ec171f60eb6cfa15,H***i,**********9840
B1144,P1715,AI091,2025-09-26 11:37:36.951,CONFIRMED,6D,1.0,0.0,1.0,Missing Payment Amount,Air India,CCU,MAA,2026-04-20 10:52:41.702,2026-04-20 15:15:41.702,04:23:00,263.0,CCU → MAA,2026-04-20,2026-04-20,10.0,15.0,False,Matched,7d87c96db5c0306d4222f2386deb1d02d31a0a7af1921c8ff502f31c8c1153b2,A***a,**********7996
B1145,P1006,6F191,2025-08-23 11:37:36.951,PENDING,15D,0.0,0.0,0.0,No Issue,IndiGo,BLR,DEL,2026-04-20 14:41:41.703,2026-04-20 15:11:41.703,00:30:00,30.0,BLR → DEL,2026-04-20,2026-04-20,14.0,15.0,False,Matched,c42e261739311d312793d72db4aa9e2c888f3e72fe587c2ebd50382d863bfbf3,H***l,**********6715
B1146,P1048,UK228,2025-08-30 11:37:36.951,PENDING,25A,1.0,0.0,1.0,Missing Payment Amount,Vistara,DEL,MAA,2026-04-20 11:58:41.704,2026-04-20 15:08:41.704,03:10:00,190.0,DEL → MAA,2026-04-20,2026-04-20,11.0,15.0,False,Matched,b7639e905434a697b08b0dd3937856bc2dedf1b077c32ff2c5756668827f5581,A***a,**********8150
B1147,P1537,6F146,2026-03-25 11:37:36.951,PENDING,11E,0.0,0.0,0.0,No Issue,IndiGo,HYD,MAA,2026-04-20 13:51:41.703,2026-04-20 15:07:41.703,01:16:00,76.0,HYD → MAA,2026-04-20,2026-04-20,13.0,15.0,False,Matched,50a1a04ea43fe448fc8c2fc25bcbe1574063ef166b710e7c5c9f040538b4b599,S***a,**********9430
B1148,P1160,6F068,2025-10-13 11:37:36.951,CONFIRMED,19A,0.0,0.0,0.0,Confirmed Without Payment,IndiGo,BLR,HYD,2026-04-20 11:17:41.701,2026-04-20 15:06:41.701,03:49:00,229.0,BLR → HYD,2026-04-20,2026-04-20,11.0,15.0,False,Matched,1824f7428d639b2813364e445436dedd9fcdae36a4f4b6236a9b5ecb9bd67f37,S***a,**********0672
B1149,P1868,SJ218,2026-01-08 11:37:36.951,PENDING,30F,2.0,12393.75,0.0,No Issue,SpiceJet,DEL,HYD,2026-04-20 11:58:41.703,2026-04-20 15:03:41.703,03:05:00,185.0,DEL → HYD,2026-04-20,2026-04-20,11.0,15.0,False,Matched,1070d881d49cf2af367820fdfc0a701fef3825e11cf40852b0c33931378f52c2,Y***h,**********2528
B1150,P1175,UK083,2025-09-25 11:37:36.951,CONFIRMED,12A,1.0,12535.73,0.0,No Issue,Vistara,DEL,HYD,2026-04-20 14:10:41.702,2026-04-20 14:59:41.702,00:49:00,49.0,DEL → HYD,2026-04-20,2026-04-20,14.0,14.0,False,Matched,3b18d93f584be98b315591447e52842cbc96bb65475165c52d60b73be5f4a453,Z***l,**********2234
B1151,P1590,SJ007,2026-01-18 11:37:36.951,CANCELLED,29B,1.0,0.0,1.0,Missing Payment Amount,SpiceJet,BOM,CCU,2026-04-20 10:03:41.701,2026-04-20 14:53:41.701,04:50:00,290.0,BOM → CCU,2026-04-20,2026-04-20,10.0,14.0,False,Matched,14689b785bc985f0532befadaee10d858e5f410759b91bc61f46bb4a80bec0c6,G***h,**********9085
B1152,P1001,AI077,2025-08-14 11:37:36.951,PENDING,27A,0.0,0.0,0.0,No Issue,Air India,CCU,HYD,2026-04-20 13:45:41.702,2026-04-20 14:51:41.702,01:06:00,66.0,CCU → HYD,2026-04-20,2026-04-20,13.0,14.0,False,Matched,9fbb2208f976683265b49c7e742f5ce3043bdb2b93f6f711ca080266af97058a,A***u,**********8402
B1153,P1894,UK017,2025-12-20 11:37:36.951,CANCELLED,8D,1.0,5774.24,0.0,Cancelled With Payment,Vistara,BLR,HYD,2026-04-20 13:14:41.701,2026-04-20 14:49:41.701,01:35:00,95.0,BLR → HYD,2026-04-20,2026-04-20,13.0,14.0,False,Matched,27fa8ad298e54db4d32b9a720396c0a605dafc7c85cb1df36c2cb9e571b585f6,A***h,**********9050
B1154,P1454,6F229,2026-02-17 11:37:36.951,PENDING,24A,1.0,9979.51,0.0,No Issue,IndiGo,MAA,DEL,2026-04-20 13:10:41.704,2026-04-20 14:30:41.704,01:20:00,80.0,MAA → DEL,2026-04-20,2026-04-20,13.0,14.0,False,Matched,3c315599a219a4238a63f57f70ce0ecc1e3a2837a9b094479575876402c7e0b3,K***a,**********7005
B1155,P1927,6F074,2025-10-08 11:37:36.951,CONFIRMED,6D,0.0,0.0,0.0,Confirmed Without Payment,IndiGo,HYD,BOM,2026-04-20 11:09:41.702,2026-04-20 14:29:41.702,03:20:00,200.0,HYD → BOM,2026-04-20,2026-04-20,11.0,14.0,False,Matched,ab2ce452d61eed454d17f351dd066f2e8fd87705bdc14dfabd92740f770007c6,N***e,**********5900
B1156,P1643,SJ088,2026-03-25 11:37:36.951,CONFIRMED,5E,1.0,3413.47,0.0,No Issue,SpiceJet,CCU,MAA,2026-04-20 13:54:41.702,2026-04-20 14:26:41.702,00:32:00,32.0,CCU → MAA,2026-04-20,2026-04-20,13.0,14.0,False,Matched,18105491da73b71e3b58f9eef13af92656c66ab882b94c03f3d265591c4ee9f4,P***a,**********8235
B1157,P1275,SJ167,2025-06-28 11:37:36.951,CONFIRMED,18B,1.0,7902.25,0.0,No Issue,SpiceJet,MAA,CCU,2026-04-20 13:18:41.703,2026-04-20 14:12:41.703,00:54:00,54.0,MAA → CCU,2026-04-20,2026-04-20,13.0,14.0,False,Matched,d05f1dac37acdbb5bbbba2a6f923cb43bb571849a5acd831ac9765f96726fee7,I***a,**********0380
B1158,P1497,6F234,2025-07-20 11:37:36.951,CONFIRMED,22A,1.0,14265.47,0.0,No Issue,IndiGo,BOM,DEL,2026-04-20 11:20:41.704,2026-04-20 14:11:41.704,02:51:00,171.0,BOM → DEL,2026-04-20,2026-04-20,11.0,14.0,False,Matched,02e620d5c290a3973a601298568b6fac9d0b54195fa66d36239fbe832769df0e,M***k,**********3787
B1159,P1628,UK071,2025-12-10 11:37:36.951,PENDING,22F,3.0,16962.75,1.0,Missing Payment Amount,Vistara,DEL,HYD,2026-04-20 10:50:41.701,2026-04-20 14:06:41.701,03:16:00,196.0,DEL → HYD,2026-04-20,2026-04-20,10.0,14.0,False,Matched,37f83968179dbd01c8c89f7be02004ad23b8f340c09cb6db33eebf02ff651f20,K***n,**********1686
B1160,P1675,AI178,2025-11-21 11:37:36.951,CANCELLED,29A,1.0,5267.38,0.0,Cancelled With Payment,Air India,CCU,BLR,2026-04-20 13:04:41.703,2026-04-20 14:03:41.703,00:59:00,59.0,CCU → BLR,2026-04-20,2026-04-20,13.0,14.0,False,Matched,f60d6ae35bcbee280b4cff2229c6adce3485684bfb6e4c0c24199828eedf76de,Q***a,**********5204
B1161,P1799,UK104,2025-11-14 11:37:36.951,CONFIRMED,12A,3.0,24640.24,0.0,No Issue,Vistara,DEL,BOM,2026-04-20 12:30:41.702,2026-04-20 13:52:41.702,01:22:00,82.0,DEL → BOM,2026-04-20,2026-04-20,12.0,13.0,False,Matched,704cb660916331780a62ebf82fb4b42443fb7a7e9f58766f5a2701b26882e382,B***r,**********1674
B1162,P1027,AI146,2025-04-22 11:37:36.951,,32D,0.0,0.0,0.0,No Issue,Air India,BLR,DEL,2026-04-20 10:40:41.702,2026-04-20 13:46:41.702,03:06:00,186.0,BLR → DEL,2026-04-20,2026-04-20,10.0,13.0,False,Matched,7614e3e997090be59e36a917966f25b688fe14b638671237f36ed217ce8fc864,J***l,**********9690
B1163,P1332,SJ235,2025-11-10 11:37:36.951,CANCELLED,13D,0.0,0.0,0.0,No Issue,SpiceJet,BOM,DEL,2026-04-20 09:57:41.704,2026-04-20 13:45:41.704,03:48:00,228.0,BOM → DEL,2026-04-20,2026-04-20,9.0,13.0,False,Matched,c4d3ee9b910c5e48e3a17c0f495f1eeadb7925899a36633b28b7b65a63621a11,I***e,**********2987
B1164,P1000,6F209,2025-04-24 11:37:36.951,CONFIRMED,24A,1.0,2684.77,0.0,No Issue,IndiGo,MAA,CCU,2026-04-20 08:40:41.703,2026-04-20 13:40:41.703,05:00:00,300.0,MAA → CCU,2026-04-20,2026-04-20,8.0,13.0,False,Matched,fbd36eb2eaea50ed0e5863fca6b487802ade1eb478dd9919c77eed3a3c758223,Z***n,**********2471
B1165,P1187,AI129,2025-08-20 11:37:36.951,CANCELLED,2F,4.0,43097.990000000005,0.0,Cancelled With Payment,Air India,BOM,CCU,2026-04-20 10:29:41.702,2026-04-20 13:38:41.702,03:09:00,189.0,BOM → CCU,2026-04-20,2026-04-20,10.0,13.0,False,Matched,7e1e2b1f17b8b4b57068ef1c98c58d068086b448c2fd9d1e8280472a6f331730,I***y,**********2367
B1166,P1055,SJ141,2026-01-23 11:37:36.951,CONFIRMED,34D,1.0,5530.81,0.0,No Issue,SpiceJet,CCU,DEL,2026-04-20 10:00:41.702,2026-04-20 13:37:41.702,03:37:00,217.0,CCU → DEL,2026-04-20,2026-04-20,10.0,13.0,False,Matched,afd59be446e44c9a4e522bfbaaa8d523bab389aa0059e280f1820d599fa3eeb0,M***a,**********7690
B1167,P1546,SJ018,2026-02-02 11:37:36.951,CANCELLED,9F,3.0,27299.79,0.0,Cancelled With Payment,SpiceJet,BOM,CCU,2026-04-20 10:58:41.701,2026-04-20 13:31:41.701,02:33:00,153.0,BOM → CCU,2026-04-20,2026-04-20,10.0,13.0,False,Matched,25c9918012ccad8a3386a7166e4e66401571fae8ff949e2322ce8b2e090a195a,N***l,**********6854
B1168,P1111,UK120,2025-10-14 11:37:36.951,CANCELLED,11C,1.0,5435.83,0.0,Cancelled With Payment,Vistara,HYD,DEL,2026-04-20 09:19:41.702,2026-04-20 13:30:41.702,04:11:00,251.0,HYD → DEL,2026-04-20,2026-04-20,9.0,13.0,False,Matched,b2a4552d3e133305abe236cc941605a71e3705ac6264183724fd14221a09efeb,N***i,**********3269
B1169,P1797,AI078,2025-11-15 11:37:36.951,CONFIRMED,11E,1.0,3795.6,0.0,No Issue,Air India,DEL,BOM,2026-04-20 08:58:41.702,2026-04-20 13:28:41.702,04:30:00,270.0,DEL → BOM,2026-04-20,2026-04-20,8.0,13.0,False,Matched,ed1edafa73bc76f891088b2d9e70ddda8ce18a10c69c4c5a1b0892c6084d1a24,P***n,**********7397
B1170,P1309,AI079,2025-09-14 11:37:36.951,PENDING,15E,0.0,0.0,0.0,No Issue,Air India,CCU,BLR,2026-04-20 11:04:41.702,2026-04-20 13:19:41.702,02:15:00,135.0,CCU → BLR,2026-04-20,2026-04-20,11.0,13.0,False,Matched,b89fef1bedb516d1e80082fd5e7ed0797e74168ed7a3341750db3498b4637b4e,N***i,**********4039
B1171,P1035,UK087,2025-09-19 11:37:36.951,CANCELLED,21A,3.0,23311.04,0.0,Cancelled With Payment,Vistara,HYD,MAA,2026-04-20 09:49:41.702,2026-04-20 13:17:41.702,03:28:00,208.0,HYD → MAA,2026-04-20,2026-04-20,9.0,13.0,False,Matched,5587d350cca62364308403b46323688c7ff3a9051b2c90c1f4a05acab620d65f,A***a,**********5830
B1172,P1438,UK133,2026-01-17 11:37:36.951,CONFIRMED,8F,3.0,25477.4,0.0,No Issue,Vistara,BOM,DEL,2026-04-20 10:04:41.702,2026-04-20 13:16:41.702,03:12:00,192.0,BOM → DEL,2026-04-20,2026-04-20,10.0,13.0,False,Matched,c4cd72969b5315c5d119557109775cc6fbd411dc34a29bda0f7174e981fe2ed3,H***a,**********9600
B1173,P1728,AI222,2025-06-01 11:37:36.951,CANCELLED,22E,1.0,0.0,1.0,Missing Payment Amount,UNKNOWN,BOM,DEL,2026-04-20 12:10:41.703,2026-04-20 13:14:41.703,01:04:00,64.0,BOM → DEL,2026-04-20,2026-04-20,12.0,13.0,False,Matched,2826a2e130e92edeb0bf8b4e98da6c75b987e022b74e670c5fae9d5affaf3044,B***l,**********0197
B1174,P1591,6F049,2026-04-12 11:37:36.951,CANCELLED,19D,1.0,0.0,1.0,Missing Payment Amount,IndiGo,HYD,DEL,2026-04-20 10:00:41.701,2026-04-20 13:13:41.701,03:13:00,193.0,HYD → DEL,2026-04-20,2026-04-20,10.0,13.0,False,Matched,29e92ad39b5d6a5cf51948e1b57fe41074ecc0d65935624f7105e39f154db768,T***r,**********4287
B1175,P1825,6F105,2026-01-29 11:37:36.951,PENDING,27D,1.0,10654.9,0.0,No Issue,IndiGo,BLR,BOM,2026-04-20 11:46:41.702,2026-04-20 12:58:41.702,01:12:00,72.0,BLR → BOM,2026-04-20,2026-04-20,11.0,12.0,False,Matched,466c0cb9c65667489de2ed27cbfad00f77dcca37315db91e7d1797018c8015d3,T***a,**********0363
B1176,P1594,SJ226,2025-04-17 11:37:36.951,CANCELLED,7C,0.0,0.0,0.0,No Issue,SpiceJet,HYD,BOM,2026-04-20 08:47:41.704,2026-04-20 12:54:41.704,04:07:00,247.0,HYD → BOM,2026-04-20,2026-04-20,8.0,12.0,False,Matched,25b0176f8e2de949f4e17ebf1bbe2e6e1c61da8fe1212e880fa6a46da33e72ad,D***i,**********7327
B1177,P1576,SJ227,2025-07-29 11:37:36.951,CANCELLED,34D,1.0,12412.89,0.0,Cancelled With Payment,SpiceJet,BOM,CCU,2026-04-20 08:32:41.704,2026-04-20 12:53:41.704,04:21:00,261.0,BOM → CCU,2026-04-20,2026-04-20,8.0,12.0,False,Matched,1faa946c34da555ba823e261f3cba33578d947a9f17e966ef0889e3cbbdf8c89,U***a,**********0863
B1178,P1324,6F034,2026-02-05 11:37:36.951,CONFIRMED,34E,1.0,0.0,1.0,Missing Payment Amount,IndiGo,BOM,DEL,2026-04-20 11:53:41.701,2026-04-20 12:49:41.701,00:56:00,56.0,BOM → DEL,2026-04-20,2026-04-20,11.0,12.0,False,Matched,0e2f11d40ecb3e76d3a30cb8174630196db9fa74b29d965c3c8ef71b6e435a70,R***i,**********2098
B1179,P1639,SJ078,2025-10-03 11:37:36.951,CONFIRMED,33D,3.0,10619.52,0.0,No Issue,SpiceJet,DEL,HYD,2026-04-20 09:41:41.701,2026-04-20 12:49:41.701,03:08:00,188.0,DEL → HYD,2026-04-20,2026-04-20,9.0,12.0,False,Matched,70e7a5fb17d65d4fb88119cc1c6da0833d2cb160b6b1e78bda5c91285567fd66,F***k,**********5466
B1180,P1306,AI240,2026-04-10 11:37:36.951,PENDING,22F,0.0,0.0,0.0,No Issue,Air India,MAA,DEL,2026-04-20 10:19:41.704,2026-04-20 12:46:41.704,02:27:00,147.0,MAA → DEL,2026-04-20,2026-04-20,10.0,12.0,False,Matched,a64c6645c82fe4ffc23ec6ea7c130e8367d6bd70ecd25f18b56ece385196170e,E***k,**********9558
B1181,P1533,SJ002,2026-03-29 11:37:36.951,CANCELLED,12E,0.0,0.0,0.0,No Issue,SpiceJet,DEL,BOM,2026-04-20 07:54:41.701,2026-04-20 12:40:41.701,04:46:00,286.0,DEL → BOM,2026-04-20,2026-04-20,7.0,12.0,False,Matched,77e39000ffec842565748bc0508ebb84d541dc0722f76377dd6bde1b643994db,I***y,**********9169
B1182,P1727,AI044,2025-08-11 11:37:36.951,CANCELLED,3A,1.0,9005.88,0.0,Cancelled With Payment,UNKNOWN,MAA,BLR,2026-04-20 09:03:41.701,2026-04-20 12:36:41.701,03:33:00,213.0,MAA → BLR,2026-04-20,2026-04-20,9.0,12.0,False,Matched,4b02215cb1568771014a68abffbcd6ec51fe62d69e4298f13f6527b168e8faa6,M***v,**********4521
B1183,P1618,UK076,2025-06-22 11:37:36.951,CANCELLED,8C,0.0,0.0,0.0,No Issue,Vistara,MAA,CCU,2026-04-20 08:03:41.702,2026-04-20 12:26:41.702,04:23:00,263.0,MAA → CCU,2026-04-20,2026-04-20,8.0,12.0,False,Matched,86829e1ac6a1acf36d7da0fd603c944f246c12f0f24d15eff3f3fe36cfd572f4,G***a,**********8652
B1184,P1108,6F232,2025-08-01 11:37:36.951,PENDING,28E,0.0,0.0,0.0,No Issue,IndiGo,MAA,BLR,2026-04-20 10:39:41.704,2026-04-20 12:22:41.704,01:43:00,103.0,MAA → BLR,2026-04-20,2026-04-20,10.0,12.0,False,Matched,62190f4d1de67f08bf3ff0998afd6f4621df5a0e70262d6aafac5cd78318e105,J***l,**********6490
B1185,P1371,SJ228,2025-08-16 11:37:36.951,CANCELLED,25E,1.0,13080.31,0.0,Cancelled With Payment,SpiceJet,BOM,CCU,2026-04-20 08:29:41.704,2026-04-20 12:16:41.704,03:47:00,227.0,BOM → CCU,2026-04-20,2026-04-20,8.0,12.0,False,Matched,287a4af8dd539be3c956e8e81df69800906e485061ff034901f29aaacc2faaec,P***a,**********6542
B1186,P1356,SJ074,2026-04-04 11:37:36.951,CONFIRMED,1B,0.0,0.0,0.0,Confirmed Without Payment,SpiceJet,DEL,CCU,2026-04-20 11:21:41.701,2026-04-20 12:02:41.701,00:41:00,41.0,DEL → CCU,2026-04-20,2026-04-20,11.0,12.0,False,Matched,d05484ef6ee594fd089629328a74779f1792600441d472b34cb8c2c77ce1debe,B***a,**********4213
B1187,P1180,UK229,2025-08-04 11:37:36.951,PENDING,7F,1.0,6625.76,0.0,No Issue,UNKNOWN,HYD,DEL,2026-04-20 07:40:41.704,2026-04-20 11:57:41.704,04:17:00,257.0,HYD → DEL,2026-04-20,2026-04-20,7.0,11.0,False,Matched,e41475699a6d3c201ad9db963898e75e8fbd8213261b8c894406d9c6e94c7e78,R***i,**********5908
B1188,P1355,AI208,2026-04-04 11:37:36.951,CONFIRMED,6A,0.0,0.0,0.0,Confirmed Without Payment,Air India,BLR,BOM,2026-04-20 08:38:41.703,2026-04-20 11:52:41.703,03:14:00,194.0,BLR → BOM,2026-04-20,2026-04-20,8.0,11.0,False,Matched,7a099f39ae7927f371494f99bfb4b5fcb2bf45de0b3224616ecb26e74db6675a,D***n,**********9782
B1189,P1675,AI019,2025-11-23 11:37:36.951,CONFIRMED,14F,0.0,0.0,0.0,Confirmed Without Payment,Air India,BOM,CCU,2026-04-20 10:49:41.701,2026-04-20 11:51:41.701,01:02:00,62.0,BOM → CCU,2026-04-20,2026-04-20,10.0,11.0,False,Matched,1e0b58e9054391e824729c00bd9a72ed93c6016a23b0072fbd154e99ee2f65a2,Y***a,**********8556
B1190,P1067,6F029,2025-05-23 11:37:36.951,PENDING,12B,0.0,0.0,0.0,No Issue,IndiGo,BOM,BLR,2026-04-20 07:31:41.701,2026-04-20 11:45:41.701,04:14:00,254.0,BOM → BLR,2026-04-20,2026-04-20,7.0,11.0,False,Matched,fb4608a3ca51111db2f3dcfb274b8330443f1146ecbc7da52f6b4eea2896fb78,L***a,**********1523
B1191,P1291,6F018,2025-04-27 11:37:36.951,CONFIRMED,25B,0.0,0.0,0.0,Confirmed Without Payment,IndiGo,DEL,BLR,2026-04-20 10:57:41.701,2026-04-20 11:43:41.701,00:46:00,46.0,DEL → BLR,2026-04-20,2026-04-20,10.0,11.0,False,Matched,667823d76db39ff394497f42abbbda47df86d5f594f022706be101b6cda79e54,A***u,**********2358
B1192,P1691,AI059,2025-06-23 11:37:36.951,CANCELLED,7D,1.0,0.0,1.0,Missing Payment Amount,Air India,CCU,DEL,2026-04-20 09:16:41.701,2026-04-20 11:43:41.701,02:27:00,147.0,CCU → DEL,2026-04-20,2026-04-20,9.0,11.0,False,Matched,6fc5ff2593b645cd9d045c7fc5f7d08cab180cd780a34ee4b0520d666f14cd9c,R***l,**********5924
B1193,P1180,AI159,2025-05-22 11:37:36.951,PENDING,13D,0.0,0.0,0.0,No Issue,Air India,HYD,BLR,2026-04-20 09:23:41.703,2026-04-20 11:36:41.703,02:13:00,133.0,HYD → BLR,2026-04-20,2026-04-20,9.0,11.0,False,Matched,afa5b00ae8c19c0b068862b335350ef61024325ff0b31108358e43d01852aa0b,Z***n,**********0978
B1194,P1465,6F091,2025-07-11 11:37:36.951,CONFIRMED,14F,0.0,0.0,0.0,Confirmed Without Payment,IndiGo,BLR,CCU,2026-04-20 10:10:41.702,2026-04-20 11:36:41.702,01:26:00,86.0,BLR → CCU,2026-04-20,2026-04-20,10.0,11.0,False,Matched,21772342d60b2d2012e4b6962542c080e1ca1487037d6b8239896ed6cb6b76c3,R***a,**********6626
B1195,P1433,6F084,2025-07-20 11:37:36.951,CANCELLED,10B,2.0,19224.28,0.0,Cancelled With Payment,IndiGo,CCU,HYD,2026-04-20 10:34:41.702,2026-04-20 11:34:42.000,01:00:00.298000,60.0,CCU → HYD,2026-04-20,2026-04-20,10.0,11.0,False,Matched,7a5de755198c824b76ea8202754ee9c71c41497cb1622c9709856ffcc2c531e9,R***e,**********6166
B1196,P1463,UK170,2026-01-15 11:37:36.951,CANCELLED,20C,0.0,0.0,0.0,No Issue,Vistara,BOM,BLR,2026-04-20 09:42:41.703,2026-04-20 11:32:41.703,01:50:00,110.0,BOM → BLR,2026-04-20,2026-04-20,9.0,11.0,False,Matched,410a1643c227b32811dc1f1054358bb88c2f6a08f88628e7abb23199a9c11964,G***y,**********4596
B1197,P1680,UK212,2025-05-19 11:37:36.951,CONFIRMED,2E,1.0,8876.86,0.0,No Issue,Vistara,HYD,MAA,2026-04-20 10:46:41.704,2026-04-20 11:31:41.704,00:45:00,45.0,HYD → MAA,2026-04-20,2026-04-20,10.0,11.0,False,Matched,b4308a23ef27362101f51341aeca9c05d744a1b4da95a3b8c228ec1a5108bb39,J***l,**********7338
B1198,P1913,SJ022,2025-06-16 11:37:36.951,,29A,1.0,1830.32,0.0,No Issue,SpiceJet,DEL,BLR,2026-04-20 07:56:41.701,2026-04-20 11:07:41.701,03:11:00,191.0,DEL → BLR,2026-04-20,2026-04-20,7.0,11.0,False,Matched,e443111bff25ce9e1730151bb67a108c4270ef5a155aa4970a4253ed7c3ef7be,Y***e,**********2983
B1199,P1533,SJ075,2025-12-13 11:37:36.951,PENDING,30E,2.0,13499.52,0.0,No Issue,SpiceJet,MAA,BLR,2026-04-20 09:26:41.701,2026-04-20 11:03:41.701,01:37:00,97.0,MAA → BLR,2026-04-20,2026-04-20,9.0,11.0,False,Matched,e44d23e29f0e31c6ae6853ad5afc49a40854067ae095e5b2893409474990366b,N***n,**********7632
B1200,P1065,UK177,2025-09-17 11:37:36.951,CONFIRMED,16B,3.0,30813.57,0.0,No Issue,Vistara,DEL,HYD,2026-04-20 06:21:41.703,2026-04-20 10:50:41.703,04:29:00,269.0,DEL → HYD,2026-04-20,2026-04-20,6.0,10.0,False,Matched,d5b06c9879e936525d55e9d22dd1e877f5ae1cd005dce516184b8a85d1cf10b3,N***t,**********8921
B1201,P1020,UK206,2026-02-01 11:37:36.951,CANCELLED,3A,1.0,7338.75,0.0,Cancelled With Payment,Vistara,MAA,BLR,2026-04-20 06:01:41.703,2026-04-20 10:34:41.703,04:33:00,273.0,MAA → BLR,2026-04-20,2026-04-20,6.0,10.0,False,Matched,3e29f2cb2f8234e9a7756ff746a2123fb275da166d8c30cd10af66676551361e,J***a,**********4055
B1202,P1611,UK079,2025-04-29 11:37:36.951,CANCELLED,29C,1.0,1973.12,0.0,Cancelled With Payment,Vistara,DEL,BLR,2026-04-20 06:43:41.702,2026-04-20 10:34:41.702,03:51:00,231.0,DEL → BLR,2026-04-20,2026-04-20,6.0,10.0,False,Matched,69fda9e79160beb599b6b5c9715e63fe520f6ee51068c37a6a40169c60e40e31,O***n,**********6263
B1203,P1383,UK040,2025-06-21 11:37:36.951,CONFIRMED,3B,1.0,12774.63,0.0,No Issue,Vistara,HYD,CCU,2026-04-20 09:15:41.701,2026-04-20 10:32:41.701,01:17:00,77.0,HYD → CCU,2026-04-20,2026-04-20,9.0,10.0,False,Matched,0a16a9bbb8a5b9ee36598ca89c4cd865d579b853dcfdd46a5bee787bf3b038ed,O***a,**********0009
B1204,P1811,AI034,2025-07-25 11:37:36.951,CONFIRMED,30A,1.0,14106.07,0.0,No Issue,Air India,DEL,BOM,2026-04-20 05:48:41.701,2026-04-20 10:31:41.701,04:43:00,283.0,DEL → BOM,2026-04-20,2026-04-20,5.0,10.0,False,Matched,814d6c12e4912cffb6a2df504af504a16c6f9de1434f921402e798e7b56717ff,N***a,**********2075
B1205,P1614,UK034,2025-10-18 11:37:36.951,CONFIRMED,23F,1.0,10452.65,0.0,No Issue,Vistara,DEL,BLR,2026-04-20 06:47:41.701,2026-04-20 10:11:41.701,03:24:00,204.0,DEL → BLR,2026-04-20,2026-04-20,6.0,10.0,False,Matched,ee04af9da49bffa256b08ef986c1d0b2af336bd8323613a185905965f9b898c7,D***t,**********4339
B1206,P1558,AI088,2025-07-02 11:37:36.951,CONFIRMED,13A,0.0,0.0,0.0,Confirmed Without Payment,UNKNOWN,MAA,DEL,2026-04-20 06:34:41.702,2026-04-20 10:10:41.702,03:36:00,216.0,MAA → DEL,2026-04-20,2026-04-20,6.0,10.0,False,Matched,92b485c38fbce3d1a40af3b43d935b3b727791be8875f8e28cacc868d0aad180,S***i,**********2395
B1207,P1038,AI128,2025-06-11 11:37:36.951,PENDING,26A,1.0,10823.99,0.0,No Issue,UNKNOWN,BOM,CCU,2026-04-20 06:07:41.702,2026-04-20 10:03:41.702,03:56:00,236.0,BOM → CCU,2026-04-20,2026-04-20,6.0,10.0,False,Matched,469b6ab25310994bf9eb7db6513f5f6d565bddd4dd41830fa75da066a1966a5c,E***f,**********6415
B1208,P1284,SJ052,2025-07-22 11:37:36.951,,9A,2.0,22071.57,0.0,No Issue,SpiceJet,MAA,BLR,2026-04-20 08:20:41.701,2026-04-20 09:57:41.701,01:37:00,97.0,MAA → BLR,2026-04-20,2026-04-20,8.0,9.0,False,Matched,95582300eb4865acd045e42dcbb693cc823d40303b6cd1c0a55f441b75b79acd,R***e,**********2858
B1209,P1821,AI233,2025-12-15 11:37:36.951,PENDING,3A,1.0,10307.2,0.0,No Issue,Air India,BLR,BOM,2026-04-20 08:04:41.704,2026-04-20 09:52:41.704,01:48:00,108.0,BLR → BOM,2026-04-20,2026-04-20,8.0,9.0,False,Matched,d4b8065ae6c579acd7c338d72e51095dd9715a3f625eb019d57072ac1e28a3e1,T***a,**********6064
B1210,P1601,AI012,2026-01-20 11:37:36.951,PENDING,3C,0.0,0.0,0.0,No Issue,Air India,BOM,CCU,2026-04-20 05:44:41.701,2026-04-20 09:47:41.701,04:03:00,243.0,BOM → CCU,2026-04-20,2026-04-20,5.0,9.0,False,Matched,4c431f72d5d04d2f7eb54b9bcfd055d7a838af448282727ad5f98a15a7bf9bd8,U***a,**********4358
B1211,P1596,AI084,2025-07-07 11:37:36.951,CONFIRMED,34A,0.0,0.0,0.0,Confirmed Without Payment,Air India,BOM,HYD,2026-04-20 08:31:41.702,2026-04-20 09:46:41.702,01:15:00,75.0,BOM → HYD,2026-04-20,2026-04-20,8.0,9.0,False,Matched,023ae20162c2f3178bd4afd815c1f6538d442639481ec353e661efa23d9a8066,F***r,**********5378
B1212,P1784,6F126,2025-07-08 11:37:36.951,PENDING,34B,1.0,8421.62,0.0,No Issue,IndiGo,CCU,MAA,2026-04-20 08:21:41.702,2026-04-20 09:39:41.702,01:18:00,78.0,CCU → MAA,2026-04-20,2026-04-20,8.0,9.0,False,Matched,3af066e17c571ac5b0bfece9ea56058e0524ed72ad0ba644da1b790c696e6716,Y***k,**********6819
B1213,P1335,SJ061,2025-06-16 11:37:36.951,CONFIRMED,2E,0.0,0.0,0.0,Confirmed Without Payment,SpiceJet,MAA,BLR,2026-04-20 06:38:41.701,2026-04-20 09:35:41.701,02:57:00,177.0,MAA → BLR,2026-04-20,2026-04-20,6.0,9.0,False,Matched,6de19bcd15edd069bf30647a26e17387ce2b95d756451c3a86d97c0f59593e54,G***r,**********1107
B1214,P1187,UK194,2025-08-14 11:37:36.951,,23B,0.0,0.0,0.0,No Issue,Vistara,CCU,BOM,2026-04-20 08:26:41.703,2026-04-20 09:26:42.000,01:00:00.297000,60.0,CCU → BOM,2026-04-20,2026-04-20,8.0,9.0,False,Matched,c88d65fea3680e5f9d1f71ed7ed3d9f186af7c4cfedadf768ea8c93a57f2c25f,D***r,**********9571
B1215,P1670,AI135,2025-08-08 11:37:36.951,CANCELLED,28C,2.0,11951.15,0.0,Cancelled With Payment,Air India,BLR,BOM,2026-04-20 06:40:41.702,2026-04-20 09:21:41.702,02:41:00,161.0,BLR → BOM,2026-04-20,2026-04-20,6.0,9.0,False,Matched,a4ccb4cebf51d991d78c8cf77077e243f5155e04690a07d20d8b8b3c6c1d09ae,R***n,**********3317
B1216,P1242,6F238,2025-12-09 11:37:36.951,CONFIRMED,10A,3.0,19165.81,0.0,No Issue,IndiGo,BOM,DEL,2026-04-20 08:31:41.704,2026-04-20 09:19:41.704,00:48:00,48.0,BOM → DEL,2026-04-20,2026-04-20,8.0,9.0,False,Matched,9e7c2e3450410e8a398b07b4ab3cd22eb4a90d3c7f309250034def2619afce0d,A***a,**********5129
B1217,P1072,6F092,2026-03-19 11:37:36.951,CANCELLED,32C,0.0,0.0,0.0,No Issue,IndiGo,MAA,BLR,2026-04-20 08:39:41.702,2026-04-20 09:15:41.702,00:36:00,36.0,MAA → BLR,2026-04-20,2026-04-20,8.0,9.0,False,Matched,6dc3d57d8ab76aa9d73c5f9badbce0d740d7308ab94ec1c650c31d41547f0b33,Y***n,**********8927
B1218,P1478,AI213,2025-11-13 11:37:36.951,PENDING,2D,0.0,0.0,0.0,No Issue,Air India,HYD,CCU,2026-04-20 08:03:41.703,2026-04-20 09:14:41.703,01:11:00,71.0,HYD → CCU,2026-04-20,2026-04-20,8.0,9.0,False,Matched,f1b8efb28ccf874abcceafa0c060b1597785842c7a2da8e94f1b35b149a1da81,E***h,**********3132
B1219,P1973,UK193,2026-02-15 11:37:36.951,CANCELLED,1B,0.0,0.0,0.0,No Issue,Vistara,HYD,DEL,2026-04-20 08:39:41.703,2026-04-20 09:14:41.703,00:35:00,35.0,HYD → DEL,2026-04-20,2026-04-20,8.0,9.0,False,Matched,e6f7c7df80fc633fa4ac30338eff62f929800f2643569257433955042331a89f,O***r,**********0964
B1220,P1560,6F178,2026-04-04 11:37:36.951,PENDING,29C,1.0,11075.72,0.0,No Issue,IndiGo,BOM,CCU,2026-04-20 04:48:41.703,2026-04-20 09:11:41.703,04:23:00,263.0,BOM → CCU,2026-04-20,2026-04-20,4.0,9.0,False,Matched,2a111245db330168e7329b3680eda2702026242b1d14da346a34b2292688f555,L***r,**********2559
B1221,P1100,AI158,2026-03-06 11:37:36.951,CONFIRMED,19D,2.0,18797.11,0.0,No Issue,Air India,CCU,DEL,2026-04-20 06:04:41.703,2026-04-20 09:01:41.703,02:57:00,177.0,CCU → DEL,2026-04-20,2026-04-20,6.0,9.0,False,Matched,43dd69fe388e42171af5ac09ef66076abd3c2e1cad609508618bc88ed4902104,M***i,**********5218
B1222,P1513,UK208,2026-03-30 11:37:36.951,PENDING,8A,0.0,0.0,0.0,No Issue,Vistara,DEL,CCU,2026-04-20 03:54:41.704,2026-04-20 08:51:41.704,04:57:00,297.0,DEL → CCU,2026-04-20,2026-04-20,3.0,8.0,False,Matched,b36b5e62db340ae2441a54ace93d3fb457e313ef26b5f4f1db594ea6912ab2cd,M***a,**********5907
B1223,P1755,6F056,2026-04-09 11:37:36.951,,15A,1.0,1794.08,0.0,No Issue,IndiGo,BOM,MAA,2026-04-20 07:00:41.701,2026-04-20 08:49:41.701,01:49:00,109.0,BOM → MAA,2026-04-20,2026-04-20,7.0,8.0,False,Matched,102bf3cf727cb98767a5fd7b0a2795fb68b856bfe71a490945a40be3d72f0134,H***l,**********4660
B1224,P1175,UK185,2025-10-26 11:37:36.951,CONFIRMED,1E,0.0,0.0,0.0,Confirmed Without Payment,Vistara,DEL,MAA,2026-04-20 07:31:41.703,2026-04-20 08:48:41.703,01:17:00,77.0,DEL → MAA,2026-04-20,2026-04-20,7.0,8.0,False,Matched,52bb409870cf2f6bd7eeab38acdd21f5ba9684edbf010194a59e84f28bc5802d,T***a,**********9317
B1225,P1237,AI163,2026-01-13 11:37:36.951,PENDING,4D,2.0,3894.65,1.0,Missing Payment Amount,Air India,HYD,MAA,2026-04-20 07:45:41.703,2026-04-20 08:46:41.703,01:01:00,61.0,HYD → MAA,2026-04-20,2026-04-20,7.0,8.0,False,Matched,6c2608bc4b6a8e04f0ba56e37e4d68cd55501b8b2ce1161d64b39ec8019b6b96,Z***y,**********1229
B1226,P1909,AI112,2025-08-23 11:37:36.951,CONFIRMED,15C,1.0,8968.11,0.0,No Issue,Air India,DEL,BLR,2026-04-20 04:41:41.702,2026-04-20 08:24:41.702,03:43:00,223.0,DEL → BLR,2026-04-20,2026-04-20,4.0,8.0,False,Matched,7c9b8796ace1872c7799723a905197a51d319c92391649ae6457f017208fbe45,C***h,**********3124
B1227,P1058,AI227,2025-10-23 11:37:36.951,CANCELLED,12A,1.0,0.0,1.0,Missing Payment Amount,Air India,BLR,MAA,2026-04-20 04:31:41.703,2026-04-20 08:17:41.703,03:46:00,226.0,BLR → MAA,2026-04-20,2026-04-20,4.0,8.0,False,Matched,53d5b02c4ececebc0679f0567c73dc3ceb5871e6097d281812cc3fb18698caa4,J***n,**********8218
B1228,P1864,SJ083,2026-04-17 11:37:36.951,CONFIRMED,29D,2.0,11716.58,0.0,No Issue,SpiceJet,MAA,BLR,2026-04-20 05:13:41.702,2026-04-20 08:17:41.702,03:04:00,184.0,MAA → BLR,2026-04-20,2026-04-20,5.0,8.0,False,Matched,5cea9f976a13567d82650e259a45fe934c19447efee2dc6a69b5f0ab77cc26b3,K***y,**********2235
B1229,P1098,UK073,2026-02-07 11:37:36.951,CONFIRMED,13F,0.0,0.0,0.0,Confirmed Without Payment,Vistara,BLR,CCU,2026-04-20 03:59:41.702,2026-04-20 08:09:41.702,04:10:00,250.0,BLR → CCU,2026-04-20,2026-04-20,3.0,8.0,False,Matched,e7d8dac664c7741b9af68ab674ae2bde534a8e5d4effcd52866422b42d8eab7b,E***t,**********1227
B1230,P1953,6F169,2025-04-29 11:37:36.951,PENDING,6C,1.0,4531.77,0.0,No Issue,IndiGo,BOM,DEL,2026-04-20 03:27:41.703,2026-04-20 08:06:41.703,04:39:00,279.0,BOM → DEL,2026-04-20,2026-04-20,3.0,8.0,False,Matched,c07e950faded43375baf567f1e65af499ac3566a42c06d8daaa40dbec2432a46,Y***u,**********2051
B1231,P1870,UK154,2026-04-06 11:37:36.951,CANCELLED,27D,2.0,11556.42,0.0,Cancelled With Payment,Vistara,MAA,HYD,2026-04-20 04:00:41.703,2026-04-20 07:57:41.703,03:57:00,237.0,MAA → HYD,2026-04-20,2026-04-20,4.0,7.0,False,Matched,56faa0947b399988d74a3593596fbf7402db998ca43e14fd6831bad1cb659498,S***t,**********5590
B1232,P1953,SJ169,2025-10-06 11:37:36.951,CONFIRMED,32F,0.0,0.0,0.0,Confirmed Without Payment,SpiceJet,BOM,MAA,2026-04-20 03:10:41.703,2026-04-20 07:56:41.703,04:46:00,286.0,BOM → MAA,2026-04-20,2026-04-20,3.0,7.0,False,Matched,01707546bff7edec03c00172018ff1957511e12f110ca6db1d04aa8adb589f2a,V***a,**********1252
B1233,P1494,6F187,2025-05-13 11:37:36.951,CANCELLED,5F,1.0,1617.29,0.0,Cancelled With Payment,IndiGo,BOM,MAA,2026-04-20 03:19:41.703,2026-04-20 07:37:41.703,04:18:00,258.0,BOM → MAA,2026-04-20,2026-04-20,3.0,7.0,False,Matched,bb896c0cbe48a46d20eb8be711a12e37cef6612cf4602106e44c0cc7eda92858,A***a,**********9119
B1234,P1946,UK210,2025-11-21 11:37:36.951,CANCELLED,33A,1.0,7984.22,0.0,Cancelled With Payment,Vistara,DEL,CCU,2026-04-20 06:35:41.704,2026-04-20 07:30:41.704,00:55:00,55.0,DEL → CCU,2026-04-20,2026-04-20,6.0,7.0,False,Matched,39097a96fd52f1ab575064b84aea1a1cf7d1f292f1a1f0a78a3ff315753ac594,A***a,**********4349
B1235,P1979,6F250,2025-12-23 11:37:36.951,PENDING,13D,2.0,1236.74,1.0,Missing Payment Amount,,,,,,,,,,,,,,No Reliable Flight Match,6cb9395cb1c9c17e4f07ec2f249cc94a53e00817798604d12edabe92ffe2ae51,V***e,**********0345
B1236,P1513,AI062,2025-07-05 11:37:36.951,CONFIRMED,25A,0.0,0.0,0.0,Confirmed Without Payment,Air India,MAA,DEL,2026-04-20 06:49:41.701,2026-04-20 07:25:41.701,00:36:00,36.0,MAA → DEL,2026-04-20,2026-04-20,6.0,7.0,False,Matched,271679179d225d9003b9302fdba69f47c23566780d5e4f906ea5203eb24d005e,A***f,**********2732
B1237,P1754,AI047,2025-11-16 11:37:36.951,,15B,0.0,0.0,0.0,No Issue,UNKNOWN,CCU,MAA,2026-04-20 06:36:41.701,2026-04-20 07:23:41.701,00:47:00,47.0,CCU → MAA,2026-04-20,2026-04-20,6.0,7.0,False,Matched,121b9f591e6061df87f87d4d26b0ad0cccc70d64b7807a15ac348256b4da8d3c,F***l,**********1042
B1238,P1296,SJ186,2025-10-20 11:37:36.951,,8E,1.0,3231.46,0.0,No Issue,SpiceJet,CCU,DEL,2026-04-20 05:11:41.703,2026-04-20 07:22:41.703,02:11:00,131.0,CCU → DEL,2026-04-20,2026-04-20,5.0,7.0,False,Matched,ad635b7764298da4a1ba1517a21fe4c375f57ac073e34ff7e32a508c29f6a51f,W***r,**********4048
B1239,P1210,AI217,2025-11-17 11:37:36.951,CANCELLED,30A,1.0,8821.9,0.0,Cancelled With Payment,Air India,CCU,BLR,2026-04-20 04:57:41.703,2026-04-20 07:14:41.703,02:17:00,137.0,CCU → BLR,2026-04-20,2026-04-20,4.0,7.0,False,Matched,bfcfa5d90de2ed500ae6db328dbf58f7f9eeeca47def190af8fcb2f37471d9ce,G***n,**********8284
B1240,P1122,UK100,2025-12-31 11:37:36.951,CONFIRMED,17A,1.0,12241.53,0.0,No Issue,Vistara,CCU,BLR,2026-04-20 04:40:41.702,2026-04-20 07:12:41.702,02:32:00,152.0,CCU → BLR,2026-04-20,2026-04-20,4.0,7.0,False,Matched,cba42f3eeb784d654c1b82b776ab102f87a52844746981a5aa8b795658b60481,F***i,**********5606
B1241,P1228,UK116,2025-12-16 11:37:36.951,CONFIRMED,10A,1.0,0.0,1.0,Missing Payment Amount,Vistara,CCU,BOM,2026-04-20 03:18:41.702,2026-04-20 07:06:41.702,03:48:00,228.0,CCU → BOM,2026-04-20,2026-04-20,3.0,7.0,False,Matched,3908b31871d0dc99ce6c5c6f9400b196be23f1b17da44490dce921d0e5c19530,M***p,**********1868
B1242,P1593,6F036,2025-12-01 11:37:36.951,CANCELLED,26C,0.0,0.0,0.0,No Issue,IndiGo,CCU,BLR,2026-04-20 02:14:41.701,2026-04-20 06:57:41.701,04:43:00,283.0,CCU → BLR,2026-04-20,2026-04-20,2.0,6.0,False,Matched,35124f879d9bdc9c7bd6151647e05e93c1e68285744adc7d56ac67bf6490e180,L***a,**********3494
B1243,P1655,AI175,2026-01-22 11:37:36.951,CANCELLED,29E,0.0,0.0,0.0,No Issue,Air India,BOM,HYD,2026-04-20 03:08:41.703,2026-04-20 06:55:41.703,03:47:00,227.0,BOM → HYD,2026-04-20,2026-04-20,3.0,6.0,False,Matched,f01fed20d615bfb1395af50e6501d30d5cd0f5c31654a5bfb892674c9ab720ba,T***t,**********2271
B1244,P1387,UK051,2025-08-18 11:37:36.951,CONFIRMED,27D,1.0,4953.56,0.0,No Issue,Vistara,HYD,DEL,2026-04-20 03:55:41.701,2026-04-20 06:55:41.701,03:00:00,180.0,HYD → DEL,2026-04-20,2026-04-20,3.0,6.0,False,Matched,a096da9604312585bae2f16bbe292163cc231001d4421ea0cea2460cbd47a7a5,O***y,**********5439
B1245,P1139,6F201,2026-04-17 11:37:36.951,,26A,1.0,3162.91,0.0,No Issue,IndiGo,CCU,BOM,2026-04-20 02:09:41.703,2026-04-20 06:49:41.703,04:40:00,280.0,CCU → BOM,2026-04-20,2026-04-20,2.0,6.0,False,Matched,158444325e6a5961f2b246310e9967f157aed4d5f6f173c85ec59324eaeab8ca,G***a,**********9724
B1246,P1540,6F230,2026-04-09 11:37:36.951,CONFIRMED,33B,1.0,11516.06,0.0,No Issue,IndiGo,CCU,BLR,2026-04-20 03:34:41.704,2026-04-20 06:47:41.704,03:13:00,193.0,CCU → BLR,2026-04-20,2026-04-20,3.0,6.0,False,Matched,0da0daebff36ffa79c7e6d9d18e839fa46452b26d7320921cccc19ce880ae953,O***a,**********7156
B1247,P1390,SJ138,2025-08-13 11:37:36.951,CANCELLED,15F,1.0,7658.69,0.0,Cancelled With Payment,UNKNOWN,BLR,BOM,2026-04-20 05:55:41.702,2026-04-20 06:43:41.702,00:48:00,48.0,BLR → BOM,2026-04-20,2026-04-20,5.0,6.0,False,Matched,29e7e007c93225f8a5e240d0f8789e31feb99b80da4984f106dc3f9120f385e1,S***i,**********4867
B1248,P1269,AI246,2026-03-04 11:37:36.951,PENDING,16B,0.0,0.0,0.0,No Issue,Air India,BOM,BLR,2026-04-20 03:22:41.704,2026-04-20 06:41:41.704,03:19:00,199.0,BOM → BLR,2026-04-20,2026-04-20,3.0,6.0,False,Matched,983f6a394bfa18dcd892074686c0d0998d7359181eec8494c72a92c740c5eb48,L***i,**********8805
B1249,P1758,6F179,2025-06-06 11:37:36.951,CANCELLED,26B,2.0,5024.44,0.0,Cancelled With Payment,IndiGo,HYD,MAA,2026-04-20 02:25:41.703,2026-04-20 06:40:41.703,04:15:00,255.0,HYD → MAA,2026-04-20,2026-04-20,2.0,6.0,False,Matched,48fd39716a1b09b8013a46ceee6df87753fe3f7cd028a2fc90ffbe4e1a3db18a,L***d,**********3294
B1250,P1011,6F031,2026-01-28 11:37:36.951,CANCELLED,16F,1.0,6497.92,0.0,Cancelled With Payment,IndiGo,BOM,BLR,2026-04-20 02:00:41.701,2026-04-20 06:37:41.701,04:37:00,277.0,BOM → BLR,2026-04-20,2026-04-20,2.0,6.0,False,Matched,b05acaaa26ffe2cfd7f1540caa0b6cdd669041bcf7a9f7627542d2d867b18fbd,A***y,**********9472
B1251,P1866,UK015,2025-08-30 11:37:36.951,PENDING,29A,1.0,6952.65,0.0,No Issue,Vistara,BLR,BOM,2026-04-20 04:46:41.701,2026-04-20 06:33:41.701,01:47:00,107.0,BLR → BOM,2026-04-20,2026-04-20,4.0,6.0,False,Matched,ad3874deb14adcb7c55ed1ad0275141741910c25688c46c97e917ec4ba13363d,C***n,**********0000
B1252,P1388,UK001,2025-04-21 11:37:36.951,CANCELLED,27C,1.0,1480.08,0.0,Cancelled With Payment,Vistara,CCU,DEL,2026-04-20 05:06:41.700,2026-04-20 06:31:41.700,01:25:00,85.0,CCU → DEL,2026-04-20,2026-04-20,5.0,6.0,False,Matched,72295d408d5005a6471d7caa3ffddf7d7edc3a2e630f954b96b54754cfebe6f8,O***n,**********8619
B1253,P1336,6F133,2026-02-27 11:37:36.951,CANCELLED,15E,2.0,16182.17,0.0,Cancelled With Payment,IndiGo,MAA,BLR,2026-04-20 04:38:41.702,2026-04-20 06:25:41.702,01:47:00,107.0,MAA → BLR,2026-04-20,2026-04-20,4.0,6.0,False,Matched,ea593d2c3b9d9ab76a4a702e2105a747d3f773561532472e36e3624ba948299f,T***a,**********2911
B1254,P1505,6F143,2025-07-22 11:37:36.951,CANCELLED,5D,1.0,0.0,1.0,Missing Payment Amount,IndiGo,CCU,DEL,2026-04-20 02:09:41.702,2026-04-20 06:08:41.702,03:59:00,239.0,CCU → DEL,2026-04-20,2026-04-20,2.0,6.0,False,Matched,47682f6856f8cd6f968a693fc5b4f7174f44f40b7efa11d9c3525e9edd080630,T***n,**********7840
B1255,P1105,UK165,2025-09-22 11:37:36.951,CANCELLED,23F,1.0,1412.67,0.0,Cancelled With Payment,Vistara,DEL,BLR,2026-04-20 01:51:41.703,2026-04-20 06:04:41.703,04:13:00,253.0,DEL → BLR,2026-04-20,2026-04-20,1.0,6.0,False,Matched,219bef4831f829eba13ef950bb31040d50925853855124b6e147fdeaff799216,R***r,**********1946
B1256,P1031,6F083,2025-08-10 11:37:36.951,CANCELLED,22B,1.0,2040.64,0.0,Cancelled With Payment,IndiGo,BLR,DEL,2026-04-20 05:24:41.702,2026-04-20 06:03:41.702,00:39:00,39.0,BLR → DEL,2026-04-20,2026-04-20,5.0,6.0,False,Matched,48493a1e456195504efc37245c15adf5e014422138e19c6a152b175b89eae6e8,A***n,**********0072
B1257,P1073,AI082,2025-08-19 11:37:36.951,CANCELLED,11C,1.0,13028.65,0.0,Cancelled With Payment,Air India,DEL,CCU,2026-04-20 03:19:41.702,2026-04-20 06:01:41.702,02:42:00,162.0,DEL → CCU,2026-04-20,2026-04-20,3.0,6.0,False,Matched,b9d993e38146c100a794784374ec2e297cb1fb852088bf82b1e08c3f4743f23c,G***l,**********7961
B1258,P1170,AI164,2025-10-28 11:37:36.951,CANCELLED,21F,0.0,0.0,0.0,No Issue,Air India,DEL,BLR,2026-04-20 03:57:41.703,2026-04-20 05:45:41.703,01:48:00,108.0,DEL → BLR,2026-04-20,2026-04-20,3.0,5.0,False,Matched,d42f09f610f9243a5d615f5ae0bc93909893393f65af728b03bb56c0d655891a,N***l,**********9118
B1259,P1848,SJ155,2026-01-19 11:37:36.951,CANCELLED,31F,1.0,12805.67,0.0,Cancelled With Payment,SpiceJet,DEL,CCU,2026-04-20 00:38:41.702,2026-04-20 05:38:41.702,05:00:00,300.0,DEL → CCU,2026-04-20,2026-04-20,0.0,5.0,False,Matched,4b77e15ca9a67f1445ad49750ca3e95e4f953556307d6a8d2b3f2d0bc4e30c70,J***a,**********8041
B1260,P1068,AI189,2026-01-04 11:37:36.951,CANCELLED,1D,3.0,16293.859999999999,0.0,Cancelled With Payment,Air India,CCU,DEL,2026-04-20 03:44:41.703,2026-04-20 05:32:41.703,01:48:00,108.0,CCU → DEL,2026-04-20,2026-04-20,3.0,5.0,False,Matched,4523ef270407c19e4f086d29234321e612e68c190279f639f1bc790d54d08b88,A***h,**********9063
B1261,P1812,SJ057,2025-12-21 11:37:36.951,CONFIRMED,34A,0.0,0.0,0.0,Confirmed Without Payment,SpiceJet,BOM,CCU,2026-04-20 02:17:41.701,2026-04-20 05:29:41.701,03:12:00,192.0,BOM → CCU,2026-04-20,2026-04-20,2.0,5.0,False,Matched,8b12b9b6c47a74bc099d5cab1ebfa24bb47dc6dbe718b757ec605d61bb733c95,A***o,**********0909
B1262,P1361,SJ198,2025-05-07 11:37:36.951,CONFIRMED,16F,2.0,10619.2,0.0,No Issue,SpiceJet,CCU,BOM,2026-04-20 00:47:41.703,2026-04-20 05:28:41.703,04:41:00,281.0,CCU → BOM,2026-04-20,2026-04-20,0.0,5.0,False,Matched,93b683f45f63e7161753160421b56aa7818051e3b9e39b57e6491af9e3694512,P***h,**********8944
B1263,P1648,6F122,2026-01-03 11:37:36.951,CANCELLED,6C,2.0,12480.9,0.0,Cancelled With Payment,IndiGo,DEL,BLR,2026-04-20 01:44:41.702,2026-04-20 05:28:41.702,03:44:00,224.0,DEL → BLR,2026-04-20,2026-04-20,1.0,5.0,False,Matched,363b9fb8fce1194f32f7ea4f43e23e713f3724b8f21ec8408afde36934413c25,T***l,**********8359
B1264,P1432,SJ097,2026-04-15 11:37:36.951,CONFIRMED,12A,2.0,8599.61,0.0,No Issue,SpiceJet,BOM,CCU,2026-04-20 02:37:41.702,2026-04-20 05:27:41.702,02:50:00,170.0,BOM → CCU,2026-04-20,2026-04-20,2.0,5.0,False,Matched,d2eaa1f0d671e6fe921ad536c4ac241d35c79cd91442d83e8012f0dc3d9402cb,C***d,**********0179
B1265,P1928,UK203,2025-08-06 11:37:36.951,PENDING,28F,0.0,0.0,0.0,No Issue,Vistara,BLR,HYD,2026-04-20 04:12:41.703,2026-04-20 05:24:41.703,01:12:00,72.0,BLR → HYD,2026-04-20,2026-04-20,4.0,5.0,False,Matched,9042ffc6235420bc16844f9582e7d5fdc82f072ba166f1db543ce1b1c8521315,L***g,**********3723
B1266,P1995,UK093,2026-01-16 11:37:36.951,CONFIRMED,27F,1.0,14431.32,0.0,No Issue,Vistara,HYD,CCU,2026-04-20 04:31:41.702,2026-04-20 05:21:41.702,00:50:00,50.0,HYD → CCU,2026-04-20,2026-04-20,4.0,5.0,False,Matched,73908b01d924b10c68b3844ae60834c81ea6cb86ca144d7cad49b075d3f4c45b,S***a,**********3106
B1267,P1099,AI205,2025-05-21 11:37:36.951,CANCELLED,32A,2.0,16308.98,0.0,Cancelled With Payment,Air India,BLR,BOM,2026-04-20 03:26:41.703,2026-04-20 05:14:41.703,01:48:00,108.0,BLR → BOM,2026-04-20,2026-04-20,3.0,5.0,False,Matched,eb44b7a5311fd8e71596b4925d7e6fbc8df8a35a38634283e5f8d904b1699a60,E***h,**********0019
B1268,P1657,AI102,2026-01-16 11:37:36.951,,12A,1.0,13289.27,0.0,No Issue,Air India,CCU,BLR,2026-04-20 00:17:41.702,2026-04-20 05:08:41.702,04:51:00,291.0,CCU → BLR,2026-04-20,2026-04-20,0.0,5.0,False,Matched,3cff8374d208d71751698ccb6dc8b34774088e29be8970311727463ad5ef5538,L***l,**********7177
B1269,P1008,6F046,2025-09-06 11:37:36.951,CONFIRMED,4C,2.0,21299.7,0.0,No Issue,IndiGo,DEL,BLR,2026-04-20 01:27:41.701,2026-04-20 05:08:41.701,03:41:00,221.0,DEL → BLR,2026-04-20,2026-04-20,1.0,5.0,False,Matched,8739a392d975ad68d40e3505b336a8ecac430bc2aed3b5b6348321f6de0d3703,O***n,**********0807
B1270,P1573,SJ017,2025-06-02 11:37:36.951,,22E,0.0,0.0,0.0,No Issue,SpiceJet,DEL,MAA,2026-04-20 02:57:41.701,2026-04-20 05:00:41.701,02:03:00,123.0,DEL → MAA,2026-04-20,2026-04-20,2.0,5.0,False,Matched,5cfcbbb44314e2ad5a8778bdb200f9fb146db654372473549fb07012ee96d3cd,F***l,**********2228
B1271,P1696,6F156,2025-10-20 11:37:36.951,PENDING,28B,1.0,12211.33,0.0,No Issue,IndiGo,MAA,BOM,2026-04-20 02:23:41.703,2026-04-20 04:57:41.703,02:34:00,154.0,MAA → BOM,2026-04-20,2026-04-20,2.0,4.0,False,Matched,d8ba4d5d252f7b48c9bd83043b496aeaac83a708891e7ebdf750da7ddc68d280,A***a,**********3662
B1272,P1028,AI068,2025-07-18 11:37:36.951,PENDING,19A,4.0,30432.86,1.0,Missing Payment Amount,Air India,BOM,BLR,2026-04-20 02:48:41.702,2026-04-20 04:48:42.000,02:00:00.298000,120.0,BOM → BLR,2026-04-20,2026-04-20,2.0,4.0,False,Matched,640500d978ddaa98d31fb112c1563d1f47258c81e6d0d7a162ac0537fecdd92e,C***a,**********8311
B1273,P1892,AI150,2025-06-05 11:37:36.951,,28B,2.0,9142.12,0.0,No Issue,Air India,BOM,DEL,2026-04-20 03:51:41.703,2026-04-20 04:38:41.703,00:47:00,47.0,BOM → DEL,2026-04-20,2026-04-20,3.0,4.0,False,Matched,069b2c7abe450ba5f6ba863da4de7bb0be1c05c94659d3fdafc3737d63063116,U***s,**********6375
B1274,P1113,UK008,2025-10-15 11:37:36.951,PENDING,20D,1.0,8582.34,0.0,No Issue,Vistara,CCU,BLR,2026-04-20 03:57:41.701,2026-04-20 04:34:41.701,00:37:00,37.0,CCU → BLR,2026-04-20,2026-04-20,3.0,4.0,False,Matched,df9df1cea85fc191751add8bf025303f021ea73c73043298127f23ad838899e5,B***n,**********3571
B1275,P1461,6F166,2025-07-11 11:37:36.951,PENDING,18F,0.0,0.0,0.0,No Issue,IndiGo,BOM,CCU,2026-04-20 00:03:41.703,2026-04-20 04:33:41.703,04:30:00,270.0,BOM → CCU,2026-04-20,2026-04-20,0.0,4.0,False,Matched,d7881e02ec5c14d4da7f2f97908c12ffbf840118b6daed488ed58ba998da7649,Y***r,**********6536
B1276,P1920,6F177,2025-07-15 11:37:36.951,CONFIRMED,1A,1.0,9396.07,0.0,No Issue,IndiGo,HYD,MAA,2026-04-20 02:03:41.703,2026-04-20 04:25:41.703,02:22:00,142.0,HYD → MAA,2026-04-20,2026-04-20,2.0,4.0,False,Matched,00e170dec3f39461ba6e53903b1a87e14b35bb0045d7c7ee93433766342ea30c,A***a,**********9840
B1277,P1142,AI196,2026-01-19 11:37:36.951,PENDING,12E,0.0,0.0,0.0,No Issue,Air India,MAA,HYD,2026-04-20 02:52:41.703,2026-04-20 04:25:41.703,01:33:00,93.0,MAA → HYD,2026-04-20,2026-04-20,2.0,4.0,False,Matched,142f5cb76d1edde195fade290aba8156708b312316962f5d0a3e56055eeb8f84,W***e,**********6223
B1278,P1389,SJ191,2025-08-09 11:37:36.951,CONFIRMED,5B,0.0,0.0,0.0,Confirmed Without Payment,SpiceJet,BLR,BOM,2026-04-20 03:01:41.703,2026-04-20 04:23:41.703,01:22:00,82.0,BLR → BOM,2026-04-20,2026-04-20,3.0,4.0,False,Matched,0003f77c12cdd762db1e56e7388f6e55d4f470dde0fd0fff165f6a225af5a1d8,U***r,**********3565
B1279,P1631,6F019,2025-05-10 11:37:36.951,,28C,1.0,5467.05,0.0,No Issue,IndiGo,BLR,BOM,2026-04-20 00:19:41.701,2026-04-20 04:14:41.701,03:55:00,235.0,BLR → BOM,2026-04-20,2026-04-20,0.0,4.0,False,Matched,4190b8c35d5ceac4714eb7bccae04e43d3117777859b9a066afa24d4ab7a358b,T***f,**********4052
B1280,P1681,AI226,2026-04-12 11:37:36.951,CONFIRMED,33B,0.0,0.0,0.0,Confirmed Without Payment,UNKNOWN,BLR,HYD,2026-04-20 01:19:41.703,2026-04-20 04:08:41.703,02:49:00,169.0,BLR → HYD,2026-04-20,2026-04-20,1.0,4.0,False,Matched,217ef94d41a61ab6813b69152cfbd41bc74aa4cc0f5b43bf31084b9f90a8aae0,A***y,**********9514
B1281,P1156,SJ207,2026-01-21 11:37:36.951,CANCELLED,4A,1.0,4413.8,0.0,Cancelled With Payment,SpiceJet,DEL,CCU,2026-04-20 00:52:41.703,2026-04-20 04:05:41.703,03:13:00,193.0,DEL → CCU,2026-04-20,2026-04-20,0.0,4.0,False,Matched,348a1a78e838501bc087d402690b132808681aa324a4061ba1ad587aa40a0dd4,O***r,**********9374
B1282,P1334,AI009,2025-12-30 11:37:36.951,CANCELLED,8B,0.0,0.0,0.0,No Issue,UNKNOWN,DEL,CCU,2026-04-20 01:31:41.701,2026-04-20 04:05:41.701,02:34:00,154.0,DEL → CCU,2026-04-20,2026-04-20,1.0,4.0,False,Matched,d81e45c4922a75eafd7cccd66cf3090d7395e6f2428eba05c09fa39f4d4db8c3,N***y,**********2151
B1283,P1860,AI103,2025-05-08 11:37:36.951,,29D,2.0,8606.06,0.0,No Issue,Air India,BLR,BOM,2026-04-20 03:26:41.702,2026-04-20 04:04:41.702,00:38:00,38.0,BLR → BOM,2026-04-20,2026-04-20,3.0,4.0,False,Matched,9ab4808a0aee5a554d381ff56321cbe1de32ec0d2bdb07d711686286906705a0,H***l,**********7808
B1284,P1259,SJ127,2026-02-22 11:37:36.951,CANCELLED,25F,2.0,12706.73,0.0,Cancelled With Payment,SpiceJet,BOM,DEL,2026-04-20 01:21:41.702,2026-04-20 03:58:41.702,02:37:00,157.0,BOM → DEL,2026-04-20,2026-04-20,1.0,3.0,False,Matched,d6f10f5ff45f64005c91a2e9d84f106266c47ff2cc49ee2dad080dec2fd6ed92,D***d,**********0070
B1285,P1081,UK188,2026-03-26 11:37:36.951,CANCELLED,25B,1.0,1207.32,0.0,Cancelled With Payment,Vistara,MAA,BLR,2026-04-20 02:55:41.703,2026-04-20 03:44:41.703,00:49:00,49.0,MAA → BLR,2026-04-20,2026-04-20,2.0,3.0,False,Matched,1b57d26efecdc40edf4402903798fb8de4dd784962f81b55d7a5e48c0844f02e,M***c,**********8913
B1286,P1753,6F010,2025-09-25 11:37:36.951,,33B,0.0,0.0,0.0,No Issue,IndiGo,DEL,BLR,2026-04-19 23:53:41.701,2026-04-20 03:44:41.701,03:51:00,231.0,DEL → BLR,2026-04-19,2026-04-20,23.0,3.0,True,Matched,59f5bf71fe37d7561f05eb4b1a9af6972df9e68eec49fa180acea12cfe16281d,F***e,**********3362
B1287,P1440,SJ098,2025-12-13 11:37:36.951,CANCELLED,5F,2.0,22303.69,0.0,Cancelled With Payment,SpiceJet,HYD,MAA,2026-04-20 03:02:41.702,2026-04-20 03:37:41.702,00:35:00,35.0,HYD → MAA,2026-04-20,2026-04-20,3.0,3.0,False,Matched,665cda5ea3706bcc0ca32c7d2959902df3591c2456a0ff3e6ae508fec1030cf5,H***a,**********7930
B1288,P1944,6F058,2025-12-11 11:37:36.951,PENDING,18C,2.0,9254.89,0.0,No Issue,IndiGo,BOM,CCU,2026-04-20 01:04:41.701,2026-04-20 03:33:41.701,02:29:00,149.0,BOM → CCU,2026-04-20,2026-04-20,1.0,3.0,False,Matched,0a453657a8991145cbe32f1f76df08a0570cd50e031b17bc2b44db73088651e9,J***n,**********4865
B1289,P1171,SJ030,2026-03-23 11:37:36.951,PENDING,24F,2.0,12016.99,1.0,Missing Payment Amount,SpiceJet,DEL,HYD,2026-04-20 02:36:41.701,2026-04-20 03:19:41.701,00:43:00,43.0,DEL → HYD,2026-04-20,2026-04-20,2.0,3.0,False,Matched,912e5deff48e328c894dab139ca72303380d8f75d8abc97c7ea9ab4a724ad764,I***a,**********7017
B1290,P1230,UK175,2025-07-26 11:37:36.951,CANCELLED,16F,1.0,13471.57,0.0,Cancelled With Payment,Vistara,BLR,BOM,2026-04-19 23:56:41.703,2026-04-20 03:18:41.703,03:22:00,202.0,BLR → BOM,2026-04-19,2026-04-20,23.0,3.0,True,Matched,959dbab753b9827301f1f2199c20e783c7bc6b510be6fe3ba0958148ad357305,P***r,**********9769
B1291,P1719,SJ108,2026-04-01 11:37:36.951,PENDING,28E,1.0,4129.39,0.0,No Issue,SpiceJet,BLR,HYD,2026-04-20 00:40:41.702,2026-04-20 03:16:41.702,02:36:00,156.0,BLR → HYD,2026-04-20,2026-04-20,0.0,3.0,False,Matched,b64d80e52b6b05a4821654bf5a15b4a93a383119bf62b33e4f092198d3f2e4c2,E***r,**********7572
B1292,P1074,6F075,2025-08-03 11:37:36.951,CONFIRMED,7C,2.0,22109.52,0.0,No Issue,IndiGo,BOM,CCU,2026-04-19 22:20:41.702,2026-04-20 03:02:41.702,04:42:00,282.0,BOM → CCU,2026-04-19,2026-04-20,22.0,3.0,True,Matched,ef61e9a15b7fa058cdcb16caf7ab9720db6601182780d4a470deaa62dfd33d02,H***a,**********3679
B1293,P1269,UK222,2025-08-31 11:37:36.951,CONFIRMED,25F,1.0,6227.3,0.0,No Issue,Vistara,BOM,CCU,2026-04-20 01:22:41.704,2026-04-20 02:57:41.704,01:35:00,95.0,BOM → CCU,2026-04-20,2026-04-20,1.0,2.0,False,Matched,aa7a8ba3800b824b2eb32963e014c1d07ca3ed3bb053694f00c0346839f9afc8,O***i,**********6545
B1294,P1898,6F250,2025-07-13 11:37:36.951,CANCELLED,34B,0.0,0.0,0.0,No Issue,,,,,,,,,,,,,,No Reliable Flight Match,5c1be3340e3e09ae37d729d39d179c6c77d6eb2cfdbcc79fa1c817116bb960f8,H***t,**********9502
B1295,P1625,AI096,2025-12-29 11:37:36.951,CANCELLED,14B,0.0,0.0,0.0,No Issue,Air India,CCU,DEL,2026-04-19 21:48:41.702,2026-04-20 02:46:41.702,04:58:00,298.0,CCU → DEL,2026-04-19,2026-04-20,21.0,2.0,True,Matched,0c9373278df71e25bf24ca7c6fd8aa868a1ccd4a6329eff914ab1a0ff2ed3c0c,J***f,**********2053
B1296,P1061,AI216,2025-12-23 11:37:36.951,CANCELLED,1B,0.0,0.0,0.0,No Issue,Air India,BOM,CCU,2026-04-20 01:10:41.703,2026-04-20 02:34:41.703,01:24:00,84.0,BOM → CCU,2026-04-20,2026-04-20,1.0,2.0,False,Matched,691c9626fab47ae57ab071d8836c3b5a4a7af7aa16dbd9a3fda00141fcaca533,M***n,**********7733
B1297,P1873,6F193,2026-01-23 11:37:36.951,PENDING,8A,0.0,0.0,0.0,No Issue,IndiGo,BOM,MAA,2026-04-20 00:34:41.703,2026-04-20 02:32:41.703,01:58:00,118.0,BOM → MAA,2026-04-20,2026-04-20,0.0,2.0,False,Matched,a7e1c411aee0eef48fe48259fe764e4575082ba99893ff74767304d64e620479,P***g,**********8361
B1298,P1319,SJ194,2026-01-02 11:37:36.951,PENDING,6C,0.0,0.0,0.0,No Issue,SpiceJet,CCU,DEL,2026-04-19 22:46:41.703,2026-04-20 02:31:41.703,03:45:00,225.0,CCU → DEL,2026-04-19,2026-04-20,22.0,2.0,True,Matched,f5d1b416901ecc2a9cdb5e41a18fcda3ee8437851598045b096bfbe27b9b0960,A***n,**********2809
B1299,P1101,SJ020,2025-09-11 11:37:36.951,CONFIRMED,16F,1.0,8842.93,0.0,No Issue,SpiceJet,BLR,BOM,2026-04-19 22:18:41.701,2026-04-20 02:27:41.701,04:09:00,249.0,BLR → BOM,2026-04-19,2026-04-20,22.0,2.0,True,Matched,9f205c3059639765c686d642af0473c9001920ac1a10ca06540adcc82316106c,V***f,**********3217
B1300,P1428,6F070,2025-06-14 11:37:36.951,PENDING,21C,0.0,0.0,0.0,No Issue,IndiGo,HYD,DEL,2026-04-19 23:23:41.701,2026-04-20 02:24:41.701,03:01:00,181.0,HYD → DEL,2026-04-19,2026-04-20,23.0,2.0,True,Matched,4437ed6e1810562f1a485ad92f698682f821d62d6043b85e437cd2282f90f5e2,R***l,**********3521
B1301,P1873,AI051,2025-09-03 11:37:36.951,CONFIRMED,12A,1.0,14671.03,0.0,No Issue,Air India,MAA,BLR,2026-04-20 01:27:41.701,2026-04-20 02:22:41.701,00:55:00,55.0,MAA → BLR,2026-04-20,2026-04-20,1.0,2.0,False,Matched,71fc6b978e64cb415c70d1f09318dfa5c0b84000abbd268c193bd4a0e84dbfef,E***l,**********4069
B1302,P1721,UK219,2025-12-27 11:37:36.951,PENDING,3D,3.0,24221.91,0.0,No Issue,Vistara,BOM,HYD,2026-04-19 22:03:41.704,2026-04-20 02:21:41.704,04:18:00,258.0,BOM → HYD,2026-04-19,2026-04-20,22.0,2.0,True,Matched,9d5ca609c2e118896874c0c7e485fe65402a293b9d0fb96d90373167bdd925db,G***k,**********4089
B1303,P1953,AI235,2025-12-13 11:37:36.951,CONFIRMED,20A,2.0,19672.949999999997,0.0,No Issue,Air India,BLR,HYD,2026-04-19 22:45:41.704,2026-04-20 02:12:41.704,03:27:00,207.0,BLR → HYD,2026-04-19,2026-04-20,22.0,2.0,True,Matched,7ed0701a6a9964e4905cd1f4a5aaca561163bfb34a90732f52fa37c55867e48e,S***i,**********9768
B1304,P1254,6F022,2025-12-13 11:37:36.951,,18E,0.0,0.0,0.0,No Issue,IndiGo,MAA,BLR,2026-04-19 21:46:41.701,2026-04-20 02:05:41.701,04:19:00,259.0,MAA → BLR,2026-04-19,2026-04-20,21.0,2.0,True,Matched,d24807292258b02955c494b16a77288609e896f2fcd4234b34d83792de4a2abf,U***n,**********1700
B1305,P1531,SJ114,2025-09-28 11:37:36.951,PENDING,13C,1.0,13844.39,0.0,No Issue,SpiceJet,HYD,DEL,2026-04-19 22:42:41.702,2026-04-20 02:02:41.702,03:20:00,200.0,HYD → DEL,2026-04-19,2026-04-20,22.0,2.0,True,Matched,49ba46c5e75f0440225e3c35ed0823e9274a56a9f43842994b566dde445a8538,G***n,**********9203
B1306,P1569,SJ076,2025-12-01 11:37:36.951,CONFIRMED,30A,1.0,9753.04,0.0,No Issue,SpiceJet,DEL,MAA,2026-04-19 23:01:41.701,2026-04-20 02:02:41.701,03:01:00,181.0,DEL → MAA,2026-04-19,2026-04-20,23.0,2.0,True,Matched,9b40efdd02edca7473aeb886cba65ea6c74fdb2aa98b60f806a7f3228783e7ab,W***r,**********1450
B1307,P1111,UK227,2026-01-26 11:37:36.951,PENDING,32E,2.0,26271.33,0.0,No Issue,Vistara,BOM,HYD,2026-04-19 21:57:41.704,2026-04-20 01:47:41.704,03:50:00,230.0,BOM → HYD,2026-04-19,2026-04-20,21.0,1.0,True,Matched,51c9538f633e0462ab84a7ea98c14e614540d1630ae6d2df61a0acde5151bcc6,Q***a,**********2614
B1308,P1984,UK135,2025-07-22 11:37:36.951,CANCELLED,30D,2.0,21710.67,0.0,Cancelled With Payment,Vistara,HYD,DEL,2026-04-19 23:50:41.702,2026-04-20 01:43:41.702,01:53:00,113.0,HYD → DEL,2026-04-19,2026-04-20,23.0,1.0,True,Matched,497a0fa9fba2d1280cfd2f12fad59b7eb54d3afbc35d5a64bc3ed8b7aef3af7d,S***t,**********2287
B1309,P1312,AI234,2025-05-06 11:37:36.951,CONFIRMED,30F,0.0,0.0,0.0,Confirmed Without Payment,Air India,BOM,MAA,2026-04-19 23:50:41.704,2026-04-20 01:34:41.704,01:44:00,104.0,BOM → MAA,2026-04-19,2026-04-20,23.0,1.0,True,Matched,e43563330de40c32ef1c68480d5ee3251c5c9779ca1e8928a7b73db04744be15,A***k,**********2677
B1310,P1997,6F113,2025-08-20 11:37:36.951,PENDING,5D,1.0,7370.22,0.0,No Issue,IndiGo,BOM,CCU,2026-04-19 21:04:41.702,2026-04-20 01:30:41.702,04:26:00,266.0,BOM → CCU,2026-04-19,2026-04-20,21.0,1.0,True,Matched,d73e460424314a38bc3d9e1ba275bba74adee5f58c8deab42c832668a923a90f,A***r,**********3222
B1311,P1460,SJ206,2025-11-16 11:37:36.951,PENDING,9D,0.0,0.0,0.0,No Issue,SpiceJet,DEL,CCU,2026-04-19 20:43:41.703,2026-04-20 01:21:41.703,04:38:00,278.0,DEL → CCU,2026-04-19,2026-04-20,20.0,1.0,True,Matched,24a2dd5953d1fa34355527aeb0dd35d470d1060340cab5f2971e3030ef9f0439,A***e,**********4288
B1312,P1707,AI015,2026-03-29 11:37:36.951,,6E,0.0,0.0,0.0,No Issue,Air India,BLR,CCU,2026-04-19 23:21:41.701,2026-04-20 01:15:41.701,01:54:00,114.0,BLR → CCU,2026-04-19,2026-04-20,23.0,1.0,True,Matched,c4d086169a7507466fa9a0170c1ef43a998d39e8bc6fa17768c7bf6cf40a8d9d,R***a,**********0241
B1313,P1886,6F260,2025-05-16 11:37:36.951,CANCELLED,33E,0.0,0.0,0.0,No Issue,UNKNOWN,CCU,DEL,2026-04-19 21:51:41.702,2026-04-20 01:14:41.702,03:23:00,203.0,CCU → DEL,2026-04-19,2026-04-20,21.0,1.0,True,Matched,38525d5c1f8ae9daa42012c12652dcdf4d63630a0d58eba63bc665b7a221160f,W***y,**********9760
B1314,P1461,AI061,2025-04-28 11:37:36.951,CONFIRMED,19C,2.0,7529.51,1.0,Missing Payment Amount,Air India,BOM,CCU,2026-04-19 23:31:41.701,2026-04-20 01:02:41.701,01:31:00,91.0,BOM → CCU,2026-04-19,2026-04-20,23.0,1.0,True,Matched,cdb6154d11533ac954c23a4d154796979cc4a5b7d60f91520abc6f594fba8d88,V***a,**********8284
B1315,P1864,6F237,2026-03-26 11:37:36.951,PENDING,9C,0.0,0.0,0.0,No Issue,IndiGo,HYD,MAA,2026-04-19 21:41:41.704,2026-04-20 00:44:41.704,03:03:00,183.0,HYD → MAA,2026-04-19,2026-04-20,21.0,0.0,True,Matched,20f9a1e0516eaf24a765a21919da90f20aad47b46ace74e6d5be7b7da9415a4c,V***n,**********7462
B1316,P1091,SJ099,2026-01-06 11:37:36.951,PENDING,27C,1.0,11302.63,0.0,No Issue,UNKNOWN,MAA,BLR,2026-04-19 22:14:41.702,2026-04-20 00:34:41.702,02:20:00,140.0,MAA → BLR,2026-04-19,2026-04-20,22.0,0.0,True,Matched,67689abdb8d7f1671df44d1c1b2335d3702407f3630fca8e1a76cdb3bf7b81db,S***l,**********2068
B1317,P1051,SJ146,2026-02-24 11:37:36.951,CANCELLED,21F,3.0,33282.71,0.0,Cancelled With Payment,SpiceJet,HYD,BLR,2026-04-19 22:37:41.702,2026-04-20 00:33:41.702,01:56:00,116.0,HYD → BLR,2026-04-19,2026-04-20,22.0,0.0,True,Matched,b47a852f240a516728aaaeb14873a2927205700d95c4da048247e39dd0f1cc34,G***n,**********9773
B1318,P1804,SJ146,2025-05-23 11:37:36.951,CANCELLED,29B,1.0,4594.77,0.0,Cancelled With Payment,SpiceJet,HYD,BLR,2026-04-19 22:37:41.702,2026-04-20 00:33:41.702,01:56:00,116.0,HYD → BLR,2026-04-19,2026-04-20,22.0,0.0,True,Matched,15967d729aecdf5d62e44a8158776aa5f8ecf737f558e9b1d19e37c85d2c2c46,T***l,**********7023
B1319,P1519,6F071,2025-05-04 11:37:36.951,CONFIRMED,4C,1.0,5359.26,0.0,No Issue,IndiGo,DEL,CCU,2026-04-19 20:18:41.702,2026-04-20 00:31:41.702,04:13:00,253.0,DEL → CCU,2026-04-19,2026-04-20,20.0,0.0,True,Matched,2f8d45159232b3190193d9f908f3dd5d182bb4dbb58182ee12406e500b62870f,Y***n,**********1758
B1320,P1811,6F272,2025-08-13 11:37:36.951,PENDING,6C,2.0,22159.09,0.0,No Issue,UNKNOWN,HYD,MAA,2026-04-19 23:35:41.702,2026-04-20 00:22:41.702,00:47:00,47.0,HYD → MAA,2026-04-19,2026-04-20,23.0,0.0,True,Matched,2c9c503922f39989c14c6d5f58d6e6a826b54e57ab22c8a9331993a883824896,J***i,**********1202
B1321,P1097,SJ029,2026-02-12 11:37:36.951,PENDING,13A,0.0,0.0,0.0,No Issue,UNKNOWN,HYD,DEL,2026-04-19 22:55:41.701,2026-04-20 00:22:41.701,01:27:00,87.0,HYD → DEL,2026-04-19,2026-04-20,22.0,0.0,True,Matched,6d2700a38d548513d5d0ca91e1ac682b174cb085fb3680f46139fd0b9613d58c,H***l,**********1866
B1322,P1235,UK084,2025-07-27 11:37:36.951,CONFIRMED,6E,0.0,0.0,0.0,Confirmed Without Payment,Vistara,MAA,DEL,2026-04-19 20:44:41.702,2026-04-20 00:20:41.702,03:36:00,216.0,MAA → DEL,2026-04-19,2026-04-20,20.0,0.0,True,Matched,e6f8b77cf283486d859b3a72e376eeee65d0064cdad2a37f79bc70267f948c60,G***y,**********0643
B1323,P1900,SJ048,2026-02-06 11:37:36.951,CONFIRMED,14D,0.0,0.0,0.0,Confirmed Without Payment,SpiceJet,MAA,BLR,2026-04-19 22:43:41.701,2026-04-20 00:19:41.701,01:36:00,96.0,MAA → BLR,2026-04-19,2026-04-20,22.0,0.0,True,Matched,1d2dd6c7e3ab38d00785c31ae05386bbb6605995875102adcc8a371c6cf869f1,S***n,**********2487
B1324,P1373,AI108,2026-02-04 11:37:36.951,CANCELLED,33B,2.0,7543.0,1.0,Missing Payment Amount,Air India,BLR,CCU,2026-04-19 21:32:41.702,2026-04-20 00:17:41.702,02:45:00,165.0,BLR → CCU,2026-04-19,2026-04-20,21.0,0.0,True,Matched,ff1d9f0c94ac5410586489c3245eea7af7455e922e25679dcc50c44067c3a244,D***y,**********4040
B1325,P1580,SJ134,2025-08-11 11:37:36.951,CANCELLED,3B,1.0,4503.45,0.0,Cancelled With Payment,SpiceJet,BOM,CCU,2026-04-19 19:58:41.702,2026-04-20 00:15:41.702,04:17:00,257.0,BOM → CCU,2026-04-19,2026-04-20,19.0,0.0,True,Matched,b257d1364fcf468633589cde9eb81fe6276764a57e545f89722fac49db4f5333,V***a,**********9747
B1326,P1926,UK146,2025-10-31 11:37:36.951,CONFIRMED,14F,0.0,0.0,0.0,Confirmed Without Payment,Vistara,BOM,MAA,2026-04-19 21:40:41.703,2026-04-20 00:08:41.703,02:28:00,148.0,BOM → MAA,2026-04-19,2026-04-20,21.0,0.0,True,Matched,4928a4597bf9ff72a5a3fa88ff2423bb7075bc093b51575a755d0186168290ed,R***i,**********8283
B1327,P1556,SJ036,2025-09-24 11:37:36.951,CONFIRMED,26C,1.0,13822.99,0.0,No Issue,SpiceJet,DEL,HYD,2026-04-19 20:24:41.701,2026-04-19 23:54:41.701,03:30:00,210.0,DEL → HYD,2026-04-19,2026-04-19,20.0,23.0,False,Matched,24e7d2bed5401e51e8ebe2749da434a80e5164ab1c118de30d712d266fa16b5e,J***n,**********7662
B1328,P1648,6F202,2025-11-01 11:37:36.951,PENDING,33B,0.0,0.0,0.0,No Issue,IndiGo,HYD,BLR,2026-04-19 20:18:41.703,2026-04-19 23:48:41.703,03:30:00,210.0,HYD → BLR,2026-04-19,2026-04-19,20.0,23.0,False,Matched,fbcc49740bee69b724038cfb0b5597ccb0b82ec9ead2b16720bd6009754116ac,Q***a,**********9958
B1329,P1233,UK041,2026-02-13 11:37:36.951,CONFIRMED,22C,1.0,6401.38,0.0,No Issue,Vistara,HYD,MAA,2026-04-19 22:37:41.701,2026-04-19 23:44:41.701,01:07:00,67.0,HYD → MAA,2026-04-19,2026-04-19,22.0,23.0,False,Matched,04c2df7e3055c5ddab5a0ad2b02c6a0ecb3436439ef25ae6cb6ea152d8e6b1e4,T***e,**********9243
B1330,P1031,6F078,2025-12-06 11:37:36.951,CONFIRMED,23A,0.0,0.0,0.0,Confirmed Without Payment,IndiGo,BOM,CCU,2026-04-19 22:04:41.702,2026-04-19 23:37:41.702,01:33:00,93.0,BOM → CCU,2026-04-19,2026-04-19,22.0,23.0,False,Matched,7c74a634ab87bfc462069759fb332a5e466c96897bd959963f9edb2b2d2b7c3b,A***a,**********6256
B1331,P1288,AI097,2025-07-03 11:37:36.951,PENDING,22C,1.0,7131.5,0.0,No Issue,Air India,HYD,MAA,2026-04-19 18:42:41.702,2026-04-19 23:34:41.702,04:52:00,292.0,HYD → MAA,2026-04-19,2026-04-19,18.0,23.0,False,Matched,7bedfb6edbc97683219eccb567679abc4ed46f84a38d9212dcd511571e87b599,B***y,**********9583
B1332,P1637,UK159,2026-01-15 11:37:36.951,CONFIRMED,7D,1.0,4183.32,0.0,No Issue,Vistara,CCU,BLR,2026-04-19 20:45:41.703,2026-04-19 23:32:41.703,02:47:00,167.0,CCU → BLR,2026-04-19,2026-04-19,20.0,23.0,False,Matched,aa7917807af2a7bb98f8291f4f9bfca0a2e65893a9f63d6d4aadc64ee14320ac,R***s,**********2108
B1333,P1578,UK044,2025-09-06 11:37:36.951,CANCELLED,12B,2.0,4610.9,0.0,Cancelled With Payment,Vistara,BLR,BOM,2026-04-19 20:31:41.701,2026-04-19 23:29:41.701,02:58:00,178.0,BLR → BOM,2026-04-19,2026-04-19,20.0,23.0,False,Matched,ada839a2b3566f17b03e8a1dc6b8a6249e847b38fa9bb505c387e08941fc8649,U***l,**********1145
B1334,P1541,6F176,2025-09-27 11:37:36.951,CANCELLED,6F,0.0,0.0,0.0,No Issue,IndiGo,CCU,DEL,2026-04-19 20:23:42.000,2026-04-19 23:23:42.000,03:00:00,180.0,CCU → DEL,2026-04-19,2026-04-19,20.0,23.0,False,Matched,df12b11e26da7102c9ccf76f8e59eae9736f9183884919eb689f3ce72706fe4f,P***l,**********9658
B1335,P1113,SJ221,2026-02-11 11:37:36.951,PENDING,4A,0.0,0.0,0.0,No Issue,SpiceJet,MAA,HYD,2026-04-19 18:31:41.703,2026-04-19 23:17:41.703,04:46:00,286.0,MAA → HYD,2026-04-19,2026-04-19,18.0,23.0,False,Matched,7758641bcfcffae1e55dbe649f9ef33c8b88d79bc2babdbb9536e3ded50a827c,A***a,**********8680
B1336,P1203,6F112,2025-07-03 11:37:36.951,CONFIRMED,22A,0.0,0.0,0.0,Confirmed Without Payment,IndiGo,HYD,DEL,2026-04-19 21:00:41.702,2026-04-19 23:16:41.702,02:16:00,136.0,HYD → DEL,2026-04-19,2026-04-19,21.0,23.0,False,Matched,5b7194549b8c5ab6e06833b76fcf2f62671d5bc90885002dff070c1606831c73,J***l,**********3059
B1337,P1028,6F246,2025-10-20 11:37:36.951,,4C,0.0,0.0,0.0,No Issue,IndiGo,HYD,DEL,2026-04-19 21:00:41.702,2026-04-19 23:16:41.702,02:16:00,136.0,HYD → DEL,2026-04-19,2026-04-19,21.0,23.0,False,Matched,1ac2ca0335d18dd35cf8da74f9c76a9da22397e6ee4bc2ccf7cd7cf2f630f08f,C***t,**********6646
B1338,P1642,6F014,2026-02-21 11:37:36.951,CANCELLED,14C,0.0,0.0,0.0,No Issue,IndiGo,DEL,MAA,2026-04-19 19:42:41.701,2026-04-19 23:15:41.701,03:33:00,213.0,DEL → MAA,2026-04-19,2026-04-19,19.0,23.0,False,Matched,175731475f81e69af76659bbb90c1a11d411ad3f7cc29f996109cf5ebd5d3732,B***e,**********2453
B1339,P1473,AI237,2025-09-17 11:37:36.951,CANCELLED,28A,0.0,0.0,0.0,No Issue,Air India,BOM,CCU,2026-04-19 19:58:41.704,2026-04-19 23:13:41.704,03:15:00,195.0,BOM → CCU,2026-04-19,2026-04-19,19.0,23.0,False,Matched,d0f7fe6b13e7e6502c640dec58da60e4b01cd8f1ae844bb4d645b0c802814917,V***n,**********9137
B1340,P1696,6F003,2025-12-14 11:37:36.951,CANCELLED,12E,0.0,0.0,0.0,No Issue,IndiGo,HYD,BOM,2026-04-19 20:06:41.700,2026-04-19 23:13:41.700,03:07:00,187.0,HYD → BOM,2026-04-19,2026-04-19,20.0,23.0,False,Matched,ccb113f060388251508881d01ebdd156e80fe0a254da084785869dec07a8aa26,A***e,**********0823
B1341,P1252,6F249,2025-07-04 11:37:36.951,CONFIRMED,5A,2.0,9263.24,1.0,Missing Payment Amount,IndiGo,HYD,BOM,2026-04-19 20:06:41.700,2026-04-19 23:13:41.700,03:07:00,187.0,HYD → BOM,2026-04-19,2026-04-19,20.0,23.0,False,Matched,bbd80c064ee67cd3a897cbfa48e9cabf4788c98f4ad671f4478b330d22d4628a,U***s,**********1075
B1342,P1797,UK149,2025-04-29 11:37:36.951,CONFIRMED,4A,3.0,19003.28,1.0,Missing Payment Amount,Vistara,MAA,DEL,2026-04-19 18:22:41.703,2026-04-19 23:08:41.703,04:46:00,286.0,MAA → DEL,2026-04-19,2026-04-19,18.0,23.0,False,Matched,33a3535b78b20f63ff2601a6af70e10621d94b69d7844ec1ec46dcfc3de97ea8,R***k,**********1209
B1343,P1904,SJ163,2026-03-08 11:37:36.951,CONFIRMED,9F,0.0,0.0,0.0,Confirmed Without Payment,SpiceJet,DEL,HYD,2026-04-19 18:32:41.703,2026-04-19 23:08:41.703,04:36:00,276.0,DEL → HYD,2026-04-19,2026-04-19,18.0,23.0,False,Matched,6ca5b32549694f5923a252c69398f758016fa376c6beb02a86116068943f8f3c,Q***l,**********5104
B1344,P1921,SJ243,2026-03-28 11:37:36.951,CONFIRMED,1D,0.0,0.0,0.0,Confirmed Without Payment,SpiceJet,BLR,DEL,2026-04-19 18:17:41.704,2026-04-19 23:03:41.704,04:46:00,286.0,BLR → DEL,2026-04-19,2026-04-19,18.0,23.0,False,Matched,07f0bc71fd91a31bd86aebed71ff496567cd5205eb33a364f404a24c4dedd824,Z***r,**********5145
B1345,P1385,UK113,2025-06-06 11:37:36.951,CANCELLED,1A,0.0,0.0,0.0,No Issue,Vistara,CCU,DEL,2026-04-19 18:34:41.702,2026-04-19 22:58:41.702,04:24:00,264.0,CCU → DEL,2026-04-19,2026-04-19,18.0,22.0,False,Matched,a5daf2e8f4531a6f1870b75a01a6cc68e36171c4d79f3e980b8c210b3a39de34,I***a,**********7922
B1346,P1061,AI071,2025-06-07 11:37:36.951,PENDING,30E,0.0,0.0,0.0,No Issue,Air India,BOM,MAA,2026-04-19 19:55:41.702,2026-04-19 22:58:41.702,03:03:00,183.0,BOM → MAA,2026-04-19,2026-04-19,19.0,22.0,False,Matched,681f904ad52c424e8d850a2477dec185a37dcd8ffce5580717fab9a856e473e6,N***y,**********1806
B1347,P1514,6F271,2026-02-07 11:37:36.951,PENDING,22A,1.0,12000.54,0.0,No Issue,UNKNOWN,HYD,MAA,2026-04-19 19:33:41.702,2026-04-19 22:52:41.702,03:19:00,199.0,HYD → MAA,2026-04-19,2026-04-19,19.0,22.0,False,Matched,00a66261287c6861c29bcc4dd2e8bf6119b35af4dd906b0e02d9cf3a7b401e87,E***a,**********6679
B1348,P1429,SJ015,2025-06-05 11:37:36.951,CANCELLED,27E,0.0,0.0,0.0,No Issue,SpiceJet,BOM,CCU,2026-04-19 21:40:41.701,2026-04-19 22:52:41.701,01:12:00,72.0,BOM → CCU,2026-04-19,2026-04-19,21.0,22.0,False,Matched,5f301b0ba7ccb4f5738f6cd33c6d0b2c7317fd7c3bb93d3f0d099f2a1e12f612,M***t,**********3196
B1349,P1579,UK047,2025-11-19 11:37:36.951,CANCELLED,9E,1.0,11101.75,0.0,Cancelled With Payment,Vistara,BLR,HYD,2026-04-19 18:40:41.701,2026-04-19 22:45:41.701,04:05:00,245.0,BLR → HYD,2026-04-19,2026-04-19,18.0,22.0,False,Matched,5d8d4baffff6be8414db7b2caf6bc05ebff1c4e3d4334038b11d1196b1e0275b,D***a,**********4833
B1350,P1536,UK020,2026-02-04 11:37:36.951,PENDING,12A,3.0,30051.37,0.0,No Issue,Vistara,MAA,BLR,2026-04-19 21:23:41.701,2026-04-19 22:38:41.701,01:15:00,75.0,MAA → BLR,2026-04-19,2026-04-19,21.0,22.0,False,Matched,e9f08ab11a79a0f14f5d1d8e071eb58e712b4870a962ab4c5ca49161860eac15,Y***i,**********8891
B1351,P1690,AI122,2025-09-03 11:37:36.951,PENDING,27F,1.0,14687.44,0.0,No Issue,Air India,BOM,CCU,2026-04-19 18:25:41.702,2026-04-19 22:36:41.702,04:11:00,251.0,BOM → CCU,2026-04-19,2026-04-19,18.0,22.0,False,Matched,402773efa149b4a3f2a468baf0a1c832beaeec21485bee3a174e31a16e4f767d,O***a,**********6783
B1352,P1140,UK223,2025-10-20 11:37:36.951,CANCELLED,17D,2.0,12219.85,0.0,Cancelled With Payment,Vistara,CCU,DEL,2026-04-19 21:58:41.704,2026-04-19 22:30:41.704,00:32:00,32.0,CCU → DEL,2026-04-19,2026-04-19,21.0,22.0,False,Matched,0eb08a05c60b48134eae17ed7fca666eab6249948fa4a701d51d07f5ba71294a,L***i,**********2884
B1353,P1742,6F148,2025-09-19 11:37:36.951,CANCELLED,15F,0.0,0.0,0.0,No Issue,IndiGo,CCU,BOM,2026-04-19 20:23:41.703,2026-04-19 22:30:41.703,02:07:00,127.0,CCU → BOM,2026-04-19,2026-04-19,20.0,22.0,False,Matched,b96ce92d3c9770668eaef00fb8b8e5df7817bea490d7bba6851fbbda8f7e7c56,S***a,**********4844
B1354,P1299,SJ162,2025-12-14 11:37:36.951,CONFIRMED,34A,1.0,10023.88,0.0,No Issue,SpiceJet,DEL,HYD,2026-04-19 20:11:41.703,2026-04-19 22:30:41.703,02:19:00,139.0,DEL → HYD,2026-04-19,2026-04-19,20.0,22.0,False,Matched,9a64abfcb02a5ab892fa24ebbc403e7b96287406ee00575526b1d71821175b1d,P***y,**********9213
B1355,P1674,6F127,2026-03-30 11:37:36.951,CONFIRMED,28B,2.0,14298.510000000002,0.0,No Issue,IndiGo,HYD,BOM,2026-04-19 18:27:41.702,2026-04-19 22:28:41.702,04:01:00,241.0,HYD → BOM,2026-04-19,2026-04-19,18.0,22.0,False,Matched,7702c0c7d09e733d6ed8369eb00b7a2680f036a1ff4499871e17962598bf821a,D***y,**********1313
B1356,P1310,AI173,2025-11-10 11:37:36.951,PENDING,11F,0.0,0.0,0.0,No Issue,Air India,HYD,DEL,2026-04-19 17:36:41.703,2026-04-19 22:27:41.703,04:51:00,291.0,HYD → DEL,2026-04-19,2026-04-19,17.0,22.0,False,Matched,a0048b680a0c3213e7ca8f7ccbf01ad861c403450bdcdd4e9301a4602d888f57,S***r,**********8460
B1357,P1470,6F065,2026-02-05 11:37:36.951,,14A,1.0,6983.72,0.0,No Issue,IndiGo,MAA,BLR,2026-04-19 19:40:41.701,2026-04-19 22:23:41.701,02:43:00,163.0,MAA → BLR,2026-04-19,2026-04-19,19.0,22.0,False,Matched,cc05021b7e48085054d6106c06099d15d7edc4630145411925a915fefe64d2e7,A***b,**********9923
B1358,P1392,AI053,2025-06-22 11:37:36.951,PENDING,20A,0.0,0.0,0.0,No Issue,Air India,CCU,DEL,2026-04-19 18:04:41.701,2026-04-19 22:19:41.701,04:15:00,255.0,CCU → DEL,2026-04-19,2026-04-19,18.0,22.0,False,Matched,44a787f5c7f3c707a9b794379b9830fd20c3bdaaa83e25925537e8eed3bc9d97,N***i,**********0560
B1359,P1641,AI241,2025-10-22 11:37:36.951,CONFIRMED,14E,4.0,21566.809999999998,1.0,Missing Payment Amount,Air India,HYD,BLR,2026-04-19 20:11:41.704,2026-04-19 22:18:41.704,02:07:00,127.0,HYD → BLR,2026-04-19,2026-04-19,20.0,22.0,False,Matched,0df3c26c1d9a164988f5fcd5f08d0ddd693186b4877098fbd706dd030d061aa5,O***e,**********8471
B1360,P1444,AI105,2025-06-15 11:37:36.951,,18D,0.0,0.0,0.0,No Issue,Air India,CCU,DEL,2026-04-19 20:16:41.702,2026-04-19 22:03:41.702,01:47:00,107.0,CCU → DEL,2026-04-19,2026-04-19,20.0,22.0,False,Matched,56d5d91c069771eca6d0234a5a7198c8fdc8498c26f92fcb4e8b0b4290e91bbd,N***e,**********2317
B1361,P1757,AI110,2025-08-24 11:37:36.951,PENDING,13F,1.0,5339.72,0.0,No Issue,Air India,BOM,CCU,2026-04-19 17:07:41.702,2026-04-19 22:00:41.702,04:53:00,293.0,BOM → CCU,2026-04-19,2026-04-19,17.0,22.0,False,Matched,405df91caeda8214889c7a03b99f3557218a1453b7efd0a8f52755a041c992ed,N***i,**********3821
B1362,P1808,AI252,2025-10-22 11:37:36.951,CONFIRMED,15B,0.0,0.0,0.0,Confirmed Without Payment,UNKNOWN,HYD,DEL,2026-04-19 17:30:41.704,2026-04-19 21:54:41.704,04:24:00,264.0,HYD → DEL,2026-04-19,2026-04-19,17.0,21.0,False,Matched,6e90791109cf2a1022a0cf817aad200bc95d12b496397e7119237265a90e8ede,U***e,**********7951
B1363,P1171,AI149,2025-12-14 11:37:36.951,CANCELLED,3B,1.0,8554.62,0.0,Cancelled With Payment,Air India,BOM,HYD,2026-04-19 18:19:41.703,2026-04-19 21:36:41.703,03:17:00,197.0,BOM → HYD,2026-04-19,2026-04-19,18.0,21.0,False,Matched,fa04490151f10a1a32a7326f2425fa617138a4f9bd77a134063c040f646859b8,B***a,**********7515
B1364,P1575,AI224,2025-09-09 11:37:36.951,PENDING,23F,3.0,14123.66,0.0,No Issue,Air India,DEL,HYD,2026-04-19 16:51:41.703,2026-04-19 21:36:41.703,04:45:00,285.0,DEL → HYD,2026-04-19,2026-04-19,16.0,21.0,False,Matched,47ce1895315db10dd00a7075624a90c5ac77c02679decb1189750979749bf546,B***l,**********8079
B1365,P1030,UK158,2025-07-03 11:37:36.951,CANCELLED,15B,0.0,0.0,0.0,No Issue,Vistara,BOM,MAA,2026-04-19 20:49:41.703,2026-04-19 21:22:41.703,00:33:00,33.0,BOM → MAA,2026-04-19,2026-04-19,20.0,21.0,False,Matched,a33cfeaddf4ae4d645f159f65b9591682c8b1883536787c062fd95a25ab410d7,S***l,**********0703
B1366,P1046,6F125,2025-05-05 11:37:36.951,CANCELLED,25E,0.0,0.0,0.0,No Issue,IndiGo,BOM,CCU,2026-04-19 17:09:41.702,2026-04-19 21:13:41.702,04:04:00,244.0,BOM → CCU,2026-04-19,2026-04-19,17.0,21.0,False,Matched,1c3ba54320320a7a716edcbec2d7d8f9ad38ff08acdf2b31b343dff3c3065aa4,V***a,**********5252
B1367,P1129,UK164,2025-12-14 11:37:36.951,CONFIRMED,18A,2.0,2379.52,1.0,Missing Payment Amount,Vistara,BOM,HYD,2026-04-19 16:46:41.703,2026-04-19 21:10:41.703,04:24:00,264.0,BOM → HYD,2026-04-19,2026-04-19,16.0,21.0,False,Matched,df2ef55a7363268de57571697d6b835f839dfecfdf6d55d5bb3eea17d59ddd00,R***l,**********0157
B1368,P1351,UK007,2025-12-26 11:37:36.951,CANCELLED,1E,3.0,21921.94,0.0,Cancelled With Payment,Vistara,DEL,HYD,2026-04-19 18:50:41.701,2026-04-19 21:04:41.701,02:14:00,134.0,DEL → HYD,2026-04-19,2026-04-19,18.0,21.0,False,Matched,da7d5e0922b2c7c8c28e617b5cdadf4e78ef81f2d731e0cf0fac8ba260256129,I***r,**********7814
B1369,P1977,6F118,2026-03-18 11:37:36.951,PENDING,15F,3.0,18103.68,1.0,Missing Payment Amount,IndiGo,CCU,HYD,2026-04-19 19:52:41.702,2026-04-19 21:01:41.702,01:09:00,69.0,CCU → HYD,2026-04-19,2026-04-19,19.0,21.0,False,Matched,b1b564b8900a1215896719fdae9189077dd1162c13996e62133a0881d4aa3e58,M***a,**********2076
B1370,P1844,SJ004,2026-01-01 11:37:36.951,CANCELLED,19C,2.0,16512.64,0.0,Cancelled With Payment,SpiceJet,MAA,DEL,2026-04-19 17:52:41.701,2026-04-19 21:01:41.701,03:09:00,189.0,MAA → DEL,2026-04-19,2026-04-19,17.0,21.0,False,Matched,fbbfedb409ce20aa2a9221d740666192579e91ccb4e9d1feb16b26b69e151179,L***a,**********3721
B1371,P1621,6F206,2025-09-25 11:37:36.951,CANCELLED,15E,0.0,0.0,0.0,No Issue,IndiGo,DEL,BOM,2026-04-19 16:39:41.703,2026-04-19 20:59:41.703,04:20:00,260.0,DEL → BOM,2026-04-19,2026-04-19,16.0,20.0,False,Matched,ab673c268b0b6bb4a7fd3b104bfc83012467f1e5b62b68b6fe629fc0923afaf7,D***i,**********1602
B1372,P1580,SJ130,2025-05-11 11:37:36.951,CANCELLED,11D,2.0,10597.220000000001,0.0,Cancelled With Payment,SpiceJet,BOM,DEL,2026-04-19 16:53:41.702,2026-04-19 20:53:41.702,04:00:00,240.0,BOM → DEL,2026-04-19,2026-04-19,16.0,20.0,False,Matched,e5683d8f5cd99f2f9887e861da47efc71e61700fa21e46d7ce635fc87acb0084,D***i,**********2017
B1373,P1057,SJ070,2026-02-14 11:37:36.951,CANCELLED,22F,1.0,6540.32,0.0,Cancelled With Payment,SpiceJet,MAA,CCU,2026-04-19 18:55:41.701,2026-04-19 20:48:41.701,01:53:00,113.0,MAA → CCU,2026-04-19,2026-04-19,18.0,20.0,False,Matched,5d66ccfa715a8a84e66e1686dff3372330d4e5ae29d53685980bed018dba27b3,R***h,**********1304
B1374,P1105,AI085,2025-04-24 11:37:36.951,CANCELLED,7F,0.0,0.0,0.0,No Issue,Air India,DEL,HYD,2026-04-19 15:45:41.702,2026-04-19 20:33:41.702,04:48:00,288.0,DEL → HYD,2026-04-19,2026-04-19,15.0,20.0,False,Matched,e19337a471ceaf82a3edcf2fe3add431ce42be6616da8307dd234f3e0dcd85d8,U***i,**********7223
B1375,P1811,SJ109,2025-09-02 11:37:36.951,CONFIRMED,15B,2.0,19214.79,0.0,No Issue,SpiceJet,BOM,DEL,2026-04-19 17:24:41.702,2026-04-19 20:28:41.702,03:04:00,184.0,BOM → DEL,2026-04-19,2026-04-19,17.0,20.0,False,Matched,2b1f5483a4cc78927354fcf1efd9937032c1ca229a01231ad347559d71b5f66c,N***r,**********9962
B1376,P1329,AI168,2025-08-24 11:37:36.951,PENDING,16B,3.0,19918.21,1.0,Missing Payment Amount,UNKNOWN,DEL,CCU,2026-04-19 15:50:41.703,2026-04-19 20:20:41.703,04:30:00,270.0,DEL → CCU,2026-04-19,2026-04-19,15.0,20.0,False,Matched,272f505c37ab1597644a8b702fd0667ea6cf5e951bf84aabd2acf885ad628036,X***a,**********9634
B1377,P1767,UK123,2025-10-24 11:37:36.951,CONFIRMED,26A,0.0,0.0,0.0,Confirmed Without Payment,Vistara,BOM,DEL,2026-04-19 17:24:41.702,2026-04-19 20:18:41.702,02:54:00,174.0,BOM → DEL,2026-04-19,2026-04-19,17.0,20.0,False,Matched,f9036ada771a2986538540e69ed66cab9fabf004d38451555f0fa735956ef1e6,W***a,**********1232
B1378,P1823,UK110,2026-01-16 11:37:36.951,PENDING,30D,2.0,14416.01,0.0,No Issue,Vistara,HYD,DEL,2026-04-19 15:26:41.702,2026-04-19 20:13:41.702,04:47:00,287.0,HYD → DEL,2026-04-19,2026-04-19,15.0,20.0,False,Matched,f585a0af8cdadab5c0d506a03bab6433eb4c43b704d8a6e1fe81343026089724,F***l,**********8535
B1379,P1682,AI206,2025-11-02 11:37:36.951,PENDING,31C,0.0,0.0,0.0,No Issue,Air India,CCU,MAA,2026-04-19 16:30:41.703,2026-04-19 20:01:41.703,03:31:00,211.0,CCU → MAA,2026-04-19,2026-04-19,16.0,20.0,False,Matched,75e6b8e20c4beb48c4a8819f8a3a309f0a8d8d12feb4de568e2362c15ab7cf9c,R***u,**********2178
B1380,P1382,6F007,2026-04-16 11:37:36.951,PENDING,6B,1.0,14705.02,0.0,No Issue,IndiGo,HYD,MAA,2026-04-19 18:55:41.701,2026-04-19 19:54:41.701,00:59:00,59.0,HYD → MAA,2026-04-19,2026-04-19,18.0,19.0,False,Matched,5850503d1da37199d02407b7c674a7ed82a1ac5b43a13b571904ebe7fee7150d,Z***l,**********7743
B1381,P1984,SJ013,2025-11-11 11:37:36.951,PENDING,33A,1.0,7452.89,0.0,No Issue,SpiceJet,DEL,MAA,2026-04-19 15:25:41.701,2026-04-19 19:54:41.701,04:29:00,269.0,DEL → MAA,2026-04-19,2026-04-19,15.0,19.0,False,Matched,25d8d806736c98185b1b965eebb464c65d25fd29ed46891bce1a7bc4983214c0,G***k,**********3911
B1382,P1161,UK061,2025-09-19 11:37:36.951,PENDING,20D,1.0,14862.46,0.0,No Issue,Vistara,BLR,BOM,2026-04-19 17:58:41.701,2026-04-19 19:48:41.701,01:50:00,110.0,BLR → BOM,2026-04-19,2026-04-19,17.0,19.0,False,Matched,664c32a013817b374e7372a993eced6a0bdfbb5ee574870568ae1657524c1bfe,A***a,**********2822
B1383,P1996,AI010,2025-09-24 11:37:36.951,CANCELLED,8C,0.0,0.0,0.0,No Issue,Air India,BOM,HYD,2026-04-19 15:00:41.701,2026-04-19 19:48:41.701,04:48:00,288.0,BOM → HYD,2026-04-19,2026-04-19,15.0,19.0,False,Matched,9f2376bf007e0326e5bbb9d721c3fbd4950769d8045e8ce6b8164816c49a3ba5,B***l,**********2261
B1384,P1285,AI024,2025-05-16 11:37:36.951,CONFIRMED,11D,1.0,5107.55,0.0,No Issue,Air India,MAA,BOM,2026-04-19 18:38:41.701,2026-04-19 19:45:41.701,01:07:00,67.0,MAA → BOM,2026-04-19,2026-04-19,18.0,19.0,False,Matched,8acc935278d46678bcc065830cd44ecb579665da48d91c77b0b1ea897aee2719,U***n,**********3523
B1385,P1070,UK130,2025-06-08 11:37:36.951,CONFIRMED,30B,0.0,0.0,0.0,Confirmed Without Payment,Vistara,MAA,BLR,2026-04-19 15:36:41.702,2026-04-19 19:43:41.702,04:07:00,247.0,MAA → BLR,2026-04-19,2026-04-19,15.0,19.0,False,Matched,352af516850369165f07fce32b4285c5824ebb0556d76cb600cf96b464455446,R***l,**********3433
B1386,P1766,AI161,2026-03-12 11:37:36.951,CANCELLED,10A,0.0,0.0,0.0,No Issue,Air India,CCU,BOM,2026-04-19 16:40:41.703,2026-04-19 19:40:41.703,03:00:00,180.0,CCU → BOM,2026-04-19,2026-04-19,16.0,19.0,False,Matched,25b94b35c22556924a58853b8a3cb666a4f30b11e2ff269bcb25508f4a4710f4,P***n,**********3897
B1387,P1453,SJ208,2025-07-23 11:37:36.951,PENDING,24F,0.0,0.0,0.0,No Issue,SpiceJet,DEL,HYD,2026-04-19 18:32:41.703,2026-04-19 19:33:41.703,01:01:00,61.0,DEL → HYD,2026-04-19,2026-04-19,18.0,19.0,False,Matched,fe741fa0d15aada3829fb87473872a94eda8df1fd1cf1345543287327d265c96,V***d,**********8754
B1388,P1885,6F038,2025-09-23 11:37:36.951,,8D,2.0,22550.010000000002,0.0,No Issue,IndiGo,HYD,MAA,2026-04-19 15:36:41.701,2026-04-19 19:33:41.701,03:57:00,237.0,HYD → MAA,2026-04-19,2026-04-19,15.0,19.0,False,Matched,ee46e55ce141f0e71d61ff20663bb7a07e80c0c969bed8d19024b0efcc1e0b8f,U***l,**********8221
B1389,P1566,6F085,2026-02-22 11:37:36.951,,30D,1.0,0.0,1.0,Missing Payment Amount,IndiGo,HYD,MAA,2026-04-19 17:32:41.702,2026-04-19 19:32:42.000,02:00:00.298000,120.0,HYD → MAA,2026-04-19,2026-04-19,17.0,19.0,False,Matched,5b0337f649c4d44e756d6b02297263536c7938466839efb2aeaf8a1420cd18ba,N***h,**********6220
B1390,P1834,SJ028,2026-03-09 11:37:36.951,CANCELLED,8C,0.0,0.0,0.0,No Issue,SpiceJet,CCU,BOM,2026-04-19 15:04:41.701,2026-04-19 19:32:41.701,04:28:00,268.0,CCU → BOM,2026-04-19,2026-04-19,15.0,19.0,False,Matched,e90f78cf72157732a18b624bba25f10f8c8324551191e4d519dc20134942cc33,E***a,**********0994
B1391,P1396,SJ084,2025-11-26 11:37:36.951,CONFIRMED,21F,3.0,35468.95,0.0,No Issue,SpiceJet,HYD,MAA,2026-04-19 18:31:41.702,2026-04-19 19:30:41.702,00:59:00,59.0,HYD → MAA,2026-04-19,2026-04-19,18.0,19.0,False,Matched,6c66927b488f66868f9db78514715ed03968fc6942566ebedff26b4c2c592596,N***n,**********8281
B1392,P1514,AI139,2026-03-27 11:37:36.951,CONFIRMED,21D,0.0,0.0,0.0,Confirmed Without Payment,Air India,HYD,MAA,2026-04-19 18:23:41.702,2026-04-19 19:24:41.702,01:01:00,61.0,HYD → MAA,2026-04-19,2026-04-19,18.0,19.0,False,Matched,c6aed61e810837f7174917dc8e20eb2be69893004ea7d779690f1f187c065181,N***n,**********7852
B1393,P1025,UK179,2026-04-06 11:37:36.951,PENDING,26E,1.0,5252.26,0.0,No Issue,Vistara,DEL,HYD,2026-04-19 14:25:41.703,2026-04-19 19:15:41.703,04:50:00,290.0,DEL → HYD,2026-04-19,2026-04-19,14.0,19.0,False,Matched,b07a839f0d71b0e6a80975cb0e5955c9fd33438e666270a6ac64007ae89f04fd,B***n,**********3402
B1394,P1312,6F256,2025-07-23 11:37:36.951,PENDING,23F,0.0,0.0,0.0,No Issue,UNKNOWN,BOM,CCU,2026-04-19 18:40:41.702,2026-04-19 19:13:41.702,00:33:00,33.0,BOM → CCU,2026-04-19,2026-04-19,18.0,19.0,False,Matched,b20bdee61b6bbccbde4dc1a61c1110bae77045145b99c724c3070a21236a5def,B***a,**********2923
B1395,P1125,UK023,2026-02-10 11:37:36.951,,23B,1.0,10317.13,0.0,No Issue,Vistara,DEL,MAA,2026-04-19 14:15:41.701,2026-04-19 19:03:41.701,04:48:00,288.0,DEL → MAA,2026-04-19,2026-04-19,14.0,19.0,False,Matched,d7357156a6e404a6182fbc282cb69189c02b3574fc565f28d26a8f1ed7aa1f64,G***y,**********8777
B1396,P1407,AI039,2025-08-03 11:37:36.951,,13E,2.0,16199.130000000001,0.0,No Issue,Air India,MAA,BLR,2026-04-19 15:24:41.701,2026-04-19 18:56:41.701,03:32:00,212.0,MAA → BLR,2026-04-19,2026-04-19,15.0,18.0,False,Matched,2535e1ec2a432b45bf33457a8a7d863b69d14e944a58f4239364f4198e5680f3,Z***k,**********9194
B1397,P1564,UK190,2026-02-05 11:37:36.951,CANCELLED,28D,1.0,3065.33,0.0,Cancelled With Payment,Vistara,DEL,BLR,2026-04-19 15:49:41.703,2026-04-19 18:53:41.703,03:04:00,184.0,DEL → BLR,2026-04-19,2026-04-19,15.0,18.0,False,Matched,32f6bf49dcd7f3a3a4fc0cd24d2422a78935b5da4e9a8a992f29be41a1aa43a1,J***l,**********3359
B1398,P1197,6F224,2026-02-04 11:37:36.951,PENDING,3E,1.0,7148.95,0.0,No Issue,IndiGo,DEL,MAA,2026-04-19 16:53:41.704,2026-04-19 18:52:41.704,01:59:00,119.0,DEL → MAA,2026-04-19,2026-04-19,16.0,18.0,False,Matched,08af2eb8f4257835b69491e9252b7bb40f90b7191f376d62d0d232b0ac677538,Y***l,**********2164
B1399,P1810,UK221,2025-05-31 11:37:36.951,PENDING,7A,0.0,0.0,0.0,No Issue,Vistara,CCU,DEL,2026-04-19 14:18:41.704,2026-04-19 18:44:41.704,04:26:00,266.0,CCU → DEL,2026-04-19,2026-04-19,14.0,18.0,False,Matched,ba0a84be81a24a6c1740e4700ed8bd43191f7c9ae4f3c7f326a69a13e66069e4,T***v,**********5517
B1400,P1187,SJ107,2026-04-02 11:37:36.951,CANCELLED,12F,1.0,3063.78,0.0,Cancelled With Payment,SpiceJet,BOM,MAA,2026-04-19 14:10:41.702,2026-04-19 18:38:41.702,04:28:00,268.0,BOM → MAA,2026-04-19,2026-04-19,14.0,18.0,False,Matched,b5e87d4c746853271443049845b13b02adedb7ade30fb78d112f4831f33e1a90,C***a,**********9488
B1401,P1697,UK155,2025-04-20 11:37:36.951,,21D,3.0,20849.53,0.0,No Issue,Vistara,MAA,HYD,2026-04-19 14:34:41.703,2026-04-19 18:37:41.703,04:03:00,243.0,MAA → HYD,2026-04-19,2026-04-19,14.0,18.0,False,Matched,f7aa5a0c885017eaef8b46bd0a938c2ef396e639fa1d9c53b82b3ffead2531a0,Z***k,**********6092
B1402,P1816,UK183,2026-03-21 11:37:36.951,CANCELLED,7E,2.0,16058.67,0.0,Cancelled With Payment,Vistara,BLR,CCU,2026-04-19 17:07:41.703,2026-04-19 18:30:41.703,01:23:00,83.0,BLR → CCU,2026-04-19,2026-04-19,17.0,18.0,False,Matched,d7a7d31cb5c9471ab310f2a048aa4a1216f6e1acbde1d49fd81155ae6ee65db2,W***e,**********8758
B1403,P1809,SJ203,2025-05-08 11:37:36.951,PENDING,26A,0.0,0.0,0.0,No Issue,UNKNOWN,DEL,HYD,2026-04-19 16:22:41.703,2026-04-19 18:27:41.703,02:05:00,125.0,DEL → HYD,2026-04-19,2026-04-19,16.0,18.0,False,Matched,886ca7c450f6feb23a9c9d3ecea656a593c421c676642c149045b150b9971f65,C***i,**********8210
B1404,P1715,6F253,2026-03-07 11:37:36.951,,16A,1.0,7473.06,0.0,No Issue,UNKNOWN,MAA,BLR,2026-04-19 16:26:41.703,2026-04-19 18:24:41.703,01:58:00,118.0,MAA → BLR,2026-04-19,2026-04-19,16.0,18.0,False,Matched,aba6403bcdd7e47152d3137e8e9d01dd4e802c4c98013cea97555fd1df01022b,A***p,**********1783
B1405,P1483,AI100,2025-08-26 11:37:36.951,PENDING,32F,0.0,0.0,0.0,No Issue,UNKNOWN,CCU,BOM,2026-04-19 14:42:41.702,2026-04-19 18:22:41.702,03:40:00,220.0,CCU → BOM,2026-04-19,2026-04-19,14.0,18.0,False,Matched,3e464b814eac09b31a5d558cd29395d79e1897f8b13294c3d5fa871e16c8719a,B***a,**********0547
B1406,P1449,6F140,2025-06-24 11:37:36.951,CONFIRMED,15D,2.0,21722.62,0.0,No Issue,IndiGo,CCU,HYD,2026-04-19 16:30:41.702,2026-04-19 18:21:41.702,01:51:00,111.0,CCU → HYD,2026-04-19,2026-04-19,16.0,18.0,False,Matched,ad101d350a5ddb9ea6344cc2bfebf927246587e8790b3da5f371e46e7d112f54,V***a,**********4687
B1407,P1522,UK048,2025-08-26 11:37:36.951,CONFIRMED,25A,0.0,0.0,0.0,Confirmed Without Payment,Vistara,MAA,DEL,2026-04-19 13:36:41.701,2026-04-19 18:21:41.701,04:45:00,285.0,MAA → DEL,2026-04-19,2026-04-19,13.0,18.0,False,Matched,9826ff0c1804bc8c8676ace0f2df8ad028d0078ec33d0168d7e90243c1c85755,A***i,**********5796
B1408,P1870,SJ204,2025-07-29 11:37:36.951,CONFIRMED,12F,2.0,7805.42,0.0,No Issue,SpiceJet,CCU,DEL,2026-04-19 16:34:41.703,2026-04-19 18:15:41.703,01:41:00,101.0,CCU → DEL,2026-04-19,2026-04-19,16.0,18.0,False,Matched,4bcb9e78bb4742fef5d5bfd6cda8883f33469bb874c8e61f78879ee57736498a,N***y,**********5629
B1409,P1353,UK105,2026-03-24 11:37:36.951,CONFIRMED,28C,1.0,1095.0,0.0,No Issue,Vistara,CCU,HYD,2026-04-19 17:04:41.702,2026-04-19 18:11:41.702,01:07:00,67.0,CCU → HYD,2026-04-19,2026-04-19,17.0,18.0,False,Matched,a3dd6179270a3c9c0da0f407162e6f9284f912d7574b1a511918cb815fa45548,A***y,**********6973
B1410,P1985,AI098,2026-04-13 11:37:36.951,CONFIRMED,32C,0.0,0.0,0.0,Confirmed Without Payment,Air India,HYD,MAA,2026-04-19 16:01:41.702,2026-04-19 18:11:41.702,02:10:00,130.0,HYD → MAA,2026-04-19,2026-04-19,16.0,18.0,False,Matched,1b2f7dacd2d50b2a87e7673d3bf9b5b9836c55477df1e7c50cd1435bd9114a59,G***r,**********7244
B1411,P1657,6F013,2025-10-12 11:37:36.951,CANCELLED,1A,2.0,13409.029999999999,0.0,Cancelled With Payment,IndiGo,BOM,CCU,2026-04-19 13:15:41.701,2026-04-19 18:05:41.701,04:50:00,290.0,BOM → CCU,2026-04-19,2026-04-19,13.0,18.0,False,Matched,eb06f8b0987eb961c13e75337c29ec88ee312db3db85c2377f82369562812a05,I***y,**********0131
B1412,P1596,6F128,2025-11-18 11:37:36.951,CANCELLED,28E,1.0,10616.41,0.0,Cancelled With Payment,IndiGo,HYD,DEL,2026-04-19 16:56:41.702,2026-04-19 18:03:41.702,01:07:00,67.0,HYD → DEL,2026-04-19,2026-04-19,16.0,18.0,False,Matched,f09ecfe022259ccb65b245d8ee19248b438c14f937495d48ee7be55f1eef3f1f,J***e,**********1987
B1413,P1099,SJ038,2025-10-05 11:37:36.951,,14A,0.0,0.0,0.0,No Issue,SpiceJet,BLR,DEL,2026-04-19 14:57:41.701,2026-04-19 17:46:41.701,02:49:00,169.0,BLR → DEL,2026-04-19,2026-04-19,14.0,17.0,False,Matched,65110ab0608c5a431fe01e94bb0b837fa493a9244cd9317bff0400fc6724020e,W***e,**********3192
B1414,P1615,SJ182,2026-01-07 11:37:36.951,CONFIRMED,25F,1.0,6182.07,0.0,No Issue,SpiceJet,CCU,BOM,2026-04-19 16:48:41.703,2026-04-19 17:36:41.703,00:48:00,48.0,CCU → BOM,2026-04-19,2026-04-19,16.0,17.0,False,Matched,b7d4741a357479899d235b691838cd5f00c8a80ab850f89999571b4f916c769c,Y***n,**********1680
B1415,P1947,6F199,2026-03-22 11:37:36.951,PENDING,23B,0.0,0.0,0.0,No Issue,IndiGo,DEL,MAA,2026-04-19 15:15:41.703,2026-04-19 17:32:41.703,02:17:00,137.0,DEL → MAA,2026-04-19,2026-04-19,15.0,17.0,False,Matched,20e9b755ab54b245b7a34f977d71c76cb9fd5962d2c5f396b56291e693829159,O***n,**********3723
B1416,P1557,SJ187,2025-08-17 11:37:36.951,CANCELLED,20B,0.0,0.0,0.0,No Issue,SpiceJet,MAA,BLR,2026-04-19 14:07:41.703,2026-04-19 17:30:41.703,03:23:00,203.0,MAA → BLR,2026-04-19,2026-04-19,14.0,17.0,False,Matched,ba26634eb12f352507d6b56f63df26106d8fd258e9060242f50f29ab067c2b6e,U***i,**********6446
B1417,P1555,AI182,2025-08-18 11:37:36.951,PENDING,8E,2.0,7252.05,0.0,No Issue,Air India,HYD,DEL,2026-04-19 12:41:41.703,2026-04-19 17:14:41.703,04:33:00,273.0,HYD → DEL,2026-04-19,2026-04-19,12.0,17.0,False,Matched,b52bc04c66a4a4571290f9a7312098b898f9378e6d842629c98197c3023c26f2,T***n,**********7960
B1418,P1277,SJ027,2025-05-04 11:37:36.951,PENDING,19D,1.0,12326.46,0.0,No Issue,UNKNOWN,BOM,MAA,2026-04-19 12:50:41.701,2026-04-19 17:13:41.701,04:23:00,263.0,BOM → MAA,2026-04-19,2026-04-19,12.0,17.0,False,Matched,01c32390eaf548963758a5e29ff5022b2a8cc0383dbc929615cc72af611f5415,L***r,**********4412
B1419,P1692,SJ062,2026-01-20 11:37:36.951,CONFIRMED,20E,2.0,4937.75,0.0,No Issue,SpiceJet,BLR,HYD,2026-04-19 13:37:41.701,2026-04-19 17:06:41.701,03:29:00,209.0,BLR → HYD,2026-04-19,2026-04-19,13.0,17.0,False,Matched,4b5851018e8e67a8419dd336a90fe12e57f83c8e6a98cae19687fc8fc5fd9b58,Y***e,**********8119
B1420,P1698,SJ161,2026-02-24 11:37:36.951,CONFIRMED,27B,1.0,7161.79,0.0,No Issue,SpiceJet,MAA,BLR,2026-04-19 16:22:41.703,2026-04-19 17:04:41.703,00:42:00,42.0,MAA → BLR,2026-04-19,2026-04-19,16.0,17.0,False,Matched,8372df661f86a9653065700c75a4a35c54a24585c4efe165c29fd9a6cd7608bd,E***r,**********8349
B1421,P1989,UK058,2025-10-03 11:37:36.951,,23C,0.0,0.0,0.0,No Issue,Vistara,MAA,BOM,2026-04-19 13:46:41.701,2026-04-19 17:04:41.701,03:18:00,198.0,MAA → BOM,2026-04-19,2026-04-19,13.0,17.0,False,Matched,443ce9a73da46a9c06701b7c62d21e325d6e411ee044c8c8449b86ef3ad318b9,O***k,**********7587
B1422,P1625,AI181,2026-01-04 11:37:36.951,CANCELLED,12D,1.0,4826.6,0.0,Cancelled With Payment,Air India,MAA,HYD,2026-04-19 13:29:41.703,2026-04-19 16:55:41.703,03:26:00,206.0,MAA → HYD,2026-04-19,2026-04-19,13.0,16.0,False,Matched,a5f3594f96ff89990f4d309d5a31b55e007d977b2a722d81a86394dbe0c6938e,Y***e,**********9552
B1423,P1490,AI003,2025-06-12 11:37:36.951,CONFIRMED,14A,0.0,0.0,0.0,Confirmed Without Payment,Air India,BLR,HYD,2026-04-19 13:27:41.701,2026-04-19 16:55:41.701,03:28:00,208.0,BLR → HYD,2026-04-19,2026-04-19,13.0,16.0,False,Matched,57dfd94bd4ef351963262b963388262b44d7d4128d1178b4a321f7c2e522c58a,A***l,**********4983
B1424,P1254,6F150,2025-11-05 11:37:36.951,CANCELLED,11D,0.0,0.0,0.0,No Issue,IndiGo,HYD,MAA,2026-04-19 12:55:41.703,2026-04-19 16:53:41.703,03:58:00,238.0,HYD → MAA,2026-04-19,2026-04-19,12.0,16.0,False,Matched,8e94a2d9289a3a84f38f97894fc8f0c599af11eb7a160e956a0e4568e14228a5,C***i,**********4194
B1425,P1380,SJ175,2025-06-28 11:37:36.951,CANCELLED,34E,0.0,0.0,0.0,No Issue,SpiceJet,MAA,BLR,2026-04-19 12:46:41.703,2026-04-19 16:50:41.703,04:04:00,244.0,MAA → BLR,2026-04-19,2026-04-19,12.0,16.0,False,Matched,2c11e289f300ae6c8a52ef1bcfb70920916d843946e22100597cf0caee12f129,M***n,**********3711
B1426,P1891,6F041,2025-12-15 11:37:36.951,CANCELLED,17C,1.0,0.0,1.0,Missing Payment Amount,IndiGo,MAA,BOM,2026-04-19 13:19:41.701,2026-04-19 16:48:41.701,03:29:00,209.0,MAA → BOM,2026-04-19,2026-04-19,13.0,16.0,False,Matched,d5fe3b72f50b2828af4973d0e174278691596aa02f12b291d6e86e78afbcdf44,V***i,**********9164
B1427,P1541,SJ040,2026-04-15 11:37:36.951,CANCELLED,16E,0.0,0.0,0.0,No Issue,SpiceJet,BOM,CCU,2026-04-19 13:12:41.701,2026-04-19 16:44:41.701,03:32:00,212.0,BOM → CCU,2026-04-19,2026-04-19,13.0,16.0,False,Matched,6c6500f7f00865d63c4623efb2558c178bf5b71e8d3fd29ad14000e1700efafa,G***t,**********8098
B1428,P1263,6F020,2025-06-17 11:37:36.951,CONFIRMED,27C,0.0,0.0,0.0,Confirmed Without Payment,IndiGo,BOM,HYD,2026-04-19 14:58:41.701,2026-04-19 16:43:41.701,01:45:00,105.0,BOM → HYD,2026-04-19,2026-04-19,14.0,16.0,False,Matched,ea17837d5f417ba66f5d7a7aba2f094df5f7d00035b90a6f06929a1812ebe13a,T***y,**********9799
B1429,P1609,AI248,2025-05-08 11:37:36.951,CANCELLED,27B,2.0,16937.88,0.0,Cancelled With Payment,Air India,CCU,DEL,2026-04-19 15:17:41.704,2026-04-19 16:35:41.704,01:18:00,78.0,CCU → DEL,2026-04-19,2026-04-19,15.0,16.0,False,Matched,48c21d848f29f5344a1057c36baff6bee4c26d8a3738ac092f404080959f78ce,R***e,**********1643
B1430,P1824,SJ016,2026-02-08 11:37:36.951,CONFIRMED,11A,0.0,0.0,0.0,Confirmed Without Payment,SpiceJet,HYD,CCU,2026-04-19 13:01:41.701,2026-04-19 16:26:41.701,03:25:00,205.0,HYD → CCU,2026-04-19,2026-04-19,13.0,16.0,False,Matched,66838d17d0c3dee938b6dc3f9a4aa777914372c460851a39a9cc8431f460ce02,L***r,**********0947
B1431,P1878,UK204,2025-11-21 11:37:36.951,CONFIRMED,31C,2.0,22261.949999999997,0.0,No Issue,Vistara,BLR,DEL,2026-04-19 14:46:41.703,2026-04-19 16:24:41.703,01:38:00,98.0,BLR → DEL,2026-04-19,2026-04-19,14.0,16.0,False,Matched,134432d491a3b0e75f0b312c1ea08dab5e900b5a8ef3521be2aef4ac59a031a0,N***i,**********2572
B1432,P1328,6F211,2025-09-02 11:37:36.951,CANCELLED,9B,0.0,0.0,0.0,No Issue,IndiGo,MAA,BLR,2026-04-19 11:29:41.703,2026-04-19 16:20:41.703,04:51:00,291.0,MAA → BLR,2026-04-19,2026-04-19,11.0,16.0,False,Matched,446bc6a2a65e4cd45c81f6c771cf1e1fd2956cb2587e7e26057f8dd2355f7cc6,E***i,**********8848
B1433,P1114,SJ166,2025-05-07 11:37:36.951,CONFIRMED,5B,2.0,15968.93,0.0,No Issue,SpiceJet,CCU,HYD,2026-04-19 12:51:41.703,2026-04-19 16:18:41.703,03:27:00,207.0,CCU → HYD,2026-04-19,2026-04-19,12.0,16.0,False,Matched,32791dabb82b4393c2fd3cfe70e6006a7e4288214c4910f40677d179914b5dc5,L***u,**********3703
B1434,P1275,AI036,2025-10-19 11:37:36.951,PENDING,30C,2.0,5989.29,0.0,No Issue,Air India,BOM,CCU,2026-04-19 14:45:41.701,2026-04-19 16:16:41.701,01:31:00,91.0,BOM → CCU,2026-04-19,2026-04-19,14.0,16.0,False,Matched,f1760baab5471d13a08e829d27289390168f1a8e14947d063d9c008446949f40,M***n,**********8755
B1435,P1487,SJ215,2025-09-18 11:37:36.951,CONFIRMED,1E,1.0,8589.93,0.0,No Issue,SpiceJet,CCU,DEL,2026-04-19 14:37:41.703,2026-04-19 16:12:41.703,01:35:00,95.0,CCU → DEL,2026-04-19,2026-04-19,14.0,16.0,False,Matched,3da80707ab31b3152329e66079eadc86c1891deba9badcdd8151ae942ab3b6ee,B***e,**********2470
B1436,P1280,AI076,2026-01-05 11:37:36.951,CONFIRMED,20B,0.0,0.0,0.0,Confirmed Without Payment,Air India,BLR,BOM,2026-04-19 15:37:41.702,2026-04-19 16:12:41.702,00:35:00,35.0,BLR → BOM,2026-04-19,2026-04-19,15.0,16.0,False,Matched,83ff48264ebb0d881791668d7412a1ec552d73699124f26aafeffc71ce8b0016,Y***a,**********9786
B1437,P1274,SJ012,2025-11-28 11:37:36.951,CANCELLED,24A,0.0,0.0,0.0,No Issue,SpiceJet,HYD,BLR,2026-04-19 15:01:41.701,2026-04-19 16:12:41.701,01:11:00,71.0,HYD → BLR,2026-04-19,2026-04-19,15.0,16.0,False,Matched,7be5f7dae78ef72d7e2a71f55bd14d1d9c26a23ae805dbbec36633557b165bd6,H***f,**********6956
B1438,P1772,AI073,2026-04-01 11:37:36.951,,20D,1.0,7670.85,0.0,No Issue,Air India,BOM,BLR,2026-04-19 14:08:41.702,2026-04-19 16:10:41.702,02:02:00,122.0,BOM → BLR,2026-04-19,2026-04-19,14.0,16.0,False,Matched,e73cec75cd6b229592fb9031e050e58c679139507f5f5861afac6c5baf148ea3,H***a,**********4578
B1439,P1842,SJ173,2025-11-09 11:37:36.951,CONFIRMED,27E,1.0,7292.76,0.0,No Issue,SpiceJet,CCU,HYD,2026-04-19 14:27:41.703,2026-04-19 16:09:41.703,01:42:00,102.0,CCU → HYD,2026-04-19,2026-04-19,14.0,16.0,False,Matched,eecf9504f8115c38a760ee5fb45b4d5be2d503e801e4527a25b564d1eb884762,T***a,**********5093
B1440,P1718,AI193,2026-03-09 11:37:36.951,CANCELLED,25E,0.0,0.0,0.0,No Issue,Air India,MAA,HYD,2026-04-19 11:33:41.703,2026-04-19 16:07:41.703,04:34:00,274.0,MAA → HYD,2026-04-19,2026-04-19,11.0,16.0,False,Matched,5c2bb459e1c2612e3c462dd2bdeafd5633cbf83eaaf8c3aaa90d8abcf28ada0a,M***t,**********2446
B1441,P1895,SJ131,2025-09-22 11:37:36.951,,13A,0.0,0.0,0.0,No Issue,SpiceJet,MAA,HYD,2026-04-19 15:00:41.702,2026-04-19 16:07:41.702,01:07:00,67.0,MAA → HYD,2026-04-19,2026-04-19,15.0,16.0,False,Matched,4955ce400754a64a0cf25f4f2ad6f2213a946850344443375d7bdfc3c0553b15,M***e,**********5768
B1442,P1327,AI225,2025-06-02 11:37:36.951,PENDING,11E,1.0,11779.89,0.0,No Issue,Air India,BOM,BLR,2026-04-19 15:05:41.703,2026-04-19 16:01:41.703,00:56:00,56.0,BOM → BLR,2026-04-19,2026-04-19,15.0,16.0,False,Matched,a1e9964a530b7dacbb1cac3e0749777bac8ffee67c2c3761da8bafe3a860a67e,U***a,**********2524
B1443,P1210,AI190,2025-10-09 11:37:36.951,CANCELLED,9E,1.0,0.0,1.0,Missing Payment Amount,Air India,BOM,CCU,2026-04-19 12:38:41.703,2026-04-19 15:56:41.703,03:18:00,198.0,BOM → CCU,2026-04-19,2026-04-19,12.0,15.0,False,Matched,cde7a00501fe4df32920ca24e11029d33fa1747b71da6d30d302ce795bb5b4a8,H***o,**********4504
B1444,P1726,SJ238,2025-12-25 11:37:36.951,CONFIRMED,7B,0.0,0.0,0.0,Confirmed Without Payment,SpiceJet,MAA,BLR,2026-04-19 11:41:41.704,2026-04-19 15:39:41.704,03:58:00,238.0,MAA → BLR,2026-04-19,2026-04-19,11.0,15.0,False,Matched,1db92bf52d6e167b77017867d4a3d1fe6ef91c519b28fbd54ad332781fd52198,F***n,**********5352
B1445,P1922,6F005,2025-12-21 11:37:36.951,PENDING,5F,1.0,9862.4,0.0,No Issue,IndiGo,BOM,MAA,2026-04-19 11:04:41.701,2026-04-19 15:27:41.701,04:23:00,263.0,BOM → MAA,2026-04-19,2026-04-19,11.0,15.0,False,Matched,0ff96f71cfb679caf367b36dfbec25a05a17abc8fc1ad06abd833835b6a074d1,L***g,**********8689
B1446,P1551,UK136,2025-09-25 11:37:36.951,PENDING,23C,3.0,7709.959999999999,1.0,Missing Payment Amount,Vistara,HYD,CCU,2026-04-19 11:43:41.703,2026-04-19 15:26:41.703,03:43:00,223.0,HYD → CCU,2026-04-19,2026-04-19,11.0,15.0,False,Matched,4904b07e5d4278e0c0fb3ea14c4fb4f08e77d31c0a585849c6dc9421b80e8282,V***k,**********0651
B1447,P1991,SJ063,2025-05-21 11:37:36.951,CONFIRMED,15F,2.0,18438.66,0.0,No Issue,SpiceJet,MAA,BOM,2026-04-19 13:38:41.701,2026-04-19 15:23:41.701,01:45:00,105.0,MAA → BOM,2026-04-19,2026-04-19,13.0,15.0,False,Matched,bdd31f573906bfdd0a2a14b19ae0c568cd1a106616c1e35dbabda95985bead1a,E***r,**********2839
B1448,P1025,6F175,2025-11-21 11:37:36.951,CANCELLED,9E,0.0,0.0,0.0,No Issue,IndiGo,MAA,CCU,2026-04-19 13:18:41.703,2026-04-19 15:13:41.703,01:55:00,115.0,MAA → CCU,2026-04-19,2026-04-19,13.0,15.0,False,Matched,4bed1472fe6db6fba453493f5b3ddaa216fac730d5429feae69e9ca98f2bb192,B***n,**********9801
B1449,P1026,AI037,2025-05-23 11:37:36.951,PENDING,19A,0.0,0.0,0.0,No Issue,UNKNOWN,BOM,BLR,2026-04-19 11:14:41.701,2026-04-19 15:13:41.701,03:59:00,239.0,BOM → BLR,2026-04-19,2026-04-19,11.0,15.0,False,Matched,d93f43de76fac5e7cd061c7e12d08d4ea7ab5a267d0a0cf92cc16b902b1f0cd9,G***f,**********2828
B1450,P1701,UK225,2025-11-11 11:37:36.951,CONFIRMED,21C,0.0,0.0,0.0,Confirmed Without Payment,Vistara,MAA,BLR,2026-04-19 12:46:41.704,2026-04-19 15:02:41.704,02:16:00,136.0,MAA → BLR,2026-04-19,2026-04-19,12.0,15.0,False,Matched,f4e54aa26d9f0129081a619e528ec57ed40b6e840b36583adc42c469a6c96e30,G***y,**********7953
B1451,P1082,AI141,2025-05-20 11:37:36.951,CONFIRMED,15E,1.0,10311.86,0.0,No Issue,Air India,BLR,DEL,2026-04-19 10:16:41.702,2026-04-19 14:53:41.702,04:37:00,277.0,BLR → DEL,2026-04-19,2026-04-19,10.0,14.0,False,Matched,f5fd0df8f5ed7582b2c83f620abd102a7c3b1d3dfd6034e5f101ca38e20783d0,S***n,**********8759
B1452,P1895,6F172,2026-01-26 11:37:36.951,PENDING,3E,0.0,0.0,0.0,No Issue,IndiGo,BOM,BLR,2026-04-19 09:53:41.703,2026-04-19 14:46:41.703,04:53:00,293.0,BOM → BLR,2026-04-19,2026-04-19,9.0,14.0,False,Matched,2d2b83ccbfaed9929377516ad21b6cb7be02f3ca898a81b260563fff93ad5573,C***n,**********8446
B1453,P1945,6F219,2026-02-07 11:37:36.951,CANCELLED,16F,2.0,5268.18,0.0,Cancelled With Payment,IndiGo,MAA,DEL,2026-04-19 10:32:41.704,2026-04-19 14:37:41.704,04:05:00,245.0,MAA → DEL,2026-04-19,2026-04-19,10.0,14.0,False,Matched,58323f485d32d67f7b3ce6834557082783c17331774b2dc0a5ab208862d1afa1,C***r,**********4326
B1454,P1681,AI045,2025-08-16 11:37:36.951,PENDING,8E,0.0,0.0,0.0,No Issue,Air India,HYD,MAA,2026-04-19 11:58:41.701,2026-04-19 14:37:41.701,02:39:00,159.0,HYD → MAA,2026-04-19,2026-04-19,11.0,14.0,False,Matched,f11d996211899566490a9ab25b12cc4f3a11fdda2a96f2ddb809376bc2bdcb03,D***n,**********0104
B1455,P1412,AI198,2026-04-12 11:37:36.951,CONFIRMED,30A,2.0,27634.5,0.0,No Issue,Air India,CCU,MAA,2026-04-19 10:56:41.703,2026-04-19 14:19:41.703,03:23:00,203.0,CCU → MAA,2026-04-19,2026-04-19,10.0,14.0,False,Matched,7b91fa2031331205dd4cf074eb117dfc096312a0a6a07cb5081eb054c86d97d4,J***d,**********2579
B1456,P1166,AI120,2025-04-24 11:37:36.951,PENDING,17F,0.0,0.0,0.0,No Issue,Air India,MAA,CCU,2026-04-19 12:12:41.702,2026-04-19 14:18:41.702,02:06:00,126.0,MAA → CCU,2026-04-19,2026-04-19,12.0,14.0,False,Matched,442f1d7f13e55ad3c61d20fc5ed11c9c3bd3b17194a4f383c9d940a2762a79c2,R***a,**********3796
B1457,P1699,6F134,2025-06-11 11:37:36.951,CANCELLED,32D,1.0,5769.17,0.0,Cancelled With Payment,IndiGo,BLR,MAA,2026-04-19 12:47:41.702,2026-04-19 14:06:41.702,01:19:00,79.0,BLR → MAA,2026-04-19,2026-04-19,12.0,14.0,False,Matched,d00be8032494b1a73463dd4a8f5fdf1a13d2dde0131e58179cb2e8154ee14f2d,Y***i,**********2082
B1458,P1168,UK102,2025-11-19 11:37:36.951,CONFIRMED,10B,1.0,8073.17,0.0,No Issue,Vistara,HYD,CCU,2026-04-19 11:58:41.702,2026-04-19 14:01:41.702,02:03:00,123.0,HYD → CCU,2026-04-19,2026-04-19,11.0,14.0,False,Matched,89b800253fd07cd17855c01866a4161aae8f0417bb6667c23df05265307c994c,N***e,**********3841
B1459,P1800,SJ199,2025-06-10 11:37:36.951,CANCELLED,1F,3.0,19085.7,0.0,Cancelled With Payment,SpiceJet,HYD,BOM,2026-04-19 11:29:41.703,2026-04-19 13:59:41.703,02:30:00,150.0,HYD → BOM,2026-04-19,2026-04-19,11.0,13.0,False,Matched,3f4ee4adbe47c023a8aa973abae87f652b80dfb953f486600f471e58ec2126f4,O***l,**********8817
B1460,P1978,6F235,2025-10-01 11:37:36.951,PENDING,32E,0.0,0.0,0.0,No Issue,IndiGo,HYD,MAA,2026-04-19 11:06:41.704,2026-04-19 13:51:41.704,02:45:00,165.0,HYD → MAA,2026-04-19,2026-04-19,11.0,13.0,False,Matched,6ee5308b0c9ee5aa481428033724f3d0f6e0d0586bb43cd578302e6571628636,F***a,**********9563
B1461,P1228,UK065,2025-10-14 11:37:36.951,PENDING,33F,3.0,30261.46,0.0,No Issue,Vistara,BOM,CCU,2026-04-19 09:38:41.701,2026-04-19 13:46:41.701,04:08:00,248.0,BOM → CCU,2026-04-19,2026-04-19,9.0,13.0,False,Matched,6cdffe387e98f96c911035d965df20db987b67fe4dde03d038b4cb931bae5cbe,W***k,**********4497
B1462,P1978,6F135,2025-12-03 11:37:36.951,CANCELLED,26D,1.0,6497.79,0.0,Cancelled With Payment,IndiGo,MAA,HYD,2026-04-19 12:59:41.702,2026-04-19 13:45:41.702,00:46:00,46.0,MAA → HYD,2026-04-19,2026-04-19,12.0,13.0,False,Matched,bbafd94a1679df27fba169ec18ee29a6732b5945eac55738183aa34eba21ca33,L***a,**********3941
B1463,P1608,SJ148,2026-02-10 11:37:36.951,PENDING,31C,2.0,6844.58,0.0,No Issue,SpiceJet,DEL,BLR,2026-04-19 09:51:41.702,2026-04-19 13:41:41.702,03:50:00,230.0,DEL → BLR,2026-04-19,2026-04-19,9.0,13.0,False,Matched,5e7e664b303279baece5af1da1c47420c37fef23e7c6a7b32c36971813501064,T***r,**********7988
B1464,P1366,AI083,2026-03-07 11:37:36.951,CANCELLED,6B,1.0,4535.96,0.0,Cancelled With Payment,Air India,DEL,BOM,2026-04-19 12:54:41.702,2026-04-19 13:37:41.702,00:43:00,43.0,DEL → BOM,2026-04-19,2026-04-19,12.0,13.0,False,Matched,eafb917bf2dbf514e1be86aaae0ea8fe1cf86ba47f648a0ee706d1166059f60c,T***r,**********5287
B1465,P1527,UK024,2025-07-02 11:37:36.951,PENDING,5C,0.0,0.0,0.0,No Issue,Vistara,MAA,BLR,2026-04-19 08:29:41.701,2026-04-19 13:29:41.701,05:00:00,300.0,MAA → BLR,2026-04-19,2026-04-19,8.0,13.0,False,Matched,c8ed86bc4b1f5b2a09402c8f4229497cf8167a44b623ed4e76e747f485beacf1,A***f,**********9035
B1466,P1790,UK220,2025-04-27 11:37:36.951,CANCELLED,28B,0.0,0.0,0.0,No Issue,Vistara,BLR,BOM,2026-04-19 09:51:41.704,2026-04-19 13:25:41.704,03:34:00,214.0,BLR → BOM,2026-04-19,2026-04-19,9.0,13.0,False,Matched,db1e1f7bed19757ec03c73a95e816cd168439d98bd3f8246c5ffbdba2e6a6135,B***r,**********2257
B1467,P1646,UK115,2025-04-30 11:37:36.951,CANCELLED,25A,1.0,13307.54,0.0,Cancelled With Payment,Vistara,BLR,BOM,2026-04-19 11:20:41.702,2026-04-19 13:20:42.000,02:00:00.298000,120.0,BLR → BOM,2026-04-19,2026-04-19,11.0,13.0,False,Matched,16c31d4c77527f2ca2ec9f0599e6ffe79538c8044d0872c54c91682e5a6927b7,E***e,**********4253
B1468,P1537,AI255,2025-07-16 11:37:36.951,CONFIRMED,14F,2.0,25336.54,0.0,No Issue,Air India,MAA,CCU,2026-04-19 08:45:41.704,2026-04-19 13:12:41.704,04:27:00,267.0,MAA → CCU,2026-04-19,2026-04-19,8.0,13.0,False,Matched,cfce696e6992ad7133656086d323b05c917885cf01c5028f6f7fadfe829a5b04,H***y,**********2325
B1469,P1863,6F001,2025-12-25 11:37:36.951,CONFIRMED,11A,0.0,0.0,0.0,Confirmed Without Payment,IndiGo,HYD,BOM,2026-04-19 11:33:41.700,2026-04-19 13:08:41.700,01:35:00,95.0,HYD → BOM,2026-04-19,2026-04-19,11.0,13.0,False,Matched,78bda9a94bec5a874ff31f2fad8d140eb53464aaca673796a71065c1566d024b,P***a,**********6316
B1470,P1523,6F132,2025-05-27 11:37:36.951,CANCELLED,24E,0.0,0.0,0.0,No Issue,IndiGo,MAA,BOM,2026-04-19 12:00:41.702,2026-04-19 13:00:42.000,01:00:00.298000,60.0,MAA → BOM,2026-04-19,2026-04-19,12.0,13.0,False,Matched,d4bf3c31b9fba13e4cea7ad9b73f3ca84533b03852e9da4008f91a0f7894e7c4,T***l,**********0375
B1471,P1071,UK184,2026-03-28 11:37:36.951,PENDING,8E,0.0,0.0,0.0,No Issue,Vistara,MAA,HYD,2026-04-19 10:49:41.703,2026-04-19 13:00:41.703,02:11:00,131.0,MAA → HYD,2026-04-19,2026-04-19,10.0,13.0,False,Matched,a6b2053c8f7fdca146822e58369412f6ce55b11568206d1c357bf713e6f45261,R***n,**********4844
B1472,P1644,6F098,2025-06-06 11:37:36.951,PENDING,3D,0.0,0.0,0.0,No Issue,IndiGo,BLR,MAA,2026-04-19 10:18:41.702,2026-04-19 12:49:41.702,02:31:00,151.0,BLR → MAA,2026-04-19,2026-04-19,10.0,12.0,False,Matched,398566e4efab1bc367111e8830c16d334ddb41d37a968d5e628af185a8d74600,V***a,**********1373
B1473,P1105,SJ168,2025-07-19 11:37:36.951,PENDING,21F,0.0,0.0,0.0,No Issue,SpiceJet,CCU,BOM,2026-04-19 08:17:41.703,2026-04-19 12:29:41.703,04:12:00,252.0,CCU → BOM,2026-04-19,2026-04-19,8.0,12.0,False,Matched,2d1bca16bb43040410c82d80c38641eb61905218629b762817c10bdd70f098ff,W***j,**********8854
B1474,P1731,SJ178,2025-07-28 11:37:36.951,CANCELLED,14C,3.0,32760.32,0.0,Cancelled With Payment,SpiceJet,BOM,HYD,2026-04-19 09:58:41.703,2026-04-19 12:27:41.703,02:29:00,149.0,BOM → HYD,2026-04-19,2026-04-19,9.0,12.0,False,Matched,0f290cea7657e120a95793362db2cdd070fe4684ea5ea715036b0c1708187c71,J***t,**********6881
B1475,P1884,UK111,2026-03-07 11:37:36.951,CANCELLED,2C,3.0,21399.98,0.0,Cancelled With Payment,Vistara,MAA,BLR,2026-04-19 11:06:41.702,2026-04-19 12:20:41.702,01:14:00,74.0,MAA → BLR,2026-04-19,2026-04-19,11.0,12.0,False,Matched,7e95721715325d787e84c596accf19fb4179a5b9701dfdd511d037d674d4ce31,C***s,**********5334
B1476,P1964,SJ051,2026-02-27 11:37:36.951,CANCELLED,32E,0.0,0.0,0.0,No Issue,UNKNOWN,BOM,BLR,2026-04-19 08:40:41.701,2026-04-19 12:18:41.701,03:38:00,218.0,BOM → BLR,2026-04-19,2026-04-19,8.0,12.0,False,Matched,d2ea77c0e608c401bb2f32a937d97c277d2d485f0f613fa58f6f02f1745a9881,M***j,**********7876
B1477,P1688,SJ193,2025-07-06 11:37:36.951,CANCELLED,18E,3.0,17403.75,0.0,Cancelled With Payment,SpiceJet,CCU,DEL,2026-04-19 09:37:41.703,2026-04-19 12:16:41.703,02:39:00,159.0,CCU → DEL,2026-04-19,2026-04-19,9.0,12.0,False,Matched,2075384dcb84dfb895515a2d5162a46fc0f44919c0a5dd98569691e9c2f95c7a,A***a,**********4320
B1478,P1281,SJ039,2026-02-24 11:37:36.951,CONFIRMED,28D,1.0,2928.68,0.0,No Issue,SpiceJet,MAA,BOM,2026-04-19 08:41:41.701,2026-04-19 12:08:41.701,03:27:00,207.0,MAA → BOM,2026-04-19,2026-04-19,8.0,12.0,False,Matched,524094225ff1be42d08b50e85034b0b5126c19951726d48ca369ea25a5fa4369,W***t,**********0683
B1479,P1132,UK066,2025-12-17 11:37:36.951,CANCELLED,22B,2.0,16478.5,0.0,Cancelled With Payment,Vistara,BOM,CCU,2026-04-19 10:29:41.701,2026-04-19 12:07:41.701,01:38:00,98.0,BOM → CCU,2026-04-19,2026-04-19,10.0,12.0,False,Matched,bd1d9854620422ec848b85db24920e9a6303010c0b8e1347352105543a247999,V***y,**********6229
B1480,P1533,SJ050,2026-03-14 11:37:36.951,PENDING,34B,1.0,3112.82,0.0,No Issue,SpiceJet,HYD,CCU,2026-04-19 11:24:41.701,2026-04-19 12:03:41.701,00:39:00,39.0,HYD → CCU,2026-04-19,2026-04-19,11.0,12.0,False,Matched,272e67418c149210752a6717bda39b371ef42ab7765fe2ebb45353748c13cbbe,T***a,**********6905
B1481,P1974,6F052,2025-06-11 11:37:36.951,CONFIRMED,4D,0.0,0.0,0.0,Confirmed Without Payment,IndiGo,BOM,CCU,2026-04-19 09:13:41.701,2026-04-19 12:02:41.701,02:49:00,169.0,BOM → CCU,2026-04-19,2026-04-19,9.0,12.0,False,Matched,5ec0eb20c5e81aa1dca6b35df2a3d6948d8b4f7e0c18ec1c83d52bb1b3d475f3,Z***n,**********8664
B1482,P1268,SJ170,2025-08-29 11:37:36.951,PENDING,14E,2.0,17749.28,0.0,No Issue,SpiceJet,BLR,BOM,2026-04-19 10:11:41.703,2026-04-19 11:56:41.703,01:45:00,105.0,BLR → BOM,2026-04-19,2026-04-19,10.0,11.0,False,Matched,a2904b4ae9aa36e16b75c69bd7d0436f996ac3d6017d26bd99bb93e00a2e692a,G***l,**********6092
B1483,P1411,SJ119,2025-06-09 11:37:36.951,,26B,1.0,10562.26,0.0,No Issue,SpiceJet,BOM,CCU,2026-04-19 08:53:41.702,2026-04-19 11:29:41.702,02:36:00,156.0,BOM → CCU,2026-04-19,2026-04-19,8.0,11.0,False,Matched,56453b9d46fd3d02236092dbc9bc2ce5402a9a908dcf496bb6f215a201033646,D***y,**********9169
B1484,P1672,AI219,2025-05-07 11:37:36.951,CONFIRMED,13B,0.0,0.0,0.0,Confirmed Without Payment,UNKNOWN,BLR,DEL,2026-04-19 09:28:41.703,2026-04-19 11:27:41.703,01:59:00,119.0,BLR → DEL,2026-04-19,2026-04-19,9.0,11.0,False,Matched,7c4fe80f20f9b66483cc64025a221578d32a5f7799e4c45a4c28907ddad111bb,B***a,**********6412
B1485,P1618,6F220,2025-07-05 11:37:36.951,CANCELLED,12D,0.0,0.0,0.0,No Issue,IndiGo,HYD,BOM,2026-04-19 10:27:41.704,2026-04-19 11:25:41.704,00:58:00,58.0,HYD → BOM,2026-04-19,2026-04-19,10.0,11.0,False,Matched,69be083ce3cad74bea05b2dcd4924e7e39223920ce454182d0329d6bec0eec6f,K***a,**********6833
B1486,P1790,AI207,2025-05-04 11:37:36.951,CONFIRMED,3D,3.0,20297.600000000002,0.0,No Issue,Air India,BOM,MAA,2026-04-19 08:24:41.703,2026-04-19 11:23:41.703,02:59:00,179.0,BOM → MAA,2026-04-19,2026-04-19,8.0,11.0,False,Matched,a924a4199183bcc1a6ef1e33bd61ba5cb9b95289b653d27fcaed87c8518b8fd2,C***n,**********7259
B1487,P1864,6F024,2026-01-26 11:37:36.951,PENDING,5E,0.0,0.0,0.0,No Issue,IndiGo,BOM,DEL,2026-04-19 07:31:41.701,2026-04-19 11:17:41.701,03:46:00,226.0,BOM → DEL,2026-04-19,2026-04-19,7.0,11.0,False,Matched,c80f98a465beef558881197b27e4e3b2c521bb92a5ecbc70c1e056eb1bdd2d94,O***l,**********2871
B1488,P1746,SJ073,2025-05-04 11:37:36.951,CANCELLED,27E,2.0,22623.03,0.0,Cancelled With Payment,SpiceJet,CCU,BLR,2026-04-19 09:26:41.701,2026-04-19 11:14:41.701,01:48:00,108.0,CCU → BLR,2026-04-19,2026-04-19,9.0,11.0,False,Matched,3d53e7809ed61bf918feb4d22f73f586ca9fda44f7fa8d1cb1a6f3b55b865bb5,S***o,**********3418
B1489,P1017,SJ201,2025-07-08 11:37:36.951,CANCELLED,24F,0.0,0.0,0.0,No Issue,SpiceJet,BLR,DEL,2026-04-19 09:10:41.703,2026-04-19 11:12:41.703,02:02:00,122.0,BLR → DEL,2026-04-19,2026-04-19,9.0,11.0,False,Matched,b5595e03ca062d474bc033d681435cb2f296ab85256ab1aed60a960941c65396,J***i,**********4879
B1490,P1753,AI180,2026-03-10 11:37:36.951,CONFIRMED,29B,2.0,1217.88,1.0,Missing Payment Amount,Air India,BOM,CCU,2026-04-19 10:19:41.703,2026-04-19 11:00:41.703,00:41:00,41.0,BOM → CCU,2026-04-19,2026-04-19,10.0,11.0,False,Matched,0c6e56d9c9929121c6fc03016d34004c851d17b2d4cd687003e10d1b5fcd3d53,Y***n,**********2386
B1491,P1116,UK022,2025-07-16 11:37:36.951,CONFIRMED,18F,1.0,6534.99,0.0,No Issue,Vistara,DEL,HYD,2026-04-19 06:22:41.701,2026-04-19 10:59:41.701,04:37:00,277.0,DEL → HYD,2026-04-19,2026-04-19,6.0,10.0,False,Matched,b3a50d387bc3a935f1110f7350c8aef65bb6b97af96586f58fc5230e4b002f1f,N***n,**********4694
B1492,P1797,AI202,2026-03-27 11:37:36.951,CANCELLED,29C,0.0,0.0,0.0,No Issue,Air India,HYD,BLR,2026-04-19 08:44:41.703,2026-04-19 10:53:41.703,02:09:00,129.0,HYD → BLR,2026-04-19,2026-04-19,8.0,10.0,False,Matched,7d4544f6735d1cf42af13f92eeb97970c9af32913af6d6dd58a23a8f75cc9230,V***t,**********3773
B1493,P1793,6F212,2025-06-01 11:37:36.952,CONFIRMED,26D,0.0,0.0,0.0,Confirmed Without Payment,IndiGo,BLR,CCU,2026-04-19 06:10:41.703,2026-04-19 10:52:41.703,04:42:00,282.0,BLR → CCU,2026-04-19,2026-04-19,6.0,10.0,False,Matched,c07324d0d0366f022f5072cef3e87ae0600b542e5199284c09c57a213bbfb09e,H***r,**********0915
B1494,P1143,6F163,2025-06-09 11:37:36.952,CANCELLED,23F,0.0,0.0,0.0,No Issue,IndiGo,MAA,BOM,2026-04-19 06:49:41.703,2026-04-19 10:46:41.703,03:57:00,237.0,MAA → BOM,2026-04-19,2026-04-19,6.0,10.0,False,Matched,8582756bc78a7da7ef52481c8155b51be2a9ef99db417cc695363902372ea444,U***a,**********9861
B1495,P1716,UK028,2025-10-15 11:37:36.952,CONFIRMED,27D,2.0,17491.120000000003,0.0,No Issue,Vistara,HYD,MAA,2026-04-19 09:02:41.701,2026-04-19 10:37:41.701,01:35:00,95.0,HYD → MAA,2026-04-19,2026-04-19,9.0,10.0,False,Matched,9d5f2fe9ab866f07b01711615f8549bdd624c4eb2d12a4561713afeecfaff719,L***a,**********4823
B1496,P1550,6F243,2026-03-21 11:37:36.952,PENDING,7D,1.0,2901.65,0.0,No Issue,IndiGo,BOM,HYD,2026-04-19 09:37:41.704,2026-04-19 10:33:41.704,00:56:00,56.0,BOM → HYD,2026-04-19,2026-04-19,9.0,10.0,False,Matched,a712ea3ae32e4e90c949b49b3cd19c94aaf25f636bc06d3f934312a94292e287,M***u,**********9307
B1497,P1928,AI165,2025-09-02 11:37:36.952,CONFIRMED,11F,0.0,0.0,0.0,Confirmed Without Payment,Air India,DEL,CCU,2026-04-19 08:51:41.703,2026-04-19 10:31:41.703,01:40:00,100.0,DEL → CCU,2026-04-19,2026-04-19,8.0,10.0,False,Matched,46c9f2f81ebe9bac23cd7612e372fa0488abfe9d4489f7af31932844d99274a3,G***a,**********3751
B1498,P1665,UK099,2025-07-18 11:37:36.952,PENDING,3D,0.0,0.0,0.0,No Issue,Vistara,BOM,MAA,2026-04-19 06:16:41.702,2026-04-19 10:24:41.702,04:08:00,248.0,BOM → MAA,2026-04-19,2026-04-19,6.0,10.0,False,Matched,25f54e01705990847ab3acf45f035cdec32dd6841bd6d21afbc2dd4f3c024097,A***a,**********4113
B1499,P1687,AI033,2025-06-17 11:37:36.952,,17C,0.0,0.0,0.0,No Issue,Air India,MAA,CCU,2026-04-19 05:25:41.701,2026-04-19 10:21:41.701,04:56:00,296.0,MAA → CCU,2026-04-19,2026-04-19,5.0,10.0,False,Matched,c2322292bcb2f2b27262472789696b3b32d9c449b562bfec75780ab6409dce36,J***a,**********6364
B1500,P1960,UK056,2025-04-30 11:37:36.952,CONFIRMED,22D,1.0,1303.07,0.0,No Issue,Vistara,HYD,MAA,2026-04-19 09:29:41.701,2026-04-19 10:15:41.701,00:46:00,46.0,HYD → MAA,2026-04-19,2026-04-19,9.0,10.0,False,Matched,cf05d383479f502be49caeb6a6be583f88de812986263f74bc600bd9f6989207,J***a,**********5186
B1501,P1752,SJ122,2025-09-04 11:37:36.952,CANCELLED,23D,3.0,27890.44,1.0,Missing Payment Amount,SpiceJet,CCU,BOM,2026-04-19 05:22:41.702,2026-04-19 10:09:41.702,04:47:00,287.0,CCU → BOM,2026-04-19,2026-04-19,5.0,10.0,False,Matched,73051b55c7e97fdc216ea8d94d2fa425d527bd3c93f12b148d8bdff4d72428dc,L***u,**********3227
B1502,P1421,AI086,2025-10-15 11:37:36.952,CONFIRMED,23F,2.0,17966.760000000002,0.0,No Issue,Air India,CCU,HYD,2026-04-19 07:13:41.702,2026-04-19 10:09:41.702,02:56:00,176.0,CCU → HYD,2026-04-19,2026-04-19,7.0,10.0,False,Matched,3c7f220cb5068b0163c0739311a4ff6ba049b425d291231b83adda72a01394e5,H***r,**********9285
B1503,P1897,SJ011,2025-10-17 11:37:36.952,CONFIRMED,25C,0.0,0.0,0.0,Confirmed Without Payment,SpiceJet,BOM,MAA,2026-04-19 05:14:41.701,2026-04-19 09:59:41.701,04:45:00,285.0,BOM → MAA,2026-04-19,2026-04-19,5.0,9.0,False,Matched,20807ba9eae1985a2f0d95b03073f334df96c2030accc2b503427e0644629647,U***i,**********3000
B1504,P1368,SJ021,2025-04-21 11:37:36.952,PENDING,4E,3.0,32259.760000000002,0.0,No Issue,SpiceJet,HYD,BLR,2026-04-19 05:48:41.701,2026-04-19 09:46:41.701,03:58:00,238.0,HYD → BLR,2026-04-19,2026-04-19,5.0,9.0,False,Matched,2f1b87f7cf7e4ea93c56db4b6055dfb8a3eb63a4cdd4b98758edd02edd518f75,F***t,**********2210
B1505,P1645,SJ106,2025-11-29 11:37:36.952,CONFIRMED,8F,1.0,7472.98,0.0,No Issue,SpiceJet,CCU,DEL,2026-04-19 07:16:41.702,2026-04-19 09:40:41.702,02:24:00,144.0,CCU → DEL,2026-04-19,2026-04-19,7.0,9.0,False,Matched,0328c1bc934ba3cabcc3e1eac5adac9446836ade845d0a2150a4a3e6bd4991b8,D***y,**********8147
B1506,P1557,SJ026,2026-01-29 11:37:36.952,CANCELLED,9E,0.0,0.0,0.0,No Issue,SpiceJet,CCU,MAA,2026-04-19 05:22:41.701,2026-04-19 09:40:41.701,04:18:00,258.0,CCU → MAA,2026-04-19,2026-04-19,5.0,9.0,False,Matched,e69d7f79bc574473fe3a1f982ecbeb5470716e49528b89f44eaacdf1efd05bb1,C***e,**********4300
B1507,P1049,SJ245,2025-11-27 11:37:36.952,PENDING,20A,1.0,4865.21,0.0,No Issue,SpiceJet,BOM,DEL,2026-04-19 06:07:41.704,2026-04-19 09:39:41.704,03:32:00,212.0,BOM → DEL,2026-04-19,2026-04-19,6.0,9.0,False,Matched,7bff29254611796d8955118ed35c1cdf92b85ad46e7fdbdc630f41318cac7c7b,J***y,**********7266
B1508,P1677,AI023,2025-07-31 11:37:36.952,,9C,3.0,14679.26,0.0,No Issue,Air India,HYD,BLR,2026-04-19 06:10:41.701,2026-04-19 09:35:41.701,03:25:00,205.0,HYD → BLR,2026-04-19,2026-04-19,6.0,9.0,False,Matched,1687175f826bcf70b75cd7e9072c71a54f2c06edba75069e14750a121ecc7af8,C***d,**********0857
B1509,P1105,AI032,2025-09-25 11:37:36.952,CANCELLED,14F,0.0,0.0,0.0,No Issue,Air India,MAA,BLR,2026-04-19 07:26:41.701,2026-04-19 09:26:42.000,02:00:00.299000,120.0,MAA → BLR,2026-04-19,2026-04-19,7.0,9.0,False,Matched,1fc210e4387fbb3c3b1f684df5873f5884a381408afea3dd11babe6f8ba456f5,D***r,**********2022
B1510,P1215,AI236,2025-05-11 11:37:36.952,CANCELLED,19F,1.0,3179.45,0.0,Cancelled With Payment,Air India,DEL,BOM,2026-04-19 04:52:41.704,2026-04-19 09:11:41.704,04:19:00,259.0,DEL → BOM,2026-04-19,2026-04-19,4.0,9.0,False,Matched,c18ad2c166bf6122e9d3c3c4c0e4f36d445752e85e6cd796aee313d20408e596,J***e,**********4326
B1511,P1657,6F094,2025-12-24 11:37:36.952,CANCELLED,15C,1.0,12346.57,0.0,Cancelled With Payment,IndiGo,BLR,BOM,2026-04-19 07:37:41.702,2026-04-19 09:06:41.702,01:29:00,89.0,BLR → BOM,2026-04-19,2026-04-19,7.0,9.0,False,Matched,b3fbf117ace790642594f69dbfd4fd632c775f50de9392ed5c24e50e06e44f32,W***i,**********5952
B1512,P1922,UK163,2025-12-21 11:37:36.952,PENDING,4A,1.0,5747.83,0.0,No Issue,Vistara,DEL,HYD,2026-04-19 07:22:41.703,2026-04-19 09:04:41.703,01:42:00,102.0,DEL → HYD,2026-04-19,2026-04-19,7.0,9.0,False,Matched,115fd913ebc291abd5c78a6fc8c4f932c224b40f70bade00782a408f11e4d6d4,K***a,**********9229
B1513,P1424,UK163,2025-06-30 11:37:36.952,CONFIRMED,32B,2.0,22716.67,0.0,No Issue,Vistara,DEL,HYD,2026-04-19 07:22:41.703,2026-04-19 09:04:41.703,01:42:00,102.0,DEL → HYD,2026-04-19,2026-04-19,7.0,9.0,False,Matched,a42a5130b1a1787b71f82ea7deffbe03f304b33c03ee32637abd24c0565343f8,S***r,**********9146
B1514,P1071,SJ045,2025-05-07 11:37:36.952,CANCELLED,21E,1.0,0.0,1.0,Missing Payment Amount,SpiceJet,DEL,MAA,2026-04-19 04:16:41.701,2026-04-19 09:03:41.701,04:47:00,287.0,DEL → MAA,2026-04-19,2026-04-19,4.0,9.0,False,Matched,3da8d023b85cd0a171b1f2726f2871e3fae2a12394ed1b1f3295631301dae861,O***y,**********6774
B1515,P1987,SJ006,2025-07-06 11:37:36.952,PENDING,26A,0.0,0.0,0.0,No Issue,SpiceJet,HYD,BLR,2026-04-19 08:25:41.701,2026-04-19 08:57:41.701,00:32:00,32.0,HYD → BLR,2026-04-19,2026-04-19,8.0,8.0,False,Matched,a6cae71ab6b18e469a8f5c4bbe2927b8237fd8214bd018428e03b3404a7ab33e,O***y,**********1986
B1516,P1841,SJ103,2025-08-05 11:37:36.952,CANCELLED,34F,1.0,3242.75,0.0,Cancelled With Payment,SpiceJet,MAA,BLR,2026-04-19 05:16:41.702,2026-04-19 08:56:41.702,03:40:00,220.0,MAA → BLR,2026-04-19,2026-04-19,5.0,8.0,False,Matched,70bb52f06ec5a0512c87a717354391dd59f0e5f24dde64f88adea1e3a82d3345,V***y,**********1214
B1517,P1784,6F221,2026-01-16 11:37:36.952,,31B,1.0,0.0,1.0,Missing Payment Amount,IndiGo,MAA,DEL,2026-04-19 05:20:41.704,2026-04-19 08:52:41.704,03:32:00,212.0,MAA → DEL,2026-04-19,2026-04-19,5.0,8.0,False,Matched,9cdbcb5ed296d8eff8cb62d51faeb7a2db7f5ba169f5502fc79155cb4229840c,A***i,**********2215
B1518,P1758,SJ147,2026-03-20 11:37:36.952,,30A,0.0,0.0,0.0,No Issue,SpiceJet,BLR,CCU,2026-04-19 04:30:41.702,2026-04-19 08:52:41.702,04:22:00,262.0,BLR → CCU,2026-04-19,2026-04-19,4.0,8.0,False,Matched,4952a34c84ab4ba9664ec22a322f35620693b227ae2042c386181c27ed0774f7,K***a,**********4061
B1519,P1445,SJ064,2026-03-25 11:37:36.952,PENDING,3C,2.0,14857.830000000002,0.0,No Issue,SpiceJet,CCU,DEL,2026-04-19 06:29:41.701,2026-04-19 08:43:41.701,02:14:00,134.0,CCU → DEL,2026-04-19,2026-04-19,6.0,8.0,False,Matched,d802ef9a25cd2c80d7078ddfabb8514e8d6fe53654b5c49ac6a0fd77dc963a3a,S***a,**********0765
B1520,P1924,AI028,2026-04-02 11:37:36.952,CONFIRMED,27A,1.0,14340.74,0.0,No Issue,Air India,HYD,BOM,2026-04-19 07:53:41.701,2026-04-19 08:35:41.701,00:42:00,42.0,HYD → BOM,2026-04-19,2026-04-19,7.0,8.0,False,Matched,e839dbf85d70e738066f2aa3da7f8b3aa553c85ca70d82cd94008e41ca5a7fd0,W***l,**********3299
B1521,P1185,AI148,2025-11-08 11:37:36.952,PENDING,31E,3.0,10629.67,1.0,Missing Payment Amount,Air India,HYD,MAA,2026-04-19 05:41:41.703,2026-04-19 08:32:41.703,02:51:00,171.0,HYD → MAA,2026-04-19,2026-04-19,5.0,8.0,False,Matched,0d35de9dfeaffcc673d4416891beb61661a7d69aa209def9196afa88b1e51260,H***i,**********9694
B1522,P1069,6F263,2025-08-31 11:37:36.952,CONFIRMED,1C,0.0,0.0,0.0,Confirmed Without Payment,UNKNOWN,DEL,HYD,2026-04-19 07:07:41.703,2026-04-19 08:30:41.703,01:23:00,83.0,DEL → HYD,2026-04-19,2026-04-19,7.0,8.0,False,Matched,bbc5e31f4377c7b2ff4700764160d2fb7ce8fa84a7f9adfa72520762be4060d8,J***t,**********9631
B1523,P1973,SJ067,2025-05-19 11:37:36.952,PENDING,21F,2.0,10733.84,1.0,Missing Payment Amount,SpiceJet,MAA,BLR,2026-04-19 07:17:41.701,2026-04-19 08:16:41.701,00:59:00,59.0,MAA → BLR,2026-04-19,2026-04-19,7.0,8.0,False,Matched,9e8d151770b78effff840c3da38bcd72b6f6f2a01801b0a62915dee9d47764aa,M***r,**********3458
B1524,P1149,6F061,2025-06-17 11:37:36.952,PENDING,23D,2.0,9831.83,0.0,No Issue,IndiGo,MAA,BOM,2026-04-19 07:28:41.701,2026-04-19 08:09:41.701,00:41:00,41.0,MAA → BOM,2026-04-19,2026-04-19,7.0,8.0,False,Matched,f78818522b64dbd4d2f534181350bf6d25bd28af3277b382b7c874b4ed50f84d,R***s,**********4363
B1525,P1245,AI254,2025-05-29 11:37:36.952,,11E,1.0,7869.06,0.0,No Issue,Air India,CCU,HYD,2026-04-19 04:46:41.704,2026-04-19 08:06:41.704,03:20:00,200.0,CCU → HYD,2026-04-19,2026-04-19,4.0,8.0,False,Matched,aafbcd16874425013c509c94284dbf00cbfff6422b74edce0ae3d0ca14bee7db,S***d,**********3227
B1526,P1773,SJ136,2025-11-15 11:37:36.952,CONFIRMED,17D,2.0,12889.82,0.0,No Issue,SpiceJet,HYD,BLR,2026-04-19 05:45:41.702,2026-04-19 08:04:41.702,02:19:00,139.0,HYD → BLR,2026-04-19,2026-04-19,5.0,8.0,False,Matched,fd110a595c7a06bc06f9679de14117cc88e02b42a2de3f1f2db5aaad6ca83e3e,S***l,**********2969
B1527,P1537,AI046,2025-07-09 11:37:36.952,PENDING,8A,1.0,11891.78,0.0,No Issue,UNKNOWN,DEL,BOM,2026-04-19 05:09:41.701,2026-04-19 08:00:41.701,02:51:00,171.0,DEL → BOM,2026-04-19,2026-04-19,5.0,8.0,False,Matched,587d97ef85d284a22def857c6bdc273bd98843022808fb3de2b1663363b317ab,C***h,**********3822
B1528,P1934,UK174,2026-03-28 11:37:36.952,PENDING,6E,0.0,0.0,0.0,No Issue,Vistara,CCU,DEL,2026-04-19 05:27:41.703,2026-04-19 07:47:41.703,02:20:00,140.0,CCU → DEL,2026-04-19,2026-04-19,5.0,7.0,False,Matched,3e5ad2c601bf82bbe6f55a2650bcaec3a32644316d342a63e221b33a62a1d00b,Y***s,**********4067
B1529,P1651,6F066,2025-04-30 11:37:36.952,,34C,0.0,0.0,0.0,No Issue,IndiGo,BLR,HYD,2026-04-19 06:07:41.701,2026-04-19 07:43:41.701,01:36:00,96.0,BLR → HYD,2026-04-19,2026-04-19,6.0,7.0,False,Matched,dedbadc838bd62c7f66f1b89dc7c99214ba20ac4a37c8b1f519e54f76239baa2,S***s,**********8533
B1530,P1098,UK095,2025-12-08 11:37:36.952,,23E,3.0,29065.67,0.0,No Issue,Vistara,BOM,MAA,2026-04-19 05:22:41.702,2026-04-19 07:36:41.702,02:14:00,134.0,BOM → MAA,2026-04-19,2026-04-19,5.0,7.0,False,Matched,68368d14479806e041230d58173125dd49842d9b3341017327643faddc99ff37,S***a,**********4054
B1531,P1909,6F063,2026-04-01 11:37:36.952,PENDING,30F,3.0,23911.21,1.0,Missing Payment Amount,IndiGo,DEL,HYD,2026-04-19 04:42:41.701,2026-04-19 07:31:41.701,02:49:00,169.0,DEL → HYD,2026-04-19,2026-04-19,4.0,7.0,False,Matched,9d9255c610233be4f38775044718113e64064682c6f727b0028cd9aab2b6a75a,V***n,**********0108
B1532,P1277,UK118,2025-04-22 11:37:36.952,PENDING,30A,3.0,24295.6,1.0,Missing Payment Amount,Vistara,HYD,BLR,2026-04-19 06:22:41.702,2026-04-19 07:22:42.000,01:00:00.298000,60.0,HYD → BLR,2026-04-19,2026-04-19,6.0,7.0,False,Matched,a640a6fc52f85b75f1a69d5732f6dcb8a88c0b627a28fc727b20b5978f9cf1a0,M***e,**********4314
B1533,P1562,UK218,2025-09-15 11:37:36.952,PENDING,28D,0.0,0.0,0.0,No Issue,Vistara,MAA,BLR,2026-04-19 03:12:41.704,2026-04-19 07:22:41.704,04:10:00,250.0,MAA → BLR,2026-04-19,2026-04-19,3.0,7.0,False,Matched,72aef7faad6a1f5c60480b4a257c51a66a3260e43b6aa68d3d862c4c6aa87627,A***n,**********4584
B1534,P1662,UK031,2025-09-11 11:37:36.952,CONFIRMED,34E,1.0,12347.23,0.0,No Issue,Vistara,CCU,DEL,2026-04-19 03:45:41.701,2026-04-19 07:20:41.701,03:35:00,215.0,CCU → DEL,2026-04-19,2026-04-19,3.0,7.0,False,Matched,8e1b9a2ed02a4e5e77d9b7b539f7ed0bfce0c30596cd4002547887beff79e7f5,K***h,**********8286
B1535,P1943,UK142,2026-04-02 11:37:36.952,PENDING,6C,2.0,19520.85,0.0,No Issue,Vistara,BLR,DEL,2026-04-19 03:03:41.703,2026-04-19 07:13:41.703,04:10:00,250.0,BLR → DEL,2026-04-19,2026-04-19,3.0,7.0,False,Matched,4cac606eba3e8c4e72f2f64f067dc061d16fc7c4577d6f4a0f49f70ae8801ed6,Z***h,**********5314
B1536,P1454,AI002,2025-06-01 11:37:36.952,,4C,1.0,6548.99,0.0,No Issue,Air India,HYD,BLR,2026-04-19 05:12:41.700,2026-04-19 07:12:41.700,02:00:00,120.0,HYD → BLR,2026-04-19,2026-04-19,5.0,7.0,False,Matched,083c7620070f3214e20115a43024a8d8c30c1a1b048268738e30643762327834,I***l,**********6512
B1537,P1103,UK070,2025-10-08 11:37:36.952,CONFIRMED,21F,1.0,9202.57,0.0,No Issue,Vistara,BOM,DEL,2026-04-19 04:36:41.701,2026-04-19 06:49:41.701,02:13:00,133.0,BOM → DEL,2026-04-19,2026-04-19,4.0,6.0,False,Matched,29a974b13af675fcdcfaae4c17d4f10cc678d05d96824de2be099d9638e8ab98,K***a,**********5625
B1538,P1945,SJ121,2026-03-17 11:37:36.952,PENDING,8E,0.0,0.0,0.0,No Issue,SpiceJet,CCU,DEL,2026-04-19 05:32:41.702,2026-04-19 06:47:41.702,01:15:00,75.0,CCU → DEL,2026-04-19,2026-04-19,5.0,6.0,False,Matched,bc41d1e5250c21770a8524c65c1325686badd1562e9a6b0b0eb985b575bca737,I***a,**********9144
B1539,P1600,UK201,2025-06-11 11:37:36.952,CONFIRMED,20B,2.0,17509.78,0.0,No Issue,Vistara,HYD,BOM,2026-04-19 04:29:41.703,2026-04-19 06:42:41.703,02:13:00,133.0,HYD → BOM,2026-04-19,2026-04-19,4.0,6.0,False,Matched,8ef9c1aa92d749163c58f4e8f8d51eabb6cab1e1e14e8eb4e68296864dde25a6,E***u,**********9059
B1540,P1652,AI138,2026-01-15 11:37:36.952,CANCELLED,7E,1.0,3640.69,0.0,Cancelled With Payment,Air India,DEL,CCU,2026-04-19 05:50:41.702,2026-04-19 06:40:41.702,00:50:00,50.0,DEL → CCU,2026-04-19,2026-04-19,5.0,6.0,False,Matched,456d01ba12323d400f1cbc0b52c4fe96dcbbdc3a9d3439f7b1fd04eb050cee07,O***a,**********6491
B1541,P1724,SJ014,2025-12-16 11:37:36.952,CONFIRMED,26A,1.0,12031.17,0.0,No Issue,SpiceJet,BOM,HYD,2026-04-19 05:40:41.701,2026-04-19 06:39:41.701,00:59:00,59.0,BOM → HYD,2026-04-19,2026-04-19,5.0,6.0,False,Matched,195c819f87475defcd989d63467ab5c68ed4d839fb40ca43fc0b1a860ced492c,C***e,**********9845
B1542,P1232,SJ053,2025-12-13 11:37:36.952,PENDING,14F,0.0,0.0,0.0,No Issue,SpiceJet,CCU,DEL,2026-04-19 05:00:41.701,2026-04-19 06:38:41.701,01:38:00,98.0,CCU → DEL,2026-04-19,2026-04-19,5.0,6.0,False,Matched,0f5c9f6389227c6e1f525ec17d8d6d228ee2b753412da946e7d7ccdcce4aef09,O***a,**********0037
B1543,P1393,SJ241,2025-06-16 11:37:36.952,CANCELLED,4F,1.0,3207.85,0.0,Cancelled With Payment,SpiceJet,DEL,HYD,2026-04-19 03:57:41.704,2026-04-19 06:36:41.704,02:39:00,159.0,DEL → HYD,2026-04-19,2026-04-19,3.0,6.0,False,Matched,938856af766d905b5b3c4cf1fabb3324d3e06188fca7a3181ba01040e67fa4cb,I***t,**********0271
B1544,P1500,AI249,2025-09-01 11:37:36.952,CANCELLED,16A,2.0,12003.060000000001,0.0,Cancelled With Payment,Air India,BLR,HYD,2026-04-19 03:38:41.704,2026-04-19 06:27:41.704,02:49:00,169.0,BLR → HYD,2026-04-19,2026-04-19,3.0,6.0,False,Matched,d9e4dc1aff8cf9471df3a6bf78539250ff1a5c3fa1a4de7649c85bc521410e6b,V***n,**********6093
B1545,P1694,AI176,2026-03-08 11:37:36.952,PENDING,8A,2.0,17736.33,0.0,No Issue,Air India,BLR,DEL,2026-04-19 04:20:41.703,2026-04-19 06:25:41.703,02:05:00,125.0,BLR → DEL,2026-04-19,2026-04-19,4.0,6.0,False,Matched,f0cdd2e9aa86a33bbb1a93d6f96f5cad33fd04f1fef42ff5a72440d7d8769edd,J***e,**********5520
B1546,P1250,SJ234,2026-04-02 11:37:36.952,PENDING,32B,0.0,0.0,0.0,No Issue,SpiceJet,BLR,CCU,2026-04-19 04:20:41.704,2026-04-19 06:23:41.704,02:03:00,123.0,BLR → CCU,2026-04-19,2026-04-19,4.0,6.0,False,Matched,9cac3e84da757941e95160df08fd3251f1d8cc3d9b537dd482799e2a3aea18d5,I***h,**********0567
B1547,P1520,6F115,2025-04-18 11:37:36.952,PENDING,16C,0.0,0.0,0.0,No Issue,IndiGo,MAA,BLR,2026-04-19 04:41:41.702,2026-04-19 06:23:41.702,01:42:00,102.0,MAA → BLR,2026-04-19,2026-04-19,4.0,6.0,False,Matched,2101ba54061d9495ac2fda1d9a8abfc9dbfc54b8bc239530e81e07a5a99850a1,Y***t,**********7207
B1548,P1078,AI020,2025-10-04 11:37:36.952,CONFIRMED,7E,0.0,0.0,0.0,Confirmed Without Payment,UNKNOWN,BOM,BLR,2026-04-19 03:53:41.701,2026-04-19 06:21:41.701,02:28:00,148.0,BOM → BLR,2026-04-19,2026-04-19,3.0,6.0,False,Matched,d73dc68c4e326432a3dceef93acf0f7a2244bd3b651aae2f1426ed46f7af8baa,C***a,**********2739
B1549,P1051,AI020,2025-12-16 11:37:36.952,CONFIRMED,24A,0.0,0.0,0.0,Confirmed Without Payment,UNKNOWN,BOM,BLR,2026-04-19 03:53:41.701,2026-04-19 06:21:41.701,02:28:00,148.0,BOM → BLR,2026-04-19,2026-04-19,3.0,6.0,False,Matched,67f0d93bf65ce35cb30af266d5ca6a9b0582d57b7ada032dbb7ccaa60f5bff0e,C***r,**********9899
B1550,P1897,6F079,2025-12-06 11:37:36.952,CONFIRMED,10D,0.0,0.0,0.0,Confirmed Without Payment,IndiGo,MAA,HYD,2026-04-19 02:14:41.702,2026-04-19 06:18:41.702,04:04:00,244.0,MAA → HYD,2026-04-19,2026-04-19,2.0,6.0,False,Matched,0691432311c289a4b6a1088293087597ea44377f3c0886bd3b94018531e56bc4,A***t,**********8049
B1551,P1920,6F104,2025-11-14 11:37:36.952,,8E,0.0,0.0,0.0,No Issue,IndiGo,CCU,BOM,2026-04-19 05:39:41.702,2026-04-19 06:14:41.702,00:35:00,35.0,CCU → BOM,2026-04-19,2026-04-19,5.0,6.0,False,Matched,ed9c985712a982ea0785d423e9d2bd86eaba62616b4aafbe38f256d48a941efe,V***i,**********1188
B1552,P1780,UK046,2026-02-06 11:37:36.952,PENDING,32D,1.0,12589.6,0.0,No Issue,Vistara,CCU,DEL,2026-04-19 03:37:41.701,2026-04-19 06:05:41.701,02:28:00,148.0,CCU → DEL,2026-04-19,2026-04-19,3.0,6.0,False,Matched,68f96837be47df0ef0d8abe73fd00d87a671649e5c76d8178e126b1c6ac91aea,P***i,**********5811
B1553,P1225,SJ217,2025-11-15 11:37:36.952,CONFIRMED,33D,1.0,1883.33,0.0,No Issue,SpiceJet,BOM,CCU,2026-04-19 02:57:41.703,2026-04-19 06:04:41.703,03:07:00,187.0,BOM → CCU,2026-04-19,2026-04-19,2.0,6.0,False,Matched,327d7923ba84dc125d313b3f313997abf15e09a193a41fc605cb8416560726cd,V***y,**********1142
B1554,P1050,6F142,2025-08-26 11:37:36.952,CANCELLED,8D,0.0,0.0,0.0,No Issue,IndiGo,CCU,MAA,2026-04-19 02:05:41.702,2026-04-19 06:04:41.702,03:59:00,239.0,CCU → MAA,2026-04-19,2026-04-19,2.0,6.0,False,Matched,90587db3ca08d8366e3847926cd68ee8a2b8cdeb072504a7c8ae1e09fc4072a1,E***h,**********9652
B1555,P1185,SJ139,2026-04-04 11:37:36.952,CONFIRMED,3B,1.0,13344.12,0.0,No Issue,SpiceJet,DEL,BLR,2026-04-19 02:20:41.702,2026-04-19 06:02:41.702,03:42:00,222.0,DEL → BLR,2026-04-19,2026-04-19,2.0,6.0,False,Matched,d02b268ada5cea55f3ef00d66e8c2ba7574c891a77d9807514e49adab6d58988,E***n,**********2397
B1556,P1033,6F059,2026-01-18 11:37:36.952,CANCELLED,31D,0.0,0.0,0.0,No Issue,IndiGo,BOM,DEL,2026-04-19 01:12:41.701,2026-04-19 06:02:41.701,04:50:00,290.0,BOM → DEL,2026-04-19,2026-04-19,1.0,6.0,False,Matched,a8be11d1dce2fea4e7f9365371b412f62737131578a48a716f497d93c306849f,D***e,**********2837
B1557,P1802,6F067,2025-08-10 11:37:36.952,PENDING,17A,2.0,17708.739999999998,0.0,No Issue,IndiGo,MAA,BLR,2026-04-19 02:59:41.701,2026-04-19 06:02:41.701,03:03:00,183.0,MAA → BLR,2026-04-19,2026-04-19,2.0,6.0,False,Matched,eb5f6e33d1cdc45c8e41284f6380de46d106d1ab35359e26201f424b8b6c4c92,A***r,**********6950
B1558,P1741,AI007,2025-08-07 11:37:36.952,PENDING,27A,2.0,15597.73,0.0,No Issue,Air India,MAA,DEL,2026-04-19 04:01:41.701,2026-04-19 06:01:42.000,02:00:00.299000,120.0,MAA → DEL,2026-04-19,2026-04-19,4.0,6.0,False,Matched,db0b8fd08bcf3be49b9874bf04a614b9f53463de614a8d491bd03307c2fd62f0,L***i,**********6792
B1559,P1130,UK202,2026-01-20 11:37:36.952,CONFIRMED,5F,1.0,3622.91,0.0,No Issue,Vistara,DEL,HYD,2026-04-19 01:11:41.703,2026-04-19 05:37:41.703,04:26:00,266.0,DEL → HYD,2026-04-19,2026-04-19,1.0,5.0,False,Matched,22bca92c99154a516795fdab44cb22bf4b3a9f7dd59fbe6876e57d625033f093,C***y,**********9332
B1560,P1631,AI200,2026-03-07 11:37:36.952,CONFIRMED,18C,0.0,0.0,0.0,Confirmed Without Payment,Air India,HYD,MAA,2026-04-19 02:05:41.703,2026-04-19 05:29:41.703,03:24:00,204.0,HYD → MAA,2026-04-19,2026-04-19,2.0,5.0,False,Matched,a7354c849bc2dc639885847a4b0b550b94a281f42d7a71172dd63da132d00891,Y***i,**********1527
B1561,P1442,UK172,2026-01-27 11:37:36.952,PENDING,18C,2.0,11507.310000000001,0.0,No Issue,Vistara,DEL,BOM,2026-04-19 02:20:41.703,2026-04-19 05:21:41.703,03:01:00,181.0,DEL → BOM,2026-04-19,2026-04-19,2.0,5.0,False,Matched,e4c409c2bf97fed9b36ae59e0a669f14ae35f55db732be8e50af2929630d13ad,H***r,**********8123
B1562,P1837,6F214,2025-05-01 11:37:36.952,CONFIRMED,10B,1.0,6572.09,0.0,No Issue,IndiGo,BOM,CCU,2026-04-19 01:21:41.703,2026-04-19 05:20:41.703,03:59:00,239.0,BOM → CCU,2026-04-19,2026-04-19,1.0,5.0,False,Matched,d3cddf774a5c01476a495a8c64f828df50c28c2c064e609e3f4de23daf54c2db,T***i,**********0671
B1563,P1758,UK037,2025-09-11 11:37:36.952,PENDING,27B,0.0,0.0,0.0,No Issue,Vistara,BLR,BOM,2026-04-19 01:10:41.701,2026-04-19 05:12:41.701,04:02:00,242.0,BLR → BOM,2026-04-19,2026-04-19,1.0,5.0,False,Matched,47f8762b8a9e4b6eec1af51d98367dedaa157101453f29ebeea4e8e534cf6994,S***i,**********2002
B1564,P1431,AI022,2025-08-14 11:37:36.952,PENDING,17F,1.0,3514.52,0.0,No Issue,Air India,BOM,MAA,2026-04-19 03:15:41.701,2026-04-19 05:10:41.701,01:55:00,115.0,BOM → MAA,2026-04-19,2026-04-19,3.0,5.0,False,Matched,19bd6375ab34461576ad6e4f0545542738c3af022e4f73d2bedf0e812dc5e43a,O***i,**********3793
B1565,P1703,AI243,2026-02-06 11:37:36.952,CANCELLED,20D,2.0,7243.49,0.0,Cancelled With Payment,UNKNOWN,BLR,BOM,2026-04-19 02:50:41.704,2026-04-19 05:09:41.704,02:19:00,139.0,BLR → BOM,2026-04-19,2026-04-19,2.0,5.0,False,Matched,05eab4037205fdbad8048c4ef6e4aa9ff935b0f66950dc4e2863b9b5a6406637,S***i,**********3185
B1566,P1496,SJ174,2025-10-08 11:37:36.952,CONFIRMED,29F,2.0,26394.47,0.0,No Issue,SpiceJet,CCU,DEL,2026-04-19 04:09:41.703,2026-04-19 05:04:41.703,00:55:00,55.0,CCU → DEL,2026-04-19,2026-04-19,4.0,5.0,False,Matched,929b517da2f662f3f1b9665859b93da7688edcba4bb2b6ab9271cc5c9e4045f8,O***n,**********6762
B1567,P1402,SJ079,2025-11-13 11:37:36.952,PENDING,9A,1.0,10982.24,0.0,No Issue,SpiceJet,HYD,DEL,2026-04-19 01:58:41.702,2026-04-19 05:02:41.702,03:04:00,184.0,HYD → DEL,2026-04-19,2026-04-19,1.0,5.0,False,Matched,ce3f5b0279ed8a4d956477239562bf89acbd0323928164d70632f60ae3d201c8,D***e,**********1070
B1568,P1322,UK097,2025-12-21 11:37:36.952,CONFIRMED,21A,1.0,0.0,1.0,Missing Payment Amount,Vistara,HYD,BOM,2026-04-19 00:49:41.702,2026-04-19 05:00:41.702,04:11:00,251.0,HYD → BOM,2026-04-19,2026-04-19,0.0,5.0,False,Matched,d2d204a15dc3e2877c25f03ef870931a760f025e6876ac2781f66d8e9d226e41,D***r,**********2658
B1569,P1209,AI013,2025-12-26 11:37:36.952,CANCELLED,14E,0.0,0.0,0.0,No Issue,Air India,HYD,BLR,2026-04-19 03:41:41.701,2026-04-19 04:58:41.701,01:17:00,77.0,HYD → BLR,2026-04-19,2026-04-19,3.0,4.0,False,Matched,aeafdcc07301c67a66fda887a166fa1ed496b3bdb12066c1d0dd0e670aaa49e5,K***a,**********3310
B1570,P1614,UK196,2025-11-21 11:37:36.952,CANCELLED,25E,2.0,15054.77,0.0,Cancelled With Payment,Vistara,BOM,HYD,2026-04-19 00:32:41.703,2026-04-19 04:49:41.703,04:17:00,257.0,BOM → HYD,2026-04-19,2026-04-19,0.0,4.0,False,Matched,46cd253d0ddfc280cd5e312a8b3b580aca96642e0d34b36353d2eb9a81413292,U***r,**********2605
B1571,P1328,SJ213,2025-11-06 11:37:36.952,CONFIRMED,2C,0.0,0.0,0.0,Confirmed Without Payment,SpiceJet,BOM,CCU,2026-04-19 01:19:41.703,2026-04-19 04:48:41.703,03:29:00,209.0,BOM → CCU,2026-04-19,2026-04-19,1.0,4.0,False,Matched,2c13d59651525445fcddba7bef8a8be50e3f77648e815c63b54236f994f5273a,G***a,**********7878
B1572,P1371,UK119,2025-05-26 11:37:36.952,CONFIRMED,5D,2.0,13849.86,1.0,Missing Payment Amount,Vistara,BOM,CCU,2026-04-19 00:21:41.702,2026-04-19 04:38:41.702,04:17:00,257.0,BOM → CCU,2026-04-19,2026-04-19,0.0,4.0,False,Matched,8685742643f91937706de31345b336e557bac1bbabf00b66d3281d4a065ce810,G***n,**********5075
B1573,P1459,AI043,2026-03-18 11:37:36.952,PENDING,19B,1.0,7629.97,0.0,No Issue,Air India,CCU,DEL,2026-04-19 00:28:41.701,2026-04-19 04:37:41.701,04:09:00,249.0,CCU → DEL,2026-04-19,2026-04-19,0.0,4.0,False,Matched,d508364ae4a65b26ecc74b7260994ccbc50a7a933a78c3c767527168f4f568ee,G***n,**********3229
B1574,P1132,AI043,2025-04-29 11:37:36.952,CANCELLED,18A,1.0,13905.05,0.0,Cancelled With Payment,Air India,CCU,DEL,2026-04-19 00:28:41.701,2026-04-19 04:37:41.701,04:09:00,249.0,CCU → DEL,2026-04-19,2026-04-19,0.0,4.0,False,Matched,354fc8f9c9f50c0459aa3c75d27bb7445e888d4bb1726ffbbcddb977f8f2b2a4,K***n,**********9310
B1575,P1834,AI143,2025-06-16 11:37:36.952,CANCELLED,2B,1.0,12516.91,0.0,Cancelled With Payment,Air India,CCU,DEL,2026-04-19 03:58:41.702,2026-04-19 04:36:41.702,00:38:00,38.0,CCU → DEL,2026-04-19,2026-04-19,3.0,4.0,False,Matched,589aa892161cb27c820ff093570e9e3e67b879eb1a0a78e5f618fceb3a03537d,F***s,**********6952
B1576,P1650,SJ032,2025-10-20 11:37:36.952,,6F,1.0,0.0,1.0,Missing Payment Amount,SpiceJet,MAA,BOM,2026-04-19 02:11:41.701,2026-04-19 04:33:41.701,02:22:00,142.0,MAA → BOM,2026-04-19,2026-04-19,2.0,4.0,False,Matched,b63b8cf743f305554c62b27a7fd12e1f2823347d4fa6b0ec57a9f547130417ba,N***a,**********0459
B1577,P1120,6F050,2026-01-24 11:37:36.952,CONFIRMED,23A,0.0,0.0,0.0,Confirmed Without Payment,IndiGo,DEL,BOM,2026-04-19 00:35:41.701,2026-04-19 04:32:41.701,03:57:00,237.0,DEL → BOM,2026-04-19,2026-04-19,0.0,4.0,False,Matched,68073d18015288515b531cd94747508bcb82979a66387b1bc6b69def38bfc1b2,P***l,**********7918
B1578,P1605,AI134,2025-12-25 11:37:36.952,PENDING,6B,3.0,4097.6900000000005,1.0,Missing Payment Amount,Air India,HYD,BOM,2026-04-19 00:28:41.702,2026-04-19 04:23:41.702,03:55:00,235.0,HYD → BOM,2026-04-19,2026-04-19,0.0,4.0,False,Matched,6b971d54c209110c30956bc63618e702194d39c491f79340cc36756fedbb658a,B***i,**********9506
B1579,P1451,6F182,2025-04-24 11:37:36.952,CONFIRMED,28E,2.0,9444.1,0.0,No Issue,IndiGo,BOM,CCU,2026-04-19 02:10:41.703,2026-04-19 04:18:41.703,02:08:00,128.0,BOM → CCU,2026-04-19,2026-04-19,2.0,4.0,False,Matched,0e5d2cb7117cad6aa05deaf99d73e6489a83aa853f426b892b603c6bb6ae1967,I***a,**********9676
B1580,P1964,SJ086,2025-10-08 11:37:36.952,CONFIRMED,20D,3.0,26625.059999999998,0.0,No Issue,SpiceJet,CCU,DEL,2026-04-19 00:32:41.702,2026-04-19 04:17:41.702,03:45:00,225.0,CCU → DEL,2026-04-19,2026-04-19,0.0,4.0,False,Matched,467cb9edc7f56b1e9650e98df33a3ae703f30fac072633f4533b7f01aae005c0,Y***a,**********8537
B1581,P1128,6F170,2025-08-06 11:37:36.952,CONFIRMED,3D,2.0,9514.99,1.0,Missing Payment Amount,IndiGo,HYD,DEL,2026-04-19 02:44:41.703,2026-04-19 04:14:41.703,01:30:00,90.0,HYD → DEL,2026-04-19,2026-04-19,2.0,4.0,False,Matched,8b38c8bc31f03a953051381a06cca4cd367789794989c90034b0b36e9aa8c336,M***m,**********9860
B1582,P1090,UK168,2025-04-24 11:37:36.952,PENDING,34B,1.0,13552.0,0.0,No Issue,Vistara,BLR,CCU,2026-04-19 03:20:41.703,2026-04-19 04:09:41.703,00:49:00,49.0,BLR → CCU,2026-04-19,2026-04-19,3.0,4.0,False,Matched,c828971554c2ca5652fe7f5489ee3a18957430ba20de3a192a36bdac455e956c,U***i,**********9275
B1583,P1603,SJ072,2026-02-22 11:37:36.952,,33D,0.0,0.0,0.0,No Issue,SpiceJet,DEL,HYD,2026-04-19 01:18:41.701,2026-04-19 04:08:41.701,02:50:00,170.0,DEL → HYD,2026-04-19,2026-04-19,1.0,4.0,False,Matched,60c30884aafb820739c8b489a1ba7b80ba746358480dd6550957c45bb7856d0a,I***i,**********0940
B1584,P1574,UK075,2025-04-28 11:37:36.952,CANCELLED,21C,2.0,26466.88,0.0,Cancelled With Payment,Vistara,MAA,CCU,2026-04-18 23:15:41.702,2026-04-19 03:54:41.702,04:39:00,279.0,MAA → CCU,2026-04-18,2026-04-19,23.0,3.0,True,Matched,8808199079ca16ac79a74160263a0cb2f5a2d082454aa4933068afb2fc095922,I***k,**********7633
B1585,P1028,6F233,2026-01-08 11:37:36.952,CANCELLED,1C,3.0,23517.699999999997,1.0,Missing Payment Amount,IndiGo,BLR,BOM,2026-04-18 23:56:41.704,2026-04-19 03:53:41.704,03:57:00,237.0,BLR → BOM,2026-04-18,2026-04-19,23.0,3.0,True,Matched,a594297ee416bbef8c48a7d52605e6b1896e8bb851a0048622ab676ee3663f03,U***i,**********9970
B1586,P1721,SJ143,2025-11-13 11:37:36.952,CANCELLED,25B,0.0,0.0,0.0,No Issue,SpiceJet,DEL,BOM,2026-04-19 02:55:41.702,2026-04-19 03:52:41.702,00:57:00,57.0,DEL → BOM,2026-04-19,2026-04-19,2.0,3.0,False,Matched,a691462429b9550d2a14e5b2c6abbda569dffeaab1ecea405e68a034d03e17b8,A***e,**********4180
B1587,P1523,SJ246,2025-06-28 11:37:36.952,PENDING,34E,1.0,11740.35,0.0,No Issue,SpiceJet,BOM,DEL,2026-04-19 02:47:41.704,2026-04-19 03:47:42.000,01:00:00.296000,60.0,BOM → DEL,2026-04-19,2026-04-19,2.0,3.0,False,Matched,5259c492c7710ba1213be024f1e71e562db86c51bb3e82f1b840c416d093801f,A***e,**********4298
B1588,P1332,SJ247,2025-11-04 11:37:36.952,CONFIRMED,10B,1.0,12810.22,0.0,No Issue,SpiceJet,DEL,BOM,2026-04-18 23:38:41.704,2026-04-19 03:43:41.704,04:05:00,245.0,DEL → BOM,2026-04-18,2026-04-19,23.0,3.0,True,Matched,2a4803305cd02857bbd9cbc896ea36dd6576ed5dc3dc5ca34bae43487663cf1c,A***e,**********1813
B1589,P1296,UK157,2025-08-31 11:37:36.952,PENDING,3D,3.0,29432.760000000002,0.0,No Issue,Vistara,CCU,BOM,2026-04-19 02:41:41.703,2026-04-19 03:41:42.000,01:00:00.297000,60.0,CCU → BOM,2026-04-19,2026-04-19,2.0,3.0,False,Matched,9a68f2fde5c292642af815fae1bf5237515c8efa9eeeca1589252999dcb09944,H***l,**********8641
B1590,P1129,UK069,2026-04-01 11:37:36.952,CONFIRMED,25B,1.0,1015.84,0.0,No Issue,Vistara,CCU,DEL,2026-04-19 01:10:41.701,2026-04-19 03:23:41.701,02:13:00,133.0,CCU → DEL,2026-04-19,2026-04-19,1.0,3.0,False,Matched,8665d4d18dca34d8e907b69724e21509aeb32d6b9f5443f6e937a296133ca88f,A***a,**********8124
B1591,P1292,AI106,2025-11-20 11:37:36.952,CANCELLED,8A,2.0,16833.8,0.0,Cancelled With Payment,Air India,HYD,BLR,2026-04-19 02:07:41.702,2026-04-19 03:20:41.702,01:13:00,73.0,HYD → BLR,2026-04-19,2026-04-19,2.0,3.0,False,Matched,c4a96038b4f9e9072673f93977eef98634a3b631eb3ad8f6da7a2126cf6e6363,L***n,**********3665
B1592,P1172,UK085,2025-11-17 11:37:36.952,CONFIRMED,24F,0.0,0.0,0.0,Confirmed Without Payment,Vistara,MAA,DEL,2026-04-19 02:15:41.702,2026-04-19 03:17:41.702,01:02:00,62.0,MAA → DEL,2026-04-19,2026-04-19,2.0,3.0,False,Matched,bfb12fa9d66b7690439d44a2ccb431ce616adac8c05658ff3227eb04ec5bf62e,E***r,**********0691
B1593,P1719,6F087,2025-09-24 11:37:36.952,,1A,0.0,0.0,0.0,No Issue,IndiGo,DEL,HYD,2026-04-18 23:24:41.702,2026-04-19 03:10:41.702,03:46:00,226.0,DEL → HYD,2026-04-18,2026-04-19,23.0,3.0,True,Matched,b6d47f8c80fa1004c544d744bdc3e1332f155cab682b02c88bcef88bb0b4779d,A***d,**********6311
B1594,P1943,AI067,2025-06-01 11:37:36.952,CONFIRMED,25E,1.0,1448.88,0.0,No Issue,Air India,HYD,DEL,2026-04-18 23:36:41.701,2026-04-19 03:09:41.701,03:33:00,213.0,HYD → DEL,2026-04-18,2026-04-19,23.0,3.0,True,Matched,aaea2ce38aa9005fdd29d85101918f87b2faf46637d0553d1aa9a5c6a8722d5a,T***i,**********0775
B1595,P1023,6F226,2026-01-07 11:37:36.952,PENDING,4E,2.0,24869.85,0.0,No Issue,IndiGo,DEL,BOM,2026-04-19 00:38:41.704,2026-04-19 02:55:41.704,02:17:00,137.0,DEL → BOM,2026-04-19,2026-04-19,0.0,2.0,False,Matched,171725b3e2f4f8a7b2f40c65ccd0302f4ae4e77948bf25d8698c989cc2888e3f,O***y,**********5375
B1596,P1098,SJ210,2025-12-20 11:37:36.952,CONFIRMED,15E,2.0,18020.9,0.0,No Issue,SpiceJet,HYD,CCU,2026-04-18 23:21:41.703,2026-04-19 02:54:41.703,03:33:00,213.0,HYD → CCU,2026-04-18,2026-04-19,23.0,2.0,True,Matched,34988969eee46e40feb29de238dc3b58d149a3671bbf308ab731266e412319c3,H***r,**********7815
B1597,P1405,6F269,2025-10-23 11:37:36.952,CONFIRMED,33A,2.0,19192.260000000002,0.0,No Issue,UNKNOWN,HYD,MAA,2026-04-19 01:30:41.702,2026-04-19 02:52:41.702,01:22:00,82.0,HYD → MAA,2026-04-19,2026-04-19,1.0,2.0,False,Matched,4a123b9d3137e4956275825f2c230b789b04f7fa1231444ac48cb53c53a884c3,K***i,**********6201
B1598,P1355,UK013,2026-01-02 11:37:36.952,CONFIRMED,11B,2.0,15978.23,0.0,No Issue,Vistara,BOM,MAA,2026-04-18 23:52:41.701,2026-04-19 02:52:41.701,03:00:00,180.0,BOM → MAA,2026-04-18,2026-04-19,23.0,2.0,True,Matched,77969c3eddb831d9b5e2ea3f984ced1d8f948afb9cd9ac28029623ba66691c99,E***d,**********4577
B1599,P1138,UK013,2025-09-30 11:37:36.952,PENDING,9E,0.0,0.0,0.0,No Issue,Vistara,BOM,MAA,2026-04-18 23:52:41.701,2026-04-19 02:52:41.701,03:00:00,180.0,BOM → MAA,2026-04-18,2026-04-19,23.0,2.0,True,Matched,1229af52a1691e215ecbea86802e9f45e89e5b7ff0f88e234532a081e7913281,C***l,**********6733
B1600,P1502,UK143,2025-07-20 11:37:36.952,PENDING,2C,2.0,24083.25,0.0,No Issue,Vistara,BLR,BOM,2026-04-19 01:34:41.703,2026-04-19 02:48:41.703,01:14:00,74.0,BLR → BOM,2026-04-19,2026-04-19,1.0,2.0,False,Matched,8b020d637180a2659678c41c72898733e8f9cb748080b70f0a8cb4938738ae3f,N***a,**********9966
B1601,P1825,6F262,2025-09-07 11:37:36.952,PENDING,28D,0.0,0.0,0.0,No Issue,UNKNOWN,MAA,DEL,2026-04-19 01:44:41.702,2026-04-19 02:47:41.702,01:03:00,63.0,MAA → DEL,2026-04-19,2026-04-19,1.0,2.0,False,Matched,401daf4031e0aac358f5c337d8430e1985e508a023734ec5285ae1a5b2c63f65,F***r,**********8100
B1602,P1173,6F042,2025-07-07 11:37:36.952,,2A,1.0,4028.21,0.0,No Issue,IndiGo,HYD,DEL,2026-04-18 22:35:41.701,2026-04-19 02:41:41.701,04:06:00,246.0,HYD → DEL,2026-04-18,2026-04-19,22.0,2.0,True,Matched,495450b9989e598c739c2f02a674028cc0678812711f4c1c70112c4877932d15,S***a,**********9344
B1603,P1028,SJ118,2025-12-06 11:37:36.952,CANCELLED,17E,0.0,0.0,0.0,No Issue,SpiceJet,DEL,BOM,2026-04-19 01:08:41.702,2026-04-19 02:33:41.702,01:25:00,85.0,DEL → BOM,2026-04-19,2026-04-19,1.0,2.0,False,Matched,9be67efa903416f26cb42d1fc017ccc25989f3bb44149385260380dc32125449,V***e,**********8468
B1604,P1930,SJ118,2025-11-17 11:37:36.952,CANCELLED,3C,0.0,0.0,0.0,No Issue,SpiceJet,DEL,BOM,2026-04-19 01:08:41.702,2026-04-19 02:33:41.702,01:25:00,85.0,DEL → BOM,2026-04-19,2026-04-19,1.0,2.0,False,Matched,def234c0b75c5d1ecb108bb9a591eb372afa4b0850c3ad4ab3bf6a4e980b5a18,O***n,**********9471
B1605,P1495,SJ082,2025-10-03 11:37:36.952,CANCELLED,6C,1.0,0.0,1.0,Missing Payment Amount,SpiceJet,BOM,DEL,2026-04-19 01:54:41.702,2026-04-19 02:33:41.702,00:39:00,39.0,BOM → DEL,2026-04-19,2026-04-19,1.0,2.0,False,Matched,1bb2de95b853a6df990f2d2c13b0360989174d7afd048bb270d098f3a57fedc1,T***a,**********8238
B1606,P1654,6F015,2025-07-18 11:37:36.952,CONFIRMED,23E,3.0,21087.41,0.0,No Issue,IndiGo,BOM,CCU,2026-04-18 23:39:41.701,2026-04-19 02:27:41.701,02:48:00,168.0,BOM → CCU,2026-04-18,2026-04-19,23.0,2.0,True,Matched,35ffd069ac415985455607c754d59f4b89da1c838ec1b51f0d88dee5ebdc0767,I***i,**********0192
B1607,P1827,AI101,2026-02-02 11:37:36.952,,30F,2.0,13086.08,0.0,No Issue,Air India,DEL,BLR,2026-04-18 23:20:41.702,2026-04-19 02:23:41.702,03:03:00,183.0,DEL → BLR,2026-04-18,2026-04-19,23.0,2.0,True,Matched,31903349f1c2eba85905c923ffa2e9a8cf6d605d128cc9cc8a41d9eb28a9da10,Q***y,**********3146
B1608,P1350,SJ110,2025-06-28 11:37:36.952,CANCELLED,10B,0.0,0.0,0.0,No Issue,SpiceJet,CCU,DEL,2026-04-19 01:47:41.702,2026-04-19 02:20:41.702,00:33:00,33.0,CCU → DEL,2026-04-19,2026-04-19,1.0,2.0,False,Matched,19cc3241f12ff2d8e0adc3c77125d7fcd74ab3bd530c4fed2352588bf608123c,B***r,**********6165
B1609,P1553,SJ042,2025-10-21 11:37:36.952,CANCELLED,19D,0.0,0.0,0.0,No Issue,SpiceJet,HYD,CCU,2026-04-18 22:38:41.701,2026-04-19 02:20:41.701,03:42:00,222.0,HYD → CCU,2026-04-18,2026-04-19,22.0,2.0,True,Matched,5af0cd586be384f47f22b1029b6ca4ba29f537c07be6cef04e2e53c87624ee89,D***h,**********5414
B1610,P1298,6F145,2025-10-13 11:37:36.952,CONFIRMED,27A,1.0,5809.44,0.0,No Issue,IndiGo,CCU,DEL,2026-04-19 01:02:41.703,2026-04-19 02:18:41.703,01:16:00,76.0,CCU → DEL,2026-04-19,2026-04-19,1.0,2.0,False,Matched,0d14865cc37b5496709db82f46fa8886391c80eda7f2308a71d3121ed4e14d20,T***a,**********3593
B1611,P1719,UK029,2026-01-05 11:37:36.952,CANCELLED,14C,2.0,22397.64,0.0,Cancelled With Payment,Vistara,DEL,BOM,2026-04-18 23:26:41.701,2026-04-19 02:15:41.701,02:49:00,169.0,DEL → BOM,2026-04-18,2026-04-19,23.0,2.0,True,Matched,bc83cd7d4f7b2e69a00ea3d6a6328ac81ee1499addce04e31f7135b4208d6c04,C***e,**********4892
B1612,P1841,SJ200,2025-04-18 11:37:36.952,CANCELLED,28C,0.0,0.0,0.0,No Issue,SpiceJet,BOM,DEL,2026-04-18 23:24:41.703,2026-04-19 02:11:41.703,02:47:00,167.0,BOM → DEL,2026-04-18,2026-04-19,23.0,2.0,True,Matched,362f1c4c29ca8172ad830b53c14a432d98a7888badbaabc38883d3e4993ef317,S***a,**********3103
B1613,P1944,SJ209,2026-01-29 11:37:36.952,CONFIRMED,6A,2.0,16309.3,0.0,No Issue,SpiceJet,BLR,BOM,2026-04-18 22:22:41.703,2026-04-19 02:03:41.703,03:41:00,221.0,BLR → BOM,2026-04-18,2026-04-19,22.0,2.0,True,Matched,36f3e7a69bc2d13790e8a894c66562871a911115668d3cb98ac88eacdeb61089,S***n,**********0449
B1614,P1191,AI116,2025-05-11 11:37:36.952,,30B,2.0,8965.77,0.0,No Issue,Air India,CCU,BOM,2026-04-18 22:30:41.702,2026-04-19 01:57:41.702,03:27:00,207.0,CCU → BOM,2026-04-18,2026-04-19,22.0,1.0,True,Matched,0ce6ea43c344e22757535d637930bcd151258570338b269cd62e9c619df19cec,A***n,**********0528
B1615,P1671,6F117,2025-05-23 11:37:36.952,CANCELLED,33B,2.0,13670.64,0.0,Cancelled With Payment,IndiGo,CCU,DEL,2026-04-19 00:46:41.702,2026-04-19 01:51:41.702,01:05:00,65.0,CCU → DEL,2026-04-19,2026-04-19,0.0,1.0,False,Matched,1e8011c366fcb76760042a444e32c9f3ed0753ec855fad78672b049b4d8a168a,F***r,**********8111
B1616,P1063,SJ181,2025-12-23 11:37:36.952,PENDING,17A,0.0,0.0,0.0,No Issue,SpiceJet,BOM,BLR,2026-04-19 00:20:41.703,2026-04-19 01:49:41.703,01:29:00,89.0,BOM → BLR,2026-04-19,2026-04-19,0.0,1.0,False,Matched,98281bd664be8df030f4a802f10ee4e2d73a3c7519a0dffb1538db7f2e14a405,A***k,**********1327
B1617,P1754,AI070,2025-05-10 11:37:36.952,,18A,1.0,12237.51,0.0,No Issue,Air India,CCU,DEL,2026-04-19 00:05:41.702,2026-04-19 01:44:41.702,01:39:00,99.0,CCU → DEL,2026-04-19,2026-04-19,0.0,1.0,False,Matched,21f4515e5e25841deac42b4b7a7ab82622d6acc519bf75e5cdbcd21cd83df256,Q***l,**********8704
B1618,P1769,AI070,2026-01-19 11:37:36.952,CONFIRMED,1B,1.0,6904.57,0.0,No Issue,Air India,CCU,DEL,2026-04-19 00:05:41.702,2026-04-19 01:44:41.702,01:39:00,99.0,CCU → DEL,2026-04-19,2026-04-19,0.0,1.0,False,Matched,a74fb0fb0ef754576acafd952f52601c6b8c4bdadb1ee91032b525c18961e42e,K***i,**********9430
B1619,P1663,UK042,2026-02-05 11:37:36.952,PENDING,13A,3.0,33652.61,0.0,No Issue,Vistara,MAA,BOM,2026-04-18 20:59:41.701,2026-04-19 01:38:41.701,04:39:00,279.0,MAA → BOM,2026-04-18,2026-04-19,20.0,1.0,True,Matched,35f6b0b3061afb9ecd49547631aeab3ab63636d893f2b098cbdbb64f4df2293b,V***a,**********2740
B1620,P1214,AI169,2026-02-24 11:37:36.952,PENDING,1B,4.0,33808.97,0.0,No Issue,Air India,CCU,DEL,2026-04-18 21:21:41.703,2026-04-19 01:34:41.703,04:13:00,253.0,CCU → DEL,2026-04-18,2026-04-19,21.0,1.0,True,Matched,d565b8fae932abe0ab78f3d66e622c64933f9d11ed355e3b20c7046d61958874,I***a,**********9727
B1621,P1833,6F021,2025-12-21 11:37:36.952,PENDING,27A,2.0,11805.25,0.0,No Issue,IndiGo,BLR,MAA,2026-04-18 21:23:41.701,2026-04-19 01:25:41.701,04:02:00,242.0,BLR → MAA,2026-04-18,2026-04-19,21.0,1.0,True,Matched,5e348003290cc55802633c6b7c925a2f32abe5d0993eddbbb87f941fc446581a,M***k,**********3445
B1622,P1165,SJ046,2025-06-23 11:37:36.952,PENDING,19F,3.0,36638.7,0.0,No Issue,SpiceJet,BOM,MAA,2026-04-18 22:01:41.701,2026-04-19 01:25:41.701,03:24:00,204.0,BOM → MAA,2026-04-18,2026-04-19,22.0,1.0,True,Matched,0b6e015de6f981476050ecaba97e69c3e347e11d93177ce8a6628a2458d03dcc,R***l,**********2713
B1623,P1542,AI211,2025-08-17 11:37:36.952,CANCELLED,22B,4.0,37128.79,0.0,Cancelled With Payment,Air India,DEL,CCU,2026-04-18 23:34:41.703,2026-04-19 01:21:41.703,01:47:00,107.0,DEL → CCU,2026-04-18,2026-04-19,23.0,1.0,True,Matched,b36653540e86085dd458cff345f5505a6aea923ea93910e069d467eca88d56d3,T***t,**********0353
B1624,P1882,SJ091,2025-12-20 11:37:36.952,CANCELLED,34F,0.0,0.0,0.0,No Issue,SpiceJet,BLR,CCU,2026-04-18 23:10:41.702,2026-04-19 00:47:41.702,01:37:00,97.0,BLR → CCU,2026-04-18,2026-04-19,23.0,0.0,True,Matched,4aa292eccc639cea3e43735013e104b18448ce780c3df929eef27c3bdf3875e6,D***i,**********5944
B1625,P1231,AI123,2026-04-05 11:37:36.952,PENDING,7D,0.0,0.0,0.0,No Issue,Air India,MAA,BOM,2026-04-18 22:19:41.702,2026-04-19 00:45:41.702,02:26:00,146.0,MAA → BOM,2026-04-18,2026-04-19,22.0,0.0,True,Matched,165b745f5ed02eebbd44517b434a5068bd6d56f343b0f79698c102c568103beb,N***i,**********8999
B1626,P1793,6F053,2025-04-17 11:37:36.952,CANCELLED,25C,1.0,7859.04,0.0,Cancelled With Payment,IndiGo,DEL,HYD,2026-04-18 20:26:41.701,2026-04-19 00:39:41.701,04:13:00,253.0,DEL → HYD,2026-04-18,2026-04-19,20.0,0.0,True,Matched,bfb888771f3080fdde82ec55a46ca6e9c2aaf00343473cf379483198de2db70a,B***r,**********3732
B1627,P1540,UK012,2026-01-09 11:37:36.952,PENDING,27E,2.0,23952.61,0.0,No Issue,Vistara,MAA,BOM,2026-04-18 22:16:41.701,2026-04-19 00:25:41.701,02:09:00,129.0,MAA → BOM,2026-04-18,2026-04-19,22.0,0.0,True,Matched,77d9cefc7cced9b07aca5cce887b0a1791a5aa19689d25fd00aac9224683bfa3,N***l,**********8394
B1628,P1194,6F023,2025-11-25 11:37:36.952,PENDING,33A,1.0,1971.53,0.0,No Issue,IndiGo,MAA,BLR,2026-04-18 20:18:41.701,2026-04-19 00:14:41.701,03:56:00,236.0,MAA → BLR,2026-04-18,2026-04-19,20.0,0.0,True,Matched,e660354dbd4dbdb97609351b6566aae0af518354a0cb04b34b0d75d4c8081626,E***g,**********1638
B1629,P1505,AI250,2026-01-02 11:37:36.952,CONFIRMED,11A,0.0,0.0,0.0,Confirmed Without Payment,UNKNOWN,BOM,CCU,2026-04-18 20:48:41.704,2026-04-19 00:12:41.704,03:24:00,204.0,BOM → CCU,2026-04-18,2026-04-19,20.0,0.0,True,Matched,4142e92c8dd6278b20696b25930b548f1257a21d80355d86fccdb8c2518db85c,T***k,**********5072
B1630,P1333,AI238,2026-04-07 11:37:36.952,PENDING,26F,1.0,11475.88,0.0,No Issue,Air India,CCU,MAA,2026-04-18 19:25:41.704,2026-04-19 00:07:41.704,04:42:00,282.0,CCU → MAA,2026-04-18,2026-04-19,19.0,0.0,True,Matched,fc03e909e8a5710c6eea82fb20d708794049f993c9a7f0138dee4ced49d44559,G***r,**********2269
B1631,P1767,UK096,2026-02-17 11:37:36.952,CANCELLED,24F,2.0,17514.41,0.0,Cancelled With Payment,Vistara,BLR,HYD,2026-04-18 22:11:41.702,2026-04-19 00:06:41.702,01:55:00,115.0,BLR → HYD,2026-04-18,2026-04-19,22.0,0.0,True,Matched,4adfeb15fe587f60bda9c9cb1fe445c8b18f49e81ca5c3d9fb3244a2b3ecbbc3,H***i,**********8353
B1632,P1792,UK126,2026-03-30 11:37:36.952,PENDING,1D,1.0,11397.25,0.0,No Issue,Vistara,CCU,DEL,2026-04-18 22:37:41.702,2026-04-19 00:03:41.702,01:26:00,86.0,CCU → DEL,2026-04-18,2026-04-19,22.0,0.0,True,Matched,5a2fd0bac26c9c553a7cf0e79d0dda235fb909aaf13ee975f958d7af28bf7605,R***n,**********0781
B1633,P1303,SJ195,2025-08-30 11:37:36.952,CONFIRMED,8E,0.0,0.0,0.0,Confirmed Without Payment,SpiceJet,BOM,CCU,2026-04-18 20:41:41.703,2026-04-18 23:54:41.703,03:13:00,193.0,BOM → CCU,2026-04-18,2026-04-18,20.0,23.0,False,Matched,b2d7cffcbe296ffe43b48c5a281559d1739bcc8024698888ada73e29bbc2de68,F***a,**********1769
B1634,P1832,SJ171,2025-12-25 11:37:36.952,CANCELLED,1C,0.0,0.0,0.0,No Issue,SpiceJet,DEL,HYD,2026-04-18 20:52:41.703,2026-04-18 23:52:41.703,03:00:00,180.0,DEL → HYD,2026-04-18,2026-04-18,20.0,23.0,False,Matched,2a5178901251bcd2883d370bc10b7e38b1934a0d3905ac55254d75285f032b45,D***i,**********5198
B1635,P1436,AI136,2025-08-14 11:37:36.952,,7C,0.0,0.0,0.0,No Issue,Air India,BLR,DEL,2026-04-18 20:29:41.702,2026-04-18 23:48:41.702,03:19:00,199.0,BLR → DEL,2026-04-18,2026-04-18,20.0,23.0,False,Matched,b309beb7f6765ec7d94e10bdf9eb3f5c38a82b52fc5cfc4e7b4b8e7460500321,T***h,**********1859
B1636,P1322,SJ192,2025-05-27 11:37:36.952,CONFIRMED,22B,1.0,14700.1,0.0,No Issue,SpiceJet,HYD,BOM,2026-04-19 18:45:42.000,2026-04-19 23:45:42.000,1899-12-29 05:00:00,300.0,HYD → BOM,2026-04-19,2026-04-19,18.0,23.0,False,Matched,4c07947ec29f9f8eb077fd497bfd2d722ec2e62ab6774deaa7b8d25247f195f0,O***e,**********4980
B1637,P1501,6F035,2025-12-01 11:37:36.952,PENDING,27C,3.0,25470.66,0.0,No Issue,IndiGo,CCU,HYD,2026-04-18 19:16:41.701,2026-04-18 23:40:41.701,04:24:00,264.0,CCU → HYD,2026-04-18,2026-04-18,19.0,23.0,False,Matched,9ef28d67266b2b8587e9e069b8d59e33c43eea740790da2bf017af169b8e86a5,Y***r,**********0528
B1638,P1857,UK088,2026-02-23 11:37:36.952,CONFIRMED,22C,0.0,0.0,0.0,Confirmed Without Payment,UNKNOWN,MAA,BLR,2026-04-18 19:16:41.702,2026-04-18 23:36:41.702,04:20:00,260.0,MAA → BLR,2026-04-18,2026-04-18,19.0,23.0,False,Matched,3b1ba257ab17e50995fc934a9d9fe7cf1a43d14fc63619dab231293e2c0570b2,Y***i,**********4781
B1639,P1913,6F009,2025-09-14 11:37:36.952,CONFIRMED,24E,2.0,6069.3,0.0,No Issue,IndiGo,BLR,CCU,2026-04-18 20:21:41.701,2026-04-18 23:36:41.701,03:15:00,195.0,BLR → CCU,2026-04-18,2026-04-18,20.0,23.0,False,Matched,99a304cb3a4f0714213282c70900746dd74004f058691ab972deb7187fd28f4f,I***l,**********3873
B1640,P1392,6F004,2026-01-28 11:37:36.952,CANCELLED,30B,0.0,0.0,0.0,No Issue,IndiGo,BOM,CCU,2026-04-18 19:53:41.701,2026-04-18 23:33:41.701,03:40:00,220.0,BOM → CCU,2026-04-18,2026-04-18,19.0,23.0,False,Matched,0dfa3d2dc8c7955279553fd9b434969d6ea71290b779f541137cdbd95539c0a8,M***r,**********4451
B1641,P1805,UK122,2026-03-27 11:37:36.952,,28D,1.0,14953.42,0.0,No Issue,Vistara,HYD,CCU,2026-04-18 20:29:42.000,2026-04-18 23:29:42.000,03:00:00,180.0,HYD → CCU,2026-04-18,2026-04-18,20.0,23.0,False,Matched,a5a177db9d351cbfa115988e10cc1ab9d4e3cc237371f779459d05acd1e79c96,H***a,**********9571
B1642,P1598,AI251,2026-02-15 11:37:36.952,PENDING,4E,1.0,6919.99,0.0,No Issue,Air India,MAA,DEL,2026-04-18 22:40:41.704,2026-04-18 23:24:41.704,00:44:00,44.0,MAA → DEL,2026-04-18,2026-04-18,22.0,23.0,False,Matched,8e5bb2f1f092aa3218c9dda46065b9191625d1d6ffea0b069ab14f9d9e76cf38,A***a,**********6644
B1643,P1148,AI027,2026-02-04 11:37:36.952,PENDING,14A,0.0,0.0,0.0,No Issue,Air India,BOM,MAA,2026-04-18 19:41:41.701,2026-04-18 23:23:41.701,03:42:00,222.0,BOM → MAA,2026-04-18,2026-04-18,19.0,23.0,False,Matched,21f4ba7013f69a4083864f0d557ab6a857ce19dbe63bcea75dedfcbe5240fdb8,O***a,**********3774
B1644,P1760,SJ165,2025-10-20 11:37:36.952,PENDING,20E,1.0,10406.49,0.0,No Issue,SpiceJet,CCU,BOM,2026-04-18 20:08:41.703,2026-04-18 23:18:41.703,03:10:00,190.0,CCU → BOM,2026-04-18,2026-04-18,20.0,23.0,False,Matched,7f89177d2919ec57ebb0ce955bee9a7ebd010dab10f3dfbc9d05d11bda65cb95,F***l,**********5792
B1645,P1832,UK081,2025-08-16 11:37:36.952,CONFIRMED,17D,1.0,2308.55,0.0,No Issue,UNKNOWN,BLR,DEL,2026-04-18 22:00:41.702,2026-04-18 23:00:41.702,01:00:00,60.0,BLR → DEL,2026-04-18,2026-04-18,22.0,23.0,False,Matched,0bd50d55d21c694559257336b2f109adcb559c4e48c99ef5d56abd6d3ed7e08b,W***y,**********7529
B1646,P1404,UK191,2025-09-27 11:37:36.952,CANCELLED,28C,2.0,22654.88,0.0,Cancelled With Payment,Vistara,MAA,BLR,2026-04-18 21:51:41.703,2026-04-18 22:57:41.703,01:06:00,66.0,MAA → BLR,2026-04-18,2026-04-18,21.0,22.0,False,Matched,dcb3450557115d32760688a0eddf65b4d433b3182cb7c82ee4a4059d0926c414,S***u,**********4076
B1647,P1282,SJ188,2025-11-06 11:37:36.952,PENDING,14F,2.0,17320.63,0.0,No Issue,SpiceJet,BLR,BOM,2026-04-18 22:15:41.703,2026-04-18 22:55:41.703,00:40:00,40.0,BLR → BOM,2026-04-18,2026-04-18,22.0,22.0,False,Matched,2a3d133a580f0244d5055aeb03d5861b48c0db66700c2255a4f87a4cb369f087,D***a,**********0840
B1648,P1361,6F016,2025-08-09 11:37:36.952,CONFIRMED,33D,1.0,3484.04,0.0,No Issue,IndiGo,HYD,BOM,2026-04-18 22:18:41.701,2026-04-18 22:54:41.701,00:36:00,36.0,HYD → BOM,2026-04-18,2026-04-18,22.0,22.0,False,Matched,4ccbef63e0bdf9971c5a0271cf1e1c51066678819b1184857fd3d837f00b2aa7,R***r,**********8368
B1649,P1378,6F064,2026-04-05 11:37:36.952,PENDING,4F,2.0,28108.05,0.0,No Issue,IndiGo,CCU,DEL,2026-04-18 21:45:41.701,2026-04-18 22:50:41.701,01:05:00,65.0,CCU → DEL,2026-04-18,2026-04-18,21.0,22.0,False,Matched,ec7e3cc1e6cc47310a6c5b8045529e83c9e37d3d0e5a208f8aedd7efc36c3eba,U***e,**********3414
B1650,P1197,SJ105,2026-04-03 11:37:36.952,,10D,0.0,0.0,0.0,No Issue,SpiceJet,BOM,HYD,2026-04-18 19:22:41.702,2026-04-18 22:48:41.702,03:26:00,206.0,BOM → HYD,2026-04-18,2026-04-18,19.0,22.0,False,Matched,d3fb11aa8268cf78159b56a1922d5bc35b93b2f1da7422853f8ba1a95a1cd4bd,C***j,**********1933
B1651,P1555,SJ054,2025-09-09 11:37:36.952,CANCELLED,21B,1.0,6941.55,0.0,Cancelled With Payment,SpiceJet,MAA,BLR,2026-04-18 18:13:41.701,2026-04-18 22:46:41.701,04:33:00,273.0,MAA → BLR,2026-04-18,2026-04-18,18.0,22.0,False,Matched,a7c92440f67553788ac51a3006d3f594190690c8c4e318ef94f2fce31af98b4d,D***y,**********8199
B1652,P1355,6F197,2025-12-19 11:37:36.952,PENDING,23C,4.0,21520.53,0.0,No Issue,IndiGo,BOM,BLR,2026-04-18 17:59:41.703,2026-04-18 22:44:41.703,04:45:00,285.0,BOM → BLR,2026-04-18,2026-04-18,17.0,22.0,False,Matched,cdd97d2f70f6382d57ae8705afa5a49f53bf2dc246c0b8d0ce00cda359a9dd5e,Y***h,**********0269
B1653,P1539,AI040,2026-03-26 11:37:36.952,CANCELLED,31B,1.0,10350.94,0.0,Cancelled With Payment,Air India,HYD,BLR,2026-04-18 21:01:41.701,2026-04-18 22:42:41.701,01:41:00,101.0,HYD → BLR,2026-04-18,2026-04-18,21.0,22.0,False,Matched,9eeee144b1866f99b0d2df76e443f52e0b981aa4c44047b59ba9b1011a57242e,D***y,**********4504
B1654,P1428,AI131,2025-08-14 11:37:36.952,,31A,1.0,12116.85,0.0,No Issue,Air India,MAA,BOM,2026-04-18 19:55:41.702,2026-04-18 22:35:41.702,02:40:00,160.0,MAA → BOM,2026-04-18,2026-04-18,19.0,22.0,False,Matched,3dbbdc54cf78fa74627153f9f3c73db5a5f4dd5a26659be8d94c6c0f536f2034,S***d,**********6787
B1655,P1016,6F141,2025-10-09 11:37:36.952,PENDING,7D,0.0,0.0,0.0,No Issue,IndiGo,BOM,CCU,2026-04-18 20:26:41.702,2026-04-18 22:28:41.702,02:02:00,122.0,BOM → CCU,2026-04-18,2026-04-18,20.0,22.0,False,Matched,ec748ee3966e242dd071b616eb2b3950c4a0823a507fb366c1d452aae80738ee,D***y,**********4650
B1656,P1638,UK035,2025-05-12 11:37:36.952,CONFIRMED,26E,1.0,9174.46,0.0,No Issue,Vistara,HYD,BOM,2026-04-18 21:08:41.701,2026-04-18 22:24:41.701,01:16:00,76.0,HYD → BOM,2026-04-18,2026-04-18,21.0,22.0,False,Matched,41b998aba0b892c7848107ad75833c47cf0cf1efdabcfd7590b8913089a38a62,B***e,**********9841
B1657,P1378,AI005,2025-08-28 11:37:36.952,CONFIRMED,12B,1.0,11326.44,0.0,No Issue,Air India,DEL,CCU,2026-04-18 21:24:41.701,2026-04-18 22:11:41.701,00:47:00,47.0,DEL → CCU,2026-04-18,2026-04-18,21.0,22.0,False,Matched,180ed27dc9100f4b46748fc0136ae279e50a681b9db2c0d4e0423188495b031b,G***i,**********9851
B1658,P1679,AI001,2025-06-22 11:37:36.952,CONFIRMED,18D,0.0,0.0,0.0,Confirmed Without Payment,Air India,DEL,HYD,2026-04-18 19:00:41.700,2026-04-18 22:03:41.700,03:03:00,183.0,DEL → HYD,2026-04-18,2026-04-18,19.0,22.0,False,Matched,c2c3095f7f47e91accb93424ab2f8d55635f6920ef2a8a20ee31dbf6af331d93,L***e,**********5091
B1659,P1505,UK211,2026-01-17 11:37:36.952,PENDING,6D,0.0,0.0,0.0,No Issue,Vistara,MAA,CCU,2026-04-18 20:39:41.704,2026-04-18 22:02:41.704,01:23:00,83.0,MAA → CCU,2026-04-18,2026-04-18,20.0,22.0,False,Matched,57d6033ba5fe53db82a5838d6b9456095b179c9d3f7350feabc515c28acb4c15,B***a,**********1131
B1660,P1755,SJ189,2026-04-04 11:37:36.952,CANCELLED,12D,2.0,5033.75,1.0,Missing Payment Amount,SpiceJet,HYD,BLR,2026-04-18 17:05:41.703,2026-04-18 22:01:41.703,04:56:00,296.0,HYD → BLR,2026-04-18,2026-04-18,17.0,22.0,False,Matched,93771791c943605c56fd329f1c855f615facbd8e925cb36c21fcfaca8f9545e8,R***y,**********4370
B1661,P1898,UK006,2025-04-21 11:37:36.952,PENDING,18D,2.0,20979.510000000002,0.0,No Issue,Vistara,MAA,CCU,2026-04-18 20:16:41.701,2026-04-18 21:55:41.701,01:39:00,99.0,MAA → CCU,2026-04-18,2026-04-18,20.0,21.0,False,Matched,4f34bb1dd5c1aac2dbf2cac678d864b1bd910390b2a09a763cf5957b1e16bc7b,V***r,**********6864
B1662,P1075,6F189,2025-10-13 11:37:36.952,CONFIRMED,17A,1.0,9168.1,0.0,No Issue,IndiGo,MAA,BLR,2026-04-18 20:08:41.703,2026-04-18 21:51:41.703,01:43:00,103.0,MAA → BLR,2026-04-18,2026-04-18,20.0,21.0,False,Matched,6eab22ee2340440216b5b46852f6702c6251519f3338ab166da7dbe69c2bf9e0,M***a,**********8498
B1663,P1230,AI133,2025-05-16 11:37:36.952,CANCELLED,15B,6.0,66885.47,0.0,Cancelled With Payment,Air India,DEL,CCU,2026-04-18 19:12:41.702,2026-04-18 21:32:41.702,02:20:00,140.0,DEL → CCU,2026-04-18,2026-04-18,19.0,21.0,False,Matched,180d2539362f06e6fcef368043fdadc847e0e419fd4ac9943463d294aafbff33,S***n,**********6291
B1664,P1715,SJ216,2025-11-08 11:37:36.952,CONFIRMED,25B,0.0,0.0,0.0,Confirmed Without Payment,SpiceJet,BOM,CCU,2026-04-18 18:35:41.703,2026-04-18 21:31:41.703,02:56:00,176.0,BOM → CCU,2026-04-18,2026-04-18,18.0,21.0,False,Matched,48bc740d5cd7931c759fa7354a4e778dad19f4782826d09da2a8fea6fa562b06,H***d,**********3111
B1665,P1961,SJ133,2026-03-04 11:37:36.952,CANCELLED,29D,1.0,13434.66,0.0,Cancelled With Payment,SpiceJet,BOM,CCU,2026-04-18 18:50:41.702,2026-04-18 21:29:41.702,02:39:00,159.0,BOM → CCU,2026-04-18,2026-04-18,18.0,21.0,False,Matched,23b39a585f3e43b6fa5ca3bda306679bd7fcdd013f3f1d5fe61ef3eaef2456a8,Y***a,**********0703
B1666,P1247,UK082,2026-03-05 11:37:36.952,PENDING,32C,1.0,4184.87,0.0,No Issue,Vistara,DEL,BOM,2026-04-18 16:50:41.702,2026-04-18 21:21:41.702,04:31:00,271.0,DEL → BOM,2026-04-18,2026-04-18,16.0,21.0,False,Matched,98c0dcb3e2837662543ffcfc0b2c8091e52cf4c854db339f741d0cdfe57b17da,B***a,**********0106
B1667,P1301,6F136,2026-02-16 11:37:36.952,CANCELLED,32C,0.0,0.0,0.0,No Issue,IndiGo,CCU,DEL,2026-04-18 20:24:41.702,2026-04-18 21:01:41.702,00:37:00,37.0,CCU → DEL,2026-04-18,2026-04-18,20.0,21.0,False,Matched,20e8c56e6c76ef8e908e9006f270974c367e303585d8bf61c25ff89701f36faf,R***a,**********0625
B1668,P1725,6F039,2025-04-30 11:37:36.952,PENDING,3B,0.0,0.0,0.0,No Issue,IndiGo,MAA,CCU,2026-04-18 16:43:41.701,2026-04-18 21:01:41.701,04:18:00,258.0,MAA → CCU,2026-04-18,2026-04-18,16.0,21.0,False,Matched,08542579bc6c9a81fa147f521c06c1e73a91b5cfaef4dc81dbc6d26f9978a8aa,N***a,**********9908
B1669,P1214,AI011,2025-06-16 11:37:36.952,CONFIRMED,3E,0.0,0.0,0.0,Confirmed Without Payment,Air India,CCU,BOM,2026-04-18 16:58:41.701,2026-04-18 21:01:41.701,04:03:00,243.0,CCU → BOM,2026-04-18,2026-04-18,16.0,21.0,False,Matched,76c9be4589d3d2ea7af44bf648d90c2f4a3825119a1f343bbd5d06f3e541ffb2,K***l,**********6069
B1670,P1157,SJ225,2025-05-12 11:37:36.952,CANCELLED,16C,0.0,0.0,0.0,No Issue,UNKNOWN,DEL,HYD,2026-04-18 18:16:41.704,2026-04-18 20:53:41.704,02:37:00,157.0,DEL → HYD,2026-04-18,2026-04-18,18.0,20.0,False,Matched,cb964c0495c097ea1d8cf3f134a8fcebe47080f10ee6e65de7e5784cf32515a0,L***e,**********1026
B1671,P1068,SJ024,2025-07-08 11:37:36.952,CONFIRMED,22C,0.0,0.0,0.0,Confirmed Without Payment,SpiceJet,DEL,MAA,2026-04-18 16:29:41.701,2026-04-18 20:21:41.701,03:52:00,232.0,DEL → MAA,2026-04-18,2026-04-18,16.0,20.0,False,Matched,e2af476ea74868e91cff727f20fa729cc658d10be935444c80e18c48e773b3da,H***n,**********8950
B1672,P1392,AI109,2025-08-01 11:37:36.952,CANCELLED,14E,1.0,6895.9,0.0,Cancelled With Payment,Air India,BLR,BOM,2026-04-18 15:53:41.702,2026-04-18 20:14:41.702,04:21:00,261.0,BLR → BOM,2026-04-18,2026-04-18,15.0,20.0,False,Matched,650128205a4c56282bb499374f986a0a00147acd99d1752c8206128142604375,G***i,**********1994
B1673,P1084,AI147,2025-06-12 11:37:36.952,,28B,0.0,0.0,0.0,No Issue,Air India,HYD,CCU,2026-04-18 18:14:41.703,2026-04-18 20:10:41.703,01:56:00,116.0,HYD → CCU,2026-04-18,2026-04-18,18.0,20.0,False,Matched,823745f06bee486452ed54941a0896edab25d433ac003559eaa00fee2dbe983e,F***a,**********2711
B1674,P1266,UK057,2025-11-03 11:37:36.952,CANCELLED,18C,0.0,0.0,0.0,No Issue,Vistara,CCU,DEL,2026-04-18 15:25:41.701,2026-04-18 20:04:41.701,04:39:00,279.0,CCU → DEL,2026-04-18,2026-04-18,15.0,20.0,False,Matched,dd3467605c235ed48e0e6dc9e96975bf446f633c432626d5068230bd0b7bf280,L***r,**********5782
B1675,P1068,6F111,2025-08-01 11:37:36.952,CANCELLED,9A,0.0,0.0,0.0,No Issue,IndiGo,HYD,DEL,2026-04-18 17:09:41.702,2026-04-18 20:02:41.702,02:53:00,173.0,HYD → DEL,2026-04-18,2026-04-18,17.0,20.0,False,Matched,a7cec80fbdbc1c3be346c196dcd5d1a4a98ec4b1b59e2d2f9de745a586d2c689,Z***r,**********1692
B1676,P1610,AI197,2026-04-14 11:37:36.952,PENDING,24C,2.0,26552.82,0.0,No Issue,Air India,BOM,CCU,2026-04-18 16:25:41.703,2026-04-18 20:00:41.703,03:35:00,215.0,BOM → CCU,2026-04-18,2026-04-18,16.0,20.0,False,Matched,9111e950c2dccf9abc029c423d8bdcae94696130304dbce78af0b947bca9ba95,G***b,**********1522
B1677,P1346,UK127,2026-01-31 11:37:36.952,PENDING,29C,2.0,19599.18,0.0,No Issue,Vistara,BOM,HYD,2026-04-18 15:56:41.702,2026-04-18 20:00:41.702,04:04:00,244.0,BOM → HYD,2026-04-18,2026-04-18,15.0,20.0,False,Matched,84a57e583b3fc3fc3c7008e4fcdf8bd053622942ab0ac54e9938c428a09f81b0,L***a,**********6384
B1678,P1961,6F240,2025-12-31 11:37:36.952,PENDING,24B,1.0,3831.88,0.0,No Issue,IndiGo,DEL,HYD,2026-04-18 15:31:41.704,2026-04-18 19:56:41.704,04:25:00,265.0,DEL → HYD,2026-04-18,2026-04-18,15.0,19.0,False,Matched,51d9180b215f977557cfc1a9625313f0ff03a324b1bddc50af350c99c19b8a3c,D***n,**********5813
B1679,P1727,6F257,2025-08-17 11:37:36.952,CANCELLED,25A,0.0,0.0,0.0,No Issue,UNKNOWN,MAA,CCU,2026-04-18 16:04:41.704,2026-04-18 19:55:41.704,03:51:00,231.0,MAA → CCU,2026-04-18,2026-04-18,16.0,19.0,False,Matched,9edfd73850d65cef58b94746eb8a0991a8b9e9523488aec06412be4712057b86,K***d,**********8728
B1680,P1926,AI253,2026-03-19 11:37:36.952,,11F,0.0,0.0,0.0,No Issue,Air India,BLR,BOM,2026-04-18 16:13:41.704,2026-04-18 19:51:41.704,03:38:00,218.0,BLR → BOM,2026-04-18,2026-04-18,16.0,19.0,False,Matched,336e0a1cc660d92e1a8e081c15561d3cba85916d602ec7bc69f106e9dc1296c2,D***i,**********3589
B1681,P1672,SJ135,2026-04-02 11:37:36.952,CANCELLED,15C,2.0,26057.93,0.0,Cancelled With Payment,SpiceJet,MAA,CCU,2026-04-18 16:03:41.702,2026-04-18 19:48:41.702,03:45:00,225.0,MAA → CCU,2026-04-18,2026-04-18,16.0,19.0,False,Matched,df283b8533f84ceaabfe530012193ad0a656096ece9b22ce72b6a2cd991c3bb0,F***a,**********5577
B1682,P1422,UK112,2025-07-10 11:37:36.952,CANCELLED,20B,1.0,2916.86,0.0,Cancelled With Payment,UNKNOWN,CCU,DEL,2026-04-18 17:05:41.702,2026-04-18 19:47:41.702,02:42:00,162.0,CCU → DEL,2026-04-18,2026-04-18,17.0,19.0,False,Matched,232d1c0d9502797c3d1ede1c44b2a2dc72a0414340cb99b83a1de649a470028c,G***h,**********0562
B1683,P1605,AI050,2025-08-07 11:37:36.952,CONFIRMED,9C,2.0,19349.760000000002,0.0,No Issue,Air India,BLR,BOM,2026-04-18 17:07:41.701,2026-04-18 19:42:41.701,02:35:00,155.0,BLR → BOM,2026-04-18,2026-04-18,17.0,19.0,False,Matched,9f61d041b615380030761ce903ce215e3948337f37bf514e79d6d6cb0372c2e7,Y***k,**********4031
B1684,P1173,UK060,2025-11-18 11:37:36.952,PENDING,8E,0.0,0.0,0.0,No Issue,Vistara,BLR,CCU,2026-04-18 16:09:41.701,2026-04-18 19:42:41.701,03:33:00,213.0,BLR → CCU,2026-04-18,2026-04-18,16.0,19.0,False,Matched,7f3a90ad9d4d71b27cb739193d965999f40f3cdce051a5622bb6d665718a886d,A***l,**********4337
B1685,P1676,SJ183,2025-05-15 11:37:36.952,CANCELLED,25E,2.0,12700.44,0.0,Cancelled With Payment,SpiceJet,CCU,DEL,2026-04-18 17:44:41.703,2026-04-18 19:40:41.703,01:56:00,116.0,CCU → DEL,2026-04-18,2026-04-18,17.0,19.0,False,Matched,2df5d0e071d2793562836d03bcf44c796125f5318ec427b69238792996c08b49,D***e,**********9394
B1686,P1114,UK138,2025-11-17 11:37:36.952,CONFIRMED,23E,1.0,1293.05,0.0,No Issue,Vistara,DEL,BLR,2026-04-18 16:47:41.703,2026-04-18 19:36:41.703,02:49:00,169.0,DEL → BLR,2026-04-18,2026-04-18,16.0,19.0,False,Matched,e2ccff8e291a3bcfa056bfbe58bf6e4aa87f6d08452d803f7f565b1b89bc6cc5,T***m,**********5076
B1687,P1219,SJ071,2025-10-12 11:37:36.952,PENDING,22F,0.0,0.0,0.0,No Issue,SpiceJet,CCU,MAA,2026-04-18 17:43:41.701,2026-04-18 19:32:41.701,01:49:00,109.0,CCU → MAA,2026-04-18,2026-04-18,17.0,19.0,False,Matched,e7deaaae6ca16ac1f93988fea9988431c332be1baa360dbd8f4d9f80b1fc0851,V***a,**********8889
B1688,P1955,AI057,2025-06-14 11:37:36.952,PENDING,9D,1.0,10945.95,0.0,No Issue,Air India,BOM,CCU,2026-04-18 15:53:41.701,2026-04-18 19:22:41.701,03:29:00,209.0,BOM → CCU,2026-04-18,2026-04-18,15.0,19.0,False,Matched,a01873f30682f0db39d7f039f6adcb28e5dd0617b99153f54a544f0548901925,U***n,**********6032
B1689,P1030,SJ151,2025-07-10 11:37:36.952,CANCELLED,20B,1.0,8030.27,0.0,Cancelled With Payment,SpiceJet,BOM,CCU,2026-04-18 17:44:41.702,2026-04-18 19:16:41.702,01:32:00,92.0,BOM → CCU,2026-04-18,2026-04-18,17.0,19.0,False,Matched,30a69f52e614decfac070ad7a6250050a5763c157081c23f39e86a05ae1a72f7,M***t,**********9943
B1690,P1522,SJ144,2025-06-28 11:37:36.952,PENDING,12C,1.0,7675.73,0.0,No Issue,SpiceJet,BLR,BOM,2026-04-18 15:35:41.702,2026-04-18 19:12:41.702,03:37:00,217.0,BLR → BOM,2026-04-18,2026-04-18,15.0,19.0,False,Matched,84cbd470a56bad5a23b8c226dd6f9a00df74f4287916f711c2bffed2b650ae63,C***i,**********5739
B1691,P1342,SJ087,2026-01-23 11:37:36.952,PENDING,12E,1.0,10442.06,0.0,No Issue,SpiceJet,BOM,DEL,2026-04-18 14:20:41.702,2026-04-18 19:09:41.702,04:49:00,289.0,BOM → DEL,2026-04-18,2026-04-18,14.0,19.0,False,Matched,5ab2047d375d8b9bd18c3db304eccdcaaddfcbe3c5982fddd2669289d85f42f1,Y***a,**********8246
B1692,P1376,SJ066,2026-04-02 11:37:36.952,CONFIRMED,18A,0.0,0.0,0.0,Confirmed Without Payment,SpiceJet,HYD,CCU,2026-04-18 17:47:41.701,2026-04-18 19:03:41.701,01:16:00,76.0,HYD → CCU,2026-04-18,2026-04-18,17.0,19.0,False,Matched,fde81946c722e21662728779b862ab437142c013c45647383edd1e28fad7d7ac,B***r,**********4649
B1693,P1129,AI247,2026-01-02 11:37:36.952,CONFIRMED,11F,0.0,0.0,0.0,Confirmed Without Payment,Air India,BOM,CCU,2026-04-18 15:58:41.704,2026-04-18 19:02:41.704,03:04:00,184.0,BOM → CCU,2026-04-18,2026-04-18,15.0,19.0,False,Matched,fd88a5243fc93e55c4a8be787902372d6ddf0355795afaa4770d62b1d2f8cb5f,K***i,**********9241
B1694,P1999,SJ102,2026-04-01 11:37:36.952,PENDING,24D,2.0,7153.610000000001,0.0,No Issue,SpiceJet,MAA,CCU,2026-04-18 17:26:41.702,2026-04-18 18:58:41.702,01:32:00,92.0,MAA → CCU,2026-04-18,2026-04-18,17.0,18.0,False,Matched,d1786521094812672de71e02e08a42b51125f064840ece118724361641b3ad14,M***a,**********2013
B1695,P1616,6F252,2026-04-13 11:37:36.952,CONFIRMED,4F,1.0,5969.93,0.0,No Issue,UNKNOWN,MAA,BLR,2026-04-18 14:25:41.701,2026-04-18 18:52:41.701,04:27:00,267.0,MAA → BLR,2026-04-18,2026-04-18,14.0,18.0,False,Matched,4438155ebe696c02b25e927623acc0350e86b49b7aeda9945a13bfc97d126e5b,P***i,**********6531
B1696,P1538,6F055,2025-11-28 11:37:36.952,PENDING,11C,0.0,0.0,0.0,No Issue,IndiGo,DEL,CCU,2026-04-18 16:21:41.701,2026-04-18 18:49:41.701,02:28:00,148.0,DEL → CCU,2026-04-18,2026-04-18,16.0,18.0,False,Matched,276ecaadcc0e56c0b6420f4beceb8f04aa06a2465b5cd357d35e7f4abc78571f,R***i,**********1789
B1697,P1738,AI204,2025-11-12 11:37:36.952,CANCELLED,34B,0.0,0.0,0.0,No Issue,Air India,CCU,MAA,2026-04-18 13:40:41.703,2026-04-18 18:38:41.703,04:58:00,298.0,CCU → MAA,2026-04-18,2026-04-18,13.0,18.0,False,Matched,50c21caf5356a78de6c1091caec42b224847ae476100e0dfa02fe1ad12b8d7bd,N***a,**********1258
B1698,P1001,AI016,2026-02-02 11:37:36.952,CONFIRMED,31D,1.0,8023.98,0.0,No Issue,Air India,BOM,CCU,2026-04-18 14:15:41.701,2026-04-18 18:38:41.701,04:23:00,263.0,BOM → CCU,2026-04-18,2026-04-18,14.0,18.0,False,Matched,f0d567941af209ed076469fa5d683100e045a6c9c53657d3b8383d27728257d9,W***y,**********9640
B1699,P1870,AI209,2025-12-11 11:37:36.952,PENDING,15D,4.0,23144.93,1.0,Missing Payment Amount,Air India,BLR,CCU,2026-04-18 17:25:41.703,2026-04-18 18:37:41.703,01:12:00,72.0,BLR → CCU,2026-04-18,2026-04-18,17.0,18.0,False,Matched,cecc55d3ec697230da35ac861476e3084b3a6045b77b1a8992d81b9c42c88018,B***n,**********5089
B1700,P1100,SJ211,2026-01-04 11:37:36.952,PENDING,14B,1.0,6028.27,0.0,No Issue,SpiceJet,MAA,BOM,2026-04-18 16:22:41.703,2026-04-18 18:34:41.703,02:12:00,132.0,MAA → BOM,2026-04-18,2026-04-18,16.0,18.0,False,Matched,65e1cbc46369844c7ee2f37303b3a6869ecc7490b08650570a4a30885020afcb,V***a,**********1891
B1701,P1532,6F103,2025-10-16 11:37:36.952,CONFIRMED,13F,0.0,0.0,0.0,Confirmed Without Payment,IndiGo,CCU,MAA,2026-04-18 15:37:41.702,2026-04-18 18:32:41.702,02:55:00,175.0,CCU → MAA,2026-04-18,2026-04-18,15.0,18.0,False,Matched,778a78c05c94abc6c75831345b46be8b956ce152fefe25be3da0ef63c8403814,W***e,**********1575
B1702,P1057,UK182,2025-04-22 11:37:36.952,CONFIRMED,31F,2.0,13329.36,1.0,Missing Payment Amount,Vistara,HYD,CCU,2026-04-18 14:19:41.703,2026-04-18 18:25:41.703,04:06:00,246.0,HYD → CCU,2026-04-18,2026-04-18,14.0,18.0,False,Matched,448e80cb3fd8af983a1e5ad218020663dc87cc19372a01db8365a5a6b155c719,U***i,**********2340
B1703,P1388,6F264,2025-12-25 11:37:36.952,CANCELLED,19B,2.0,11995.2,0.0,Cancelled With Payment,UNKNOWN,DEL,HYD,2026-04-18 14:03:41.701,2026-04-18 18:23:41.701,04:20:00,260.0,DEL → HYD,2026-04-18,2026-04-18,14.0,18.0,False,Matched,238f552984c69ef516a03274e6c889155ffd85d0c968f09320c6c3aa79eb5c00,J***y,**********8483
B1704,P1691,6F027,2025-07-23 11:37:36.952,PENDING,29A,1.0,13993.49,0.0,No Issue,IndiGo,BLR,DEL,2026-04-18 16:52:41.701,2026-04-18 18:21:41.701,01:29:00,89.0,BLR → DEL,2026-04-18,2026-04-18,16.0,18.0,False,Matched,28a8f1ea96a0662d672bd3c696da56972a9f3feb46db05d9b8733be9656dfb85,T***a,**********3747
B1705,P1940,UK198,2026-01-31 11:37:36.952,CANCELLED,3B,4.0,20858.789999999997,0.0,Cancelled With Payment,Vistara,DEL,BLR,2026-04-18 16:43:41.703,2026-04-18 18:18:41.703,01:35:00,95.0,DEL → BLR,2026-04-18,2026-04-18,16.0,18.0,False,Matched,ec5ba277b2139e72caf29c5794985e028cb54c7e02beabc89f90503640e90915,L***r,**********4029
B1706,P1340,6F171,2025-09-07 11:37:36.952,CANCELLED,15C,0.0,0.0,0.0,No Issue,IndiGo,DEL,BLR,2026-04-18 17:03:41.703,2026-04-18 18:12:41.703,01:09:00,69.0,DEL → BLR,2026-04-18,2026-04-18,17.0,18.0,False,Matched,6b2d1b2113c249923c23547dc7afefaf5cbda758e7068725c430c1468fa68906,O***n,**********1687
B1707,P1860,AI004,2025-07-05 11:37:36.952,CANCELLED,1B,0.0,0.0,0.0,No Issue,Air India,HYD,MAA,2026-04-18 13:58:41.701,2026-04-18 18:12:41.701,04:14:00,254.0,HYD → MAA,2026-04-18,2026-04-18,13.0,18.0,False,Matched,ca48569f7510d5079a623f176ac9b0c8694e874d3fe3daf225d2db99618cbe5b,R***i,**********9365
B1708,P1019,6F157,2025-11-22 11:37:36.952,CONFIRMED,3C,0.0,0.0,0.0,Confirmed Without Payment,IndiGo,MAA,CCU,2026-04-18 16:37:41.703,2026-04-18 18:04:41.703,01:27:00,87.0,MAA → CCU,2026-04-18,2026-04-18,16.0,18.0,False,Matched,28265e9fff3a747905810827751d5a75efe5f62e34b47afaa28be163b348d21a,Z***n,**********0743
B1709,P1254,AI018,2025-10-03 11:37:36.952,CANCELLED,22B,0.0,0.0,0.0,No Issue,Air India,BOM,CCU,2026-04-18 13:12:41.701,2026-04-18 18:04:41.701,04:52:00,292.0,BOM → CCU,2026-04-18,2026-04-18,13.0,18.0,False,Matched,63b55a036f684a91a31d0e6eb1fbbf47825ec85699f5a92dc946f90df0fc1430,V***u,**********0661
B1710,P1316,UK098,2025-08-05 11:37:36.952,CONFIRMED,21E,1.0,12059.65,0.0,No Issue,Vistara,CCU,DEL,2026-04-18 13:38:41.702,2026-04-18 17:54:41.702,04:16:00,256.0,CCU → DEL,2026-04-18,2026-04-18,13.0,17.0,False,Matched,a2b9033cfed071e538b59f3f82a2a968256719e2463328cd484fc6e78863c13d,H***y,**********0381
B1711,P1037,6F167,2026-01-29 11:37:36.952,,4C,0.0,0.0,0.0,No Issue,IndiGo,BLR,BOM,2026-04-18 16:26:41.703,2026-04-18 17:50:41.703,01:24:00,84.0,BLR → BOM,2026-04-18,2026-04-18,16.0,17.0,False,Matched,fa143555327c86b01fb53e6c45e1858c42e9d627bc6151146945e4050cef337d,J***e,**********4431
B1712,P1659,AI228,2025-09-06 11:37:36.952,CANCELLED,17C,0.0,0.0,0.0,No Issue,Air India,BLR,BOM,2026-04-18 13:16:41.703,2026-04-18 17:44:41.703,04:28:00,268.0,BLR → BOM,2026-04-18,2026-04-18,13.0,17.0,False,Matched,efc47f6e0d4875430a8ea7529056a7d9e33165eb32dfa66681b05ca33f195bc0,F***l,**********9130
B1713,P1536,SJ242,2025-08-31 11:37:36.952,CANCELLED,17D,0.0,0.0,0.0,No Issue,SpiceJet,BLR,HYD,2026-04-18 14:55:41.704,2026-04-18 17:42:41.704,02:47:00,167.0,BLR → HYD,2026-04-18,2026-04-18,14.0,17.0,False,Matched,a493d09b9d53e4b175fa525ac85a2f947c1c8218f2956e5e9376d5c61dbfa3e7,A***a,**********1328
B1714,P1385,6F227,2025-12-11 11:37:36.952,PENDING,34C,1.0,5064.12,0.0,No Issue,IndiGo,MAA,BOM,2026-04-18 13:16:41.704,2026-04-18 17:41:41.704,04:25:00,265.0,MAA → BOM,2026-04-18,2026-04-18,13.0,17.0,False,Matched,7c0e390fcbe61c5e9577bdeb773711aa029f4451d7e0ea5a3237848587565b8d,Y***n,**********1002
B1715,P1632,6F037,2025-08-27 11:37:36.952,CANCELLED,20C,0.0,0.0,0.0,No Issue,IndiGo,BOM,MAA,2026-04-18 14:51:41.701,2026-04-18 17:23:41.701,02:32:00,152.0,BOM → MAA,2026-04-18,2026-04-18,14.0,17.0,False,Matched,9547aa7e70298b9e857eac5213035cea4807fac76dab67d9d21fd9c5b1850ea3,R***d,**********9547
B1716,P1927,6F107,2025-12-22 11:37:36.952,PENDING,28A,0.0,0.0,0.0,No Issue,IndiGo,CCU,BLR,2026-04-18 14:14:41.702,2026-04-18 17:14:42.000,03:00:00.298000,180.0,CCU → BLR,2026-04-18,2026-04-18,14.0,17.0,False,Matched,a0aee1417b3c36e8babca6d9569f010bc76ae349194d79b9d520a026c9db0f1c,T***i,**********6925
B1717,P1025,SJ125,2025-11-06 11:37:36.952,CANCELLED,14A,2.0,2408.2200000000003,0.0,Cancelled With Payment,SpiceJet,DEL,BLR,2026-04-18 14:21:41.702,2026-04-18 16:55:41.702,02:34:00,154.0,DEL → BLR,2026-04-18,2026-04-18,14.0,16.0,False,Matched,40db31827ba69c6691ac474577792db2924510243ae55cc21ebdc944b789c143,I***a,**********7746
B1718,P1453,UK117,2025-06-17 11:37:36.952,CANCELLED,9B,2.0,18312.78,0.0,Cancelled With Payment,Vistara,BLR,BOM,2026-04-18 13:17:41.702,2026-04-18 16:54:41.702,03:37:00,217.0,BLR → BOM,2026-04-18,2026-04-18,13.0,16.0,False,Matched,436237ae11aadadcc8c6c136b91c7bf4dbd3aca1973204d0667a12c5c78f4878,O***a,**********7696
B1719,P1680,6F192,2025-11-12 11:37:36.952,CANCELLED,29E,1.0,5781.1,0.0,Cancelled With Payment,IndiGo,CCU,BLR,2026-04-18 12:20:41.703,2026-04-18 16:45:41.703,04:25:00,265.0,CCU → BLR,2026-04-18,2026-04-18,12.0,16.0,False,Matched,0403274a854c90495b35b45ed2713838f4dc756b51a28ba56dfec2ee8be9d999,M***r,**********5025
B1720,P1322,AI201,2025-11-27 11:37:36.952,CANCELLED,27B,1.0,5194.3,0.0,Cancelled With Payment,Air India,BLR,CCU,2026-04-18 15:19:41.703,2026-04-18 16:40:41.703,01:21:00,81.0,BLR → CCU,2026-04-18,2026-04-18,15.0,16.0,False,Matched,deee309e609cfd2a0a8f2464ca4b38386c4b1b48b36c23a5eae1b54769aff9de,K***r,**********2378
B1721,P1736,SJ126,2026-03-25 11:37:36.952,PENDING,21A,0.0,0.0,0.0,No Issue,SpiceJet,DEL,BLR,2026-04-18 13:47:41.702,2026-04-18 16:31:41.702,02:44:00,164.0,DEL → BLR,2026-04-18,2026-04-18,13.0,16.0,False,Matched,621d3cf046eda8651132994e53b75795b028df74c896782b031089738c441c81,L***b,**********8415
B1722,P1512,AI177,2026-02-10 11:37:36.952,PENDING,5E,1.0,0.0,1.0,Missing Payment Amount,Air India,CCU,HYD,2026-04-18 14:11:41.703,2026-04-18 16:26:41.703,02:15:00,135.0,CCU → HYD,2026-04-18,2026-04-18,14.0,16.0,False,Matched,ab399f26f93999ceb543883c78d22219ce45bd3ab6d8eda3db2812629067c7b8,K***r,**********4457
B1723,P1818,AI092,2025-12-23 11:37:36.952,CANCELLED,26B,0.0,0.0,0.0,No Issue,Air India,CCU,BOM,2026-04-18 13:36:41.702,2026-04-18 16:20:41.702,02:44:00,164.0,CCU → BOM,2026-04-18,2026-04-18,13.0,16.0,False,Matched,568ba77d20124faa8a7915b34c7a8a6a53d093e91755460c53e8f2e32f9edd06,A***r,**********1969
B1724,P1772,6F076,2025-10-10 11:37:36.952,CANCELLED,11D,1.0,10484.53,0.0,Cancelled With Payment,IndiGo,CCU,HYD,2026-04-18 15:35:41.702,2026-04-18 16:20:41.702,00:45:00,45.0,CCU → HYD,2026-04-18,2026-04-18,15.0,16.0,False,Matched,14abd42aea37be5924dc9a3d70fce4860e61aaa0a171597c0e549b90cd3da238,H***k,**********4296
B1725,P1012,AI185,2025-04-29 11:37:36.952,PENDING,1E,1.0,0.0,1.0,Missing Payment Amount,Air India,CCU,BOM,2026-04-18 12:16:41.703,2026-04-18 16:18:41.703,04:02:00,242.0,CCU → BOM,2026-04-18,2026-04-18,12.0,16.0,False,Matched,1dc394ec4e5ce312428ebcb4790974885a0865c6cd9bc281ce6c1b66f95c643b,M***n,**********0747
B1726,P1914,AI055,2025-05-14 11:37:36.952,CONFIRMED,2B,2.0,10313.45,0.0,No Issue,Air India,CCU,BOM,2026-04-18 14:39:41.701,2026-04-18 16:18:41.701,01:39:00,99.0,CCU → BOM,2026-04-18,2026-04-18,14.0,16.0,False,Matched,9dccff1425fde8754961e39a5e2905a629d8e80ab75425ed4dcbed4a4b8e03d3,B***t,**********0806
B1727,P1907,6F222,2026-03-15 11:37:36.952,CONFIRMED,27D,0.0,0.0,0.0,Confirmed Without Payment,IndiGo,HYD,MAA,2026-04-18 14:01:41.704,2026-04-18 16:11:41.704,02:10:00,130.0,HYD → MAA,2026-04-18,2026-04-18,14.0,16.0,False,Matched,c17ef9d640b3a612685694b8a03d39936c14bc09fe1f63d8f6be6963e221078f,U***n,**********1375
B1728,P1559,AI090,2025-12-12 11:37:36.952,CONFIRMED,1C,1.0,7592.89,0.0,No Issue,Air India,MAA,CCU,2026-04-18 13:37:41.702,2026-04-18 16:11:41.702,02:34:00,154.0,MAA → CCU,2026-04-18,2026-04-18,13.0,16.0,False,Matched,2c63961575d5f19025444e701e3124e27f6d419de2fc9ed04796de326868e2a5,U***n,**********8503
B1729,P1920,AI183,2025-06-03 11:37:36.952,PENDING,4F,1.0,2726.28,0.0,No Issue,Air India,DEL,CCU,2026-04-18 14:24:41.703,2026-04-18 16:06:41.703,01:42:00,102.0,DEL → CCU,2026-04-18,2026-04-18,14.0,16.0,False,Matched,2a62e425ef788d0bf303e1171b7941e250bacf5845418d8870248b0ca3791501,A***h,**********5835
B1730,P1824,AI041,2025-04-29 11:37:36.952,PENDING,25F,1.0,0.0,1.0,Missing Payment Amount,Air India,BOM,BLR,2026-04-18 14:08:41.701,2026-04-18 15:59:41.701,01:51:00,111.0,BOM → BLR,2026-04-18,2026-04-18,14.0,15.0,False,Matched,62d74181a0f3b1f0fe242db338c0bc97d6b4f692ba1c3e66b6a0291214f281fb,A***a,**********3732
B1731,P1370,6F210,2025-07-12 11:37:36.952,CONFIRMED,25F,1.0,1355.89,0.0,No Issue,IndiGo,HYD,DEL,2026-04-18 11:51:41.703,2026-04-18 15:58:41.703,04:07:00,247.0,HYD → DEL,2026-04-18,2026-04-18,11.0,15.0,False,Matched,7d85991b6e0166378e54d225498c53354fc737922de5d7f32f1b1f5a403026b4,T***r,**********6891
B1732,P1290,AI170,2026-01-15 11:37:36.952,CONFIRMED,3A,1.0,7405.96,0.0,No Issue,Air India,HYD,DEL,2026-04-18 11:27:41.703,2026-04-18 15:50:41.703,04:23:00,263.0,HYD → DEL,2026-04-18,2026-04-18,11.0,15.0,False,Matched,229aba8e47b68a29ac08c0322003be83cbcbcb4625ab219b2e4939217f82f796,P***y,**********0707
B1733,P1331,SJ008,2026-04-16 11:37:36.952,CANCELLED,2E,1.0,10832.74,0.0,Cancelled With Payment,SpiceJet,HYD,BLR,2026-04-18 10:53:41.701,2026-04-18 15:48:41.701,04:55:00,295.0,HYD → BLR,2026-04-18,2026-04-18,10.0,15.0,False,Matched,d60682ef8a3ae1d6d1652916fd5a1de732c1f36a0f966059773c8500c445d5c4,B***a,**********8779
B1734,P1605,AI049,2025-09-29 11:37:36.952,PENDING,27E,1.0,2972.66,0.0,No Issue,Air India,CCU,MAA,2026-04-18 13:35:41.701,2026-04-18 15:48:41.701,02:13:00,133.0,CCU → MAA,2026-04-18,2026-04-18,13.0,15.0,False,Matched,a4ca03fb72681515a68f02e01269d80c93eb496f7017132913fe62bd9ea4b2d7,C***a,**********8705
B1735,P1260,SJ132,2025-05-12 11:37:36.952,PENDING,34E,1.0,10012.48,0.0,No Issue,SpiceJet,MAA,DEL,2026-04-18 14:44:41.702,2026-04-18 15:36:41.702,00:52:00,52.0,MAA → DEL,2026-04-18,2026-04-18,14.0,15.0,False,Matched,1804564eca7ae2dfcfd7e8f7bb45b131b932f8323df4125b8a75841f5f5a1181,C***e,**********7116
B1736,P1993,SJ224,2026-01-26 11:37:36.952,CONFIRMED,28E,2.0,8590.58,0.0,No Issue,SpiceJet,DEL,MAA,2026-04-18 12:41:41.703,2026-04-18 15:33:41.703,02:52:00,172.0,DEL → MAA,2026-04-18,2026-04-18,12.0,15.0,False,Matched,286eb81467f00fa13c18e856293ffcb0ab79c9bb5a01eb5ad213ac3b6be44696,O***r,**********9849
B1737,P1789,UK038,2025-06-11 11:37:36.952,CONFIRMED,1E,1.0,12049.41,0.0,No Issue,Vistara,MAA,CCU,2026-04-18 12:22:41.701,2026-04-18 15:31:41.701,03:09:00,189.0,MAA → CCU,2026-04-18,2026-04-18,12.0,15.0,False,Matched,a766ce097138901401c92de1b55ef435379d33518038089050ddf50e4519534d,D***y,**********5244
B1738,P1870,SJ220,2025-08-14 11:37:36.952,PENDING,27B,3.0,26003.14,0.0,No Issue,SpiceJet,BOM,CCU,2026-04-18 13:45:41.703,2026-04-18 15:21:41.703,01:36:00,96.0,BOM → CCU,2026-04-18,2026-04-18,13.0,15.0,False,Matched,5062102443c70495b5ea3df24372d29a8a1921c7ef0918f6aa9665b25a0ceda5,X***n,**********3803
B1739,P1204,6F124,2025-06-29 11:37:36.952,CANCELLED,34F,1.0,8263.32,0.0,Cancelled With Payment,IndiGo,BLR,BOM,2026-04-18 10:47:41.702,2026-04-18 15:21:41.702,04:34:00,274.0,BLR → BOM,2026-04-18,2026-04-18,10.0,15.0,False,Matched,e337b0b7de821418d655e191b1a10187e8db98f617b8072520b7b761e1f92b05,A***a,**********2522
B1740,P1696,SJ164,2025-11-16 11:37:36.952,CONFIRMED,14D,0.0,0.0,0.0,Confirmed Without Payment,SpiceJet,CCU,MAA,2026-04-18 13:14:41.703,2026-04-18 15:14:42.000,02:00:00.297000,120.0,CCU → MAA,2026-04-18,2026-04-18,13.0,15.0,False,Matched,418e7a8e8be89dd3487eb0f0db94d57a5a17d20d63cad7c8a9528c024566355f,W***n,**********7652
B1741,P1686,AI026,2025-05-18 11:37:36.952,PENDING,18E,1.0,4483.43,0.0,No Issue,Air India,DEL,BOM,2026-04-18 14:14:41.701,2026-04-18 15:13:41.701,00:59:00,59.0,DEL → BOM,2026-04-18,2026-04-18,14.0,15.0,False,Matched,b9c7dd7912666b943acc97ccf9836b0aef809869a6e849d95332014793d6b7f9,B***i,**********9579
B1742,P1949,6F144,2025-09-14 11:37:36.952,PENDING,16D,0.0,0.0,0.0,No Issue,IndiGo,HYD,BOM,2026-04-18 11:56:41.702,2026-04-18 15:11:41.702,03:15:00,195.0,HYD → BOM,2026-04-18,2026-04-18,11.0,15.0,False,Matched,066f10077caa38deb8e7d51dd17f624411ead3815e4c9af0db177f83bf9e2927,A***t,**********2145
B1743,P1386,6F137,2025-11-21 11:37:36.952,,6F,1.0,4062.36,0.0,No Issue,IndiGo,CCU,DEL,2026-04-18 10:45:41.702,2026-04-18 15:01:41.702,04:16:00,256.0,CCU → DEL,2026-04-18,2026-04-18,10.0,15.0,False,Matched,0dec466abbbcfc2126393332a128842a0526dcac90bb863e3908b2a32f1743fb,W***a,**********2137
B1744,P1891,UK139,2025-09-05 11:37:36.952,CANCELLED,10A,1.0,9225.17,0.0,Cancelled With Payment,UNKNOWN,BLR,MAA,2026-04-18 10:54:41.703,2026-04-18 14:31:41.703,03:37:00,217.0,BLR → MAA,2026-04-18,2026-04-18,10.0,14.0,False,Matched,fd801dce6b0b07a90dd0975c255b72c55f87290a6da3a790300cead88802ecbf,R***a,**********1410
B1745,P1820,UK139,2025-05-20 11:37:36.952,CONFIRMED,27B,1.0,10889.16,0.0,No Issue,UNKNOWN,BLR,MAA,2026-04-18 10:54:41.703,2026-04-18 14:31:41.703,03:37:00,217.0,BLR → MAA,2026-04-18,2026-04-18,10.0,14.0,False,Matched,687048c14a9a8d98f1a85a81cb0ce005af4cffc096509103a77feff34450e095,J***r,**********1103
B1746,P1467,SJ140,2025-08-31 11:37:36.952,CONFIRMED,34D,0.0,0.0,0.0,Confirmed Without Payment,UNKNOWN,HYD,DEL,2026-04-18 10:42:41.702,2026-04-18 14:30:41.702,03:48:00,228.0,HYD → DEL,2026-04-18,2026-04-18,10.0,14.0,False,Matched,3127f284842cf5cb0789bae92be082a8702469b00940be4a0bdbdab8e40ffbcb,Y***i,**********8793
B1747,P1414,6F131,2025-04-20 11:37:36.952,CONFIRMED,9F,0.0,0.0,0.0,Confirmed Without Payment,IndiGo,BLR,HYD,2026-04-18 10:22:41.702,2026-04-18 14:20:41.702,03:58:00,238.0,BLR → HYD,2026-04-18,2026-04-18,10.0,14.0,False,Matched,1a781a89e36abd64f3a56e73f8643f345d297e5e7e8557b2887156c788f50a36,A***n,**********2405
B1748,P1068,UK128,2025-11-15 11:37:36.952,PENDING,9A,1.0,13170.94,0.0,No Issue,Vistara,BOM,CCU,2026-04-18 11:22:41.702,2026-04-18 14:11:41.702,02:49:00,169.0,BOM → CCU,2026-04-18,2026-04-18,11.0,14.0,False,Matched,64d55121052705eea04227b367110561c5d579e708ac37a8ea41a0f43cf4ad25,U***i,**********9749
B1749,P1471,SJ219,2026-02-19 11:37:36.952,CONFIRMED,23D,0.0,0.0,0.0,Confirmed Without Payment,SpiceJet,BOM,DEL,2026-04-18 09:32:41.703,2026-04-18 14:09:41.703,04:37:00,277.0,BOM → DEL,2026-04-18,2026-04-18,9.0,14.0,False,Matched,0cfb80a3c0ef9ae4da000a8ecb4fc2b02eee94da4201ae492887e795e0c2bc27,L***h,**********6991
B1750,P1103,SJ159,2025-09-21 11:37:36.952,PENDING,33D,0.0,0.0,0.0,No Issue,SpiceJet,CCU,DEL,2026-04-18 12:22:41.703,2026-04-18 14:05:41.703,01:43:00,103.0,CCU → DEL,2026-04-18,2026-04-18,12.0,14.0,False,Matched,083c7ad8ee107d9808c1772637703ed03d52675ad81d2b41cbd46cfba54b2809,Z***u,**********2935
B1751,P1757,UK192,2025-09-19 11:37:36.952,CONFIRMED,17E,1.0,14391.99,0.0,No Issue,Vistara,HYD,DEL,2026-04-18 12:54:41.703,2026-04-18 13:54:42.000,01:00:00.297000,60.0,HYD → DEL,2026-04-18,2026-04-18,12.0,13.0,False,Matched,ea38a080e71076fba94eed68d1882e6fd71005a610e421c6a5b78407be84f995,I***r,**********8441
B1752,P1160,AI014,2025-08-13 11:37:36.952,CANCELLED,34F,0.0,0.0,0.0,No Issue,Air India,HYD,MAA,2026-04-18 10:24:41.701,2026-04-18 13:51:41.701,03:27:00,207.0,HYD → MAA,2026-04-18,2026-04-18,10.0,13.0,False,Matched,cb0d89eb3ea58cb91146ee8052f45a7fe0ad6d3db5467e27a9d394c780fbb7ce,H***a,**********6711
B1753,P1199,SJ152,2025-08-08 11:37:36.952,CANCELLED,5C,1.0,4016.57,0.0,Cancelled With Payment,SpiceJet,BOM,DEL,2026-04-18 12:09:41.702,2026-04-18 13:50:41.702,01:41:00,101.0,BOM → DEL,2026-04-18,2026-04-18,12.0,13.0,False,Matched,57c7287ec752f50e973f11ed869acf36edb4716f811c42c9fac91150c85cd0f4,H***n,**********3127
B1754,P1215,SJ060,2026-02-11 11:37:36.952,PENDING,3C,1.0,12013.34,0.0,No Issue,SpiceJet,HYD,CCU,2026-04-18 08:51:41.701,2026-04-18 13:46:41.701,04:55:00,295.0,HYD → CCU,2026-04-18,2026-04-18,8.0,13.0,False,Matched,c457b729a60b5bd0660e3464dbf0613134b078e739a9fc66c1718fa404f873df,K***u,**********2758
B1755,P1945,AI127,2026-02-17 11:37:36.952,CANCELLED,10F,1.0,4760.39,0.0,Cancelled With Payment,Air India,DEL,HYD,2026-04-18 10:37:41.702,2026-04-18 13:45:41.702,03:08:00,188.0,DEL → HYD,2026-04-18,2026-04-18,10.0,13.0,False,Matched,d9281b4addffec4d0a79cd5677d2967e710f81fb6c5a3f8abf5ff5f3d5416519,I***m,**********8329
B1756,P1211,SJ096,2026-01-27 11:37:36.952,PENDING,11F,1.0,0.0,1.0,Missing Payment Amount,UNKNOWN,DEL,HYD,2026-04-18 10:29:41.702,2026-04-18 13:45:41.702,03:16:00,196.0,DEL → HYD,2026-04-18,2026-04-18,10.0,13.0,False,Matched,7270e53e6e1099f38fe0853bbe5c409c116913047127c2d588f40e5e72007f68,P***y,**********1838
B1757,P1507,AI215,2025-04-24 11:37:36.952,PENDING,22B,1.0,1608.39,0.0,No Issue,Air India,BLR,DEL,2026-04-18 12:07:41.703,2026-04-18 13:43:41.703,01:36:00,96.0,BLR → DEL,2026-04-18,2026-04-18,12.0,13.0,False,Matched,951783aef93037db5f1bd019480e7eb982ffee531274bd88d835706eea9a6b9f,V***l,**********7329
B1758,P1015,UK009,2026-02-28 11:37:36.952,CANCELLED,26B,1.0,8260.94,0.0,Cancelled With Payment,Vistara,BOM,DEL,2026-04-18 11:34:41.701,2026-04-18 13:41:41.701,02:07:00,127.0,BOM → DEL,2026-04-18,2026-04-18,11.0,13.0,False,Matched,da3cc671cfd39e8a9edcef4124d1c8d745e29d19c9b8f8d350038a2ca174cb24,K***r,**********6016
B1759,P1497,AI171,2025-10-26 11:37:36.952,PENDING,16F,2.0,10926.0,0.0,No Issue,Air India,MAA,BLR,2026-04-18 10:51:41.703,2026-04-18 13:34:41.703,02:43:00,163.0,MAA → BLR,2026-04-18,2026-04-18,10.0,13.0,False,Matched,a610bf56c1a436f6406856ae640d151b444d6230159cca584c46c202d5275f7a,T***l,**********8264
B1760,P1883,UK151,2026-01-14 11:37:36.952,CANCELLED,31B,1.0,12133.03,0.0,Cancelled With Payment,UNKNOWN,BOM,CCU,2026-04-18 10:11:41.703,2026-04-18 13:30:41.703,03:19:00,199.0,BOM → CCU,2026-04-18,2026-04-18,10.0,13.0,False,Matched,f95268e21cabf4904ab450e7e022c716e5ccda5b5560261842adc704b1d6ea80,C***i,**********3665
B1761,P1331,AI099,2025-05-22 11:37:36.952,CONFIRMED,15A,4.0,35672.39,0.0,No Issue,Air India,BLR,BOM,2026-04-18 11:07:41.702,2026-04-18 13:29:41.702,02:22:00,142.0,BLR → BOM,2026-04-18,2026-04-18,11.0,13.0,False,Matched,bb977b2f4251ccba9fd1c29d02b619ccbabb38395b830712865aaaa5dedec800,C***r,**********7364
B1762,P1716,UK050,2025-06-04 11:37:36.952,CONFIRMED,32B,2.0,13897.13,0.0,No Issue,Vistara,BOM,DEL,2026-04-18 12:39:41.701,2026-04-18 13:18:41.701,00:39:00,39.0,BOM → DEL,2026-04-18,2026-04-18,12.0,13.0,False,Matched,0dddf52e82351b07a8bd47ae931166a69f97fc9b7ae0880708d169898fdee7d2,B***i,**********7986
B1763,P1876,UK092,2025-10-06 11:37:36.952,CANCELLED,3B,1.0,0.0,1.0,Missing Payment Amount,Vistara,MAA,BLR,2026-04-18 11:42:41.702,2026-04-18 13:17:41.702,01:35:00,95.0,MAA → BLR,2026-04-18,2026-04-18,11.0,13.0,False,Matched,1057e76832fa8edb3205486a5e322787dded5eae85a6c11fd9ffe36c1fde4d7f,D***a,**********6964
B1764,P1550,SJ058,2025-06-20 11:37:36.952,CANCELLED,13B,1.0,10528.45,0.0,Cancelled With Payment,SpiceJet,DEL,HYD,2026-04-18 08:58:41.701,2026-04-18 13:14:41.701,04:16:00,256.0,DEL → HYD,2026-04-18,2026-04-18,8.0,13.0,False,Matched,7b1dc121358b8506a6463d12cd32ffc5395fedb0b4ec9c2c2670f13429d7ecb2,M***i,**********7667
B1765,P1600,SJ090,2025-12-21 11:37:36.952,CANCELLED,1C,2.0,23925.48,0.0,Cancelled With Payment,SpiceJet,HYD,MAA,2026-04-18 10:24:41.702,2026-04-18 13:11:41.702,02:47:00,167.0,HYD → MAA,2026-04-18,2026-04-18,10.0,13.0,False,Matched,bc699cdb65e77f343e6d979dc3f9030fc15fc963b7c9398449f350ccfc0872ac,Z***l,**********3223
B1766,P1941,6F173,2025-09-07 11:37:36.952,CANCELLED,1F,0.0,0.0,0.0,No Issue,IndiGo,BOM,CCU,2026-04-18 12:19:41.703,2026-04-18 13:08:41.703,00:49:00,49.0,BOM → CCU,2026-04-18,2026-04-18,12.0,13.0,False,Matched,b94872c224622b0ce5080503d9d1cd35ba605be3fe9fc6bdc7d676a34200c026,R***l,**********3967
B1767,P1255,AI186,2025-11-19 11:37:36.952,CONFIRMED,6D,2.0,10462.21,0.0,No Issue,Air India,DEL,BOM,2026-04-18 11:11:41.703,2026-04-18 13:05:41.703,01:54:00,114.0,DEL → BOM,2026-04-18,2026-04-18,11.0,13.0,False,Matched,93d1331aff7bfd2d7b8fff1e3227f5bbf7a9c3472e7dfda6ba9fa564f33c466e,I***a,**********8557
B1768,P1991,AI130,2026-03-23 11:37:36.952,PENDING,13C,1.0,2835.7,0.0,No Issue,Air India,BOM,BLR,2026-04-18 10:18:41.702,2026-04-18 12:59:41.702,02:41:00,161.0,BOM → BLR,2026-04-18,2026-04-18,10.0,12.0,False,Matched,bd0ae61fb994748f8981e22e0864197bcf658156fae0a1afe7eff40a6be5e512,G***n,**********3715
B1769,P1765,SJ111,2025-11-23 11:37:36.952,,6F,2.0,2465.29,0.0,No Issue,SpiceJet,DEL,MAA,2026-04-18 11:47:41.702,2026-04-18 12:59:41.702,01:12:00,72.0,DEL → MAA,2026-04-18,2026-04-18,11.0,12.0,False,Matched,2aa72f01f02e416a60a11965b1b141bdef0d0d6220b1bac749f25c319eb0b32d,J***i,**********9187
B1770,P1727,6F203,2025-08-04 11:37:36.952,CONFIRMED,8D,0.0,0.0,0.0,Confirmed Without Payment,IndiGo,BLR,HYD,2026-04-18 11:05:41.703,2026-04-18 12:56:41.703,01:51:00,111.0,BLR → HYD,2026-04-18,2026-04-18,11.0,12.0,False,Matched,214d210c97b4b26a82ef4c347962d091595a029263489da1af595e48694d511b,R***a,**********4847
B1771,P1879,6F138,2025-05-24 11:37:36.952,PENDING,1F,1.0,6761.89,0.0,No Issue,IndiGo,HYD,BLR,2026-04-18 09:49:41.702,2026-04-18 12:53:41.702,03:04:00,184.0,HYD → BLR,2026-04-18,2026-04-18,9.0,12.0,False,Matched,e32408bdbc25cb92de72bd47ac64e79d7da49caad4707750cb7b1b887207623f,R***u,**********1929
B1772,P1814,6F109,2025-08-29 11:37:36.952,,10B,0.0,0.0,0.0,No Issue,IndiGo,BLR,BOM,2026-04-18 12:00:41.702,2026-04-18 12:51:41.702,00:51:00,51.0,BLR → BOM,2026-04-18,2026-04-18,12.0,12.0,False,Matched,5855b49d3fa8689fc958a594f6848ef6f8f3acaee173f7120117654f93900af9,H***r,**********0379
B1773,P1171,AI074,2026-01-01 11:37:36.952,PENDING,16E,1.0,11699.42,0.0,No Issue,Air India,CCU,BOM,2026-04-18 12:03:41.702,2026-04-18 12:50:41.702,00:47:00,47.0,CCU → BOM,2026-04-18,2026-04-18,12.0,12.0,False,Matched,f95c87cfa5819590cb47e2239e7fe05384d9cc30bee29d7e572913ef05b77417,W***k,**********2633
B1774,P1648,UK161,2026-01-07 11:37:36.952,CANCELLED,1B,0.0,0.0,0.0,No Issue,Vistara,BLR,BOM,2026-04-18 10:05:41.703,2026-04-18 12:48:41.703,02:43:00,163.0,BLR → BOM,2026-04-18,2026-04-18,10.0,12.0,False,Matched,b69a687b1873cd903818aeb62f714ea600f0ba2e9f260ba218f6998d198052d1,J***n,**********8399
B1775,P1999,AI008,2025-06-19 11:37:36.952,CANCELLED,14B,1.0,13185.54,0.0,Cancelled With Payment,Air India,BOM,CCU,2026-04-18 10:43:41.701,2026-04-18 12:43:42.000,02:00:00.299000,120.0,BOM → CCU,2026-04-18,2026-04-18,10.0,12.0,False,Matched,60b57faf4fc883ab158282ce4c652b2aba0e8e396b21695cdf3553c23a4d0338,A***a,**********5751
B1776,P1497,UK121,2025-12-27 11:37:36.952,CANCELLED,17A,2.0,16692.14,0.0,Cancelled With Payment,Vistara,BLR,BOM,2026-04-18 08:36:41.702,2026-04-18 12:36:41.702,04:00:00,240.0,BLR → BOM,2026-04-18,2026-04-18,8.0,12.0,False,Matched,69033b999023067ed715d78dd76665001d2c858fcd955b670d56f5ae490c22b5,P***r,**********4805
B1777,P1470,6F154,2025-04-26 11:37:36.952,CONFIRMED,11A,1.0,9927.3,0.0,No Issue,IndiGo,CCU,DEL,2026-04-18 11:26:41.703,2026-04-18 12:23:41.703,00:57:00,57.0,CCU → DEL,2026-04-18,2026-04-18,11.0,12.0,False,Matched,0bb25a612cf987a76101212c1d45f5e444951ffe58905a4091aa1aa7ab6bfb5f,Q***e,**********2332
B1778,P1383,6F161,2025-08-01 11:37:36.952,CONFIRMED,10D,0.0,0.0,0.0,Confirmed Without Payment,IndiGo,MAA,DEL,2026-04-18 11:24:41.703,2026-04-18 12:21:41.703,00:57:00,57.0,MAA → DEL,2026-04-18,2026-04-18,11.0,12.0,False,Matched,a933d60d9bdbe9c03f7374e6b3988fedd4726c1a5f82ecb66a4ca59d02f811c8,C***i,**********3333
B1779,P1689,6F153,2026-02-01 11:37:36.952,PENDING,22B,1.0,8876.97,0.0,No Issue,IndiGo,CCU,BLR,2026-04-18 08:23:41.703,2026-04-18 12:20:41.703,03:57:00,237.0,CCU → BLR,2026-04-18,2026-04-18,8.0,12.0,False,Matched,b5efe065917d66b8641f2980257325b859f9bfdd8b3ebe214a4f4cb3f611a9e7,H***h,**********8308
B1780,P1588,6F225,2026-02-10 11:37:36.952,PENDING,11B,0.0,0.0,0.0,No Issue,IndiGo,HYD,CCU,2026-04-18 07:33:41.704,2026-04-18 12:12:41.704,04:39:00,279.0,HYD → CCU,2026-04-18,2026-04-18,7.0,12.0,False,Matched,1e0494cc0f478fece310f0c9a04c4046576842db063e56526610f71c6ceebbe1,F***t,**********0421
B1781,P1699,AI191,2026-02-09 11:37:36.952,PENDING,18C,0.0,0.0,0.0,No Issue,Air India,BLR,MAA,2026-04-18 07:57:41.703,2026-04-18 11:58:41.703,04:01:00,241.0,BLR → MAA,2026-04-18,2026-04-18,7.0,11.0,False,Matched,36e8c8067645e94b683bf26d3869c97d310f0cb7cbd50fc31eab95c6cf8c528f,D***l,**********6256
B1782,P1506,AI218,2025-08-18 11:37:36.952,CONFIRMED,25F,1.0,4755.95,0.0,No Issue,Air India,BOM,CCU,2026-04-18 08:55:41.703,2026-04-18 11:55:41.703,03:00:00,180.0,BOM → CCU,2026-04-18,2026-04-18,8.0,11.0,False,Matched,7b5566e1bf897dadaf93594a0b86ad8c5787e64433947ce9f7d2296fe6d0c24f,P***n,**********4515
B1783,P1991,6F267,2025-09-28 11:37:36.952,PENDING,25D,1.0,8201.65,0.0,No Issue,UNKNOWN,DEL,MAA,2026-04-18 07:56:41.703,2026-04-18 11:49:41.703,03:53:00,233.0,DEL → MAA,2026-04-18,2026-04-18,7.0,11.0,False,Matched,8b07c6c20b2383a73c187de79250ad8d663ca6deaa62bca12103f00046626c89,S***l,**********0935
B1784,P1526,UK125,2025-08-20 11:37:36.952,CANCELLED,1B,1.0,1577.5,0.0,Cancelled With Payment,Vistara,HYD,BOM,2026-04-18 06:58:41.702,2026-04-18 11:44:41.702,04:46:00,286.0,HYD → BOM,2026-04-18,2026-04-18,6.0,11.0,False,Matched,3886a1faa09b685180a1f650d9bd8bcbe33221089b8cbbda1ce4fb01c4a0ae19,S***k,**********5181
B1785,P1803,6F208,2025-08-19 11:37:36.952,PENDING,1B,1.0,2489.15,0.0,No Issue,IndiGo,CCU,BOM,2026-04-18 08:27:41.703,2026-04-18 11:34:41.703,03:07:00,187.0,CCU → BOM,2026-04-18,2026-04-18,8.0,11.0,False,Matched,c78fd77799b368fee0424822dcda842cf68d278bc15c4a2fc99f66f8b08dd98a,I***n,**********6443
B1786,P1830,6F119,2026-02-12 11:37:36.952,CANCELLED,26B,1.0,14801.3,0.0,Cancelled With Payment,IndiGo,DEL,BOM,2026-04-18 09:19:41.702,2026-04-18 11:33:41.702,02:14:00,134.0,DEL → BOM,2026-04-18,2026-04-18,9.0,11.0,False,Matched,1fc08c52c32651a5753af897c83065e4e1768f3cb43b2c0a521b10bb2c49cce6,A***i,**********4345
B1787,P1324,AI063,2025-07-11 11:37:36.952,CONFIRMED,1E,3.0,13330.68,0.0,No Issue,Air India,HYD,BLR,2026-04-18 07:03:41.701,2026-04-18 11:26:41.701,04:23:00,263.0,HYD → BLR,2026-04-18,2026-04-18,7.0,11.0,False,Matched,3ea97cb742b62d1a00c376fc6ad1a8b9c04130db401878420481abffdd202246,F***i,**********6387
B1788,P1213,UK016,2025-06-05 11:37:36.952,CANCELLED,2B,0.0,0.0,0.0,No Issue,Vistara,DEL,CCU,2026-04-18 10:42:41.701,2026-04-18 11:22:41.701,00:40:00,40.0,DEL → CCU,2026-04-18,2026-04-18,10.0,11.0,False,Matched,5393a4a8aec23638a4349c3e888ef2a80425e532005ce2fd5f8dab705396e0d7,J***e,**********9612
B1789,P1207,6F048,2026-01-13 11:37:36.952,CANCELLED,30F,1.0,11758.27,0.0,Cancelled With Payment,IndiGo,HYD,DEL,2026-04-18 10:27:41.701,2026-04-18 11:18:41.701,00:51:00,51.0,HYD → DEL,2026-04-18,2026-04-18,10.0,11.0,False,Matched,29118d6e6864630097d1ab77ff7e57b8c4d4436a7fdca4a69f2b1b927d534fc2,N***n,**********9133
B1790,P1168,6F266,2025-04-23 11:37:36.952,CANCELLED,28A,2.0,4971.8,0.0,Cancelled With Payment,UNKNOWN,CCU,MAA,2026-04-18 09:49:41.703,2026-04-18 11:17:41.703,01:28:00,88.0,CCU → MAA,2026-04-18,2026-04-18,9.0,11.0,False,Matched,09696b649598115db9697a17c925dc8a9ee1e8c1ee30028c010703e330d85b71,L***a,**********5551
B1791,P1329,AI167,2026-02-24 11:37:36.952,CONFIRMED,3C,0.0,0.0,0.0,Confirmed Without Payment,Air India,BLR,DEL,2026-04-18 06:43:41.703,2026-04-18 11:10:41.703,04:27:00,267.0,BLR → DEL,2026-04-18,2026-04-18,6.0,11.0,False,Matched,377ee23c58948a5dc420433e61d4af59dfe3a0fa3d8e141b426612934e80745b,B***e,**********4040
B1792,P1279,6F165,2026-01-17 11:37:36.952,CONFIRMED,8E,0.0,0.0,0.0,Confirmed Without Payment,IndiGo,BLR,BOM,2026-04-18 10:11:41.703,2026-04-18 11:09:41.703,00:58:00,58.0,BLR → BOM,2026-04-18,2026-04-18,10.0,11.0,False,Matched,2921dbc35c449f8fc04f91f7514cce6ee81dec4d6ea84fb1ee5d9f8e065d0f29,E***r,**********4900
B1793,P1977,SJ104,2025-11-25 11:37:36.952,CONFIRMED,14C,1.0,12515.25,0.0,No Issue,SpiceJet,HYD,DEL,2026-04-18 10:00:41.702,2026-04-18 11:00:42.000,01:00:00.298000,60.0,HYD → DEL,2026-04-18,2026-04-18,10.0,11.0,False,Matched,a7dfd0570e55a09376713a56beb8c17ce8743f5c81bc54ca8eae3f40b6d701ab,J***k,**********6899
B1794,P1304,UK160,2025-06-26 11:37:36.952,CONFIRMED,8D,0.0,0.0,0.0,Confirmed Without Payment,Vistara,BLR,BOM,2026-04-18 06:42:41.703,2026-04-18 10:58:41.703,04:16:00,256.0,BLR → BOM,2026-04-18,2026-04-18,6.0,10.0,False,Matched,c779190e99477ab32b28f6daa0151e0eab1034ca0e5acd3f9e4ffc8b3259756e,L***i,**********2055
B1795,P1145,UK160,2026-03-21 11:37:36.952,PENDING,9C,1.0,11714.65,0.0,No Issue,Vistara,BLR,BOM,2026-04-18 06:42:41.703,2026-04-18 10:58:41.703,04:16:00,256.0,BLR → BOM,2026-04-18,2026-04-18,6.0,10.0,False,Matched,b3312b0b6152eceb5135cd803214643e78f361ce1c8cefe7e46a45e57cf1d442,M***a,**********1256
B1796,P1774,SJ230,2025-11-28 11:37:36.952,CONFIRMED,9B,0.0,0.0,0.0,Confirmed Without Payment,SpiceJet,BOM,CCU,2026-04-18 06:22:41.704,2026-04-18 10:57:41.704,04:35:00,275.0,BOM → CCU,2026-04-18,2026-04-18,6.0,10.0,False,Matched,912c45fda4856be49228fe91f4a1277214e15732ab0c8280464a9b9b14716d3d,K***u,**********4004
B1797,P1515,AI042,2025-06-03 11:37:36.952,CANCELLED,1A,0.0,0.0,0.0,No Issue,Air India,CCU,DEL,2026-04-18 09:53:41.701,2026-04-18 10:57:41.701,01:04:00,64.0,CCU → DEL,2026-04-18,2026-04-18,9.0,10.0,False,Matched,eea73527e427e74aa79e60b8884456a3a517f9d59ce7b7b8d774cae0e0b4198e,S***e,**********9536
B1798,P1089,UK197,2025-05-16 11:37:36.952,CONFIRMED,23E,2.0,14793.78,1.0,Missing Payment Amount,Vistara,BLR,HYD,2026-04-18 09:22:41.703,2026-04-18 10:54:41.703,01:32:00,92.0,BLR → HYD,2026-04-18,2026-04-18,9.0,10.0,False,Matched,9c71f9d3a6e780e79d360d616348fe272d3e537e49bab8068cf40013d6ab04d3,L***e,**********7952
B1799,P1452,AI107,2026-02-05 11:37:36.952,PENDING,16E,0.0,0.0,0.0,No Issue,Air India,HYD,CCU,2026-04-18 10:03:41.702,2026-04-18 10:49:41.702,00:46:00,46.0,HYD → CCU,2026-04-18,2026-04-18,10.0,10.0,False,Matched,6bf15e3f33b925a335606a3f9cc3a8ca22a6a97aee7599432dd968133d716345,J***o,**********3044
B1800,P1059,SJ128,2025-08-22 11:37:36.952,PENDING,7F,1.0,4478.56,0.0,No Issue,SpiceJet,CCU,BLR,2026-04-18 07:39:41.702,2026-04-18 10:42:41.702,03:03:00,183.0,CCU → BLR,2026-04-18,2026-04-18,7.0,10.0,False,Matched,eef52c1399aedc9a0c59664725cae3b046b594615a0160dcd904b485b78e0246,D***k,**********2677
B1801,P1310,6F121,2026-04-14 11:37:36.952,PENDING,34F,0.0,0.0,0.0,No Issue,IndiGo,HYD,MAA,2026-04-18 05:44:41.702,2026-04-18 10:42:41.702,04:58:00,298.0,HYD → MAA,2026-04-18,2026-04-18,5.0,10.0,False,Matched,2137a0d6eb13d49ad96fd4d2057c59000a1a3b5e24e1f688c05f746feab81733,Z***r,**********4800
B1802,P1527,AI111,2025-06-30 11:37:36.952,,16B,1.0,2072.55,0.0,No Issue,Air India,MAA,CCU,2026-04-18 07:40:41.702,2026-04-18 10:39:41.702,02:59:00,179.0,MAA → CCU,2026-04-18,2026-04-18,7.0,10.0,False,Matched,54ef2484bfb7d6fcd9c07e7406715d71ccf8e7676066f0c2ce34a41873c103c6,A***l,**********6611
B1803,P1226,SJ137,2026-02-21 11:37:36.952,CONFIRMED,24F,1.0,5663.2,0.0,No Issue,SpiceJet,CCU,DEL,2026-04-18 06:08:41.702,2026-04-18 10:14:41.702,04:06:00,246.0,CCU → DEL,2026-04-18,2026-04-18,6.0,10.0,False,Matched,3c71fb9d6c85ef2d0b970be13d1e8c3d49d7cdbb3c5a482bda256bec2c96ed52,X***a,**********2358
B1804,P1473,AI232,2025-11-12 11:37:36.952,CONFIRMED,1F,1.0,9496.04,0.0,No Issue,Air India,DEL,BLR,2026-04-18 06:43:41.704,2026-04-18 10:13:41.704,03:30:00,210.0,DEL → BLR,2026-04-18,2026-04-18,6.0,10.0,False,Matched,516fa95af3ca4c7b4bab79741cbf204d847ccf30c100dc5a5ac9f2d781da663e,L***l,**********7409
B1805,P1977,SJ113,2025-10-26 11:37:36.952,CONFIRMED,14B,1.0,0.0,1.0,Missing Payment Amount,SpiceJet,BLR,BOM,2026-04-18 08:10:41.702,2026-04-18 10:10:42.000,02:00:00.298000,120.0,BLR → BOM,2026-04-18,2026-04-18,8.0,10.0,False,Matched,56d5c7476d10e16412dd57f2a6e0c1be1067f48d4b502f9a6ba39e110fa30d92,A***d,**********0072
B1806,P1540,AI117,2025-08-02 11:37:36.952,CANCELLED,17A,1.0,14488.78,0.0,Cancelled With Payment,Air India,HYD,BLR,2026-04-18 08:18:41.702,2026-04-18 10:09:41.702,01:51:00,111.0,HYD → BLR,2026-04-18,2026-04-18,8.0,10.0,False,Matched,b6e51833d26c78a53bb09873a7edda69d8a2039f6507341a66251cceb8507474,S***a,**********5917
B1807,P1662,6F185,2025-06-28 11:37:36.952,CANCELLED,12C,1.0,1759.8,0.0,Cancelled With Payment,IndiGo,CCU,DEL,2026-04-18 07:49:41.703,2026-04-18 10:08:41.703,02:19:00,139.0,CCU → DEL,2026-04-18,2026-04-18,7.0,10.0,False,Matched,e37166d7121c8d90f38e15c5d648e97f2423389910b4e31391a53eeaaad549a2,B***n,**********0544
B1808,P1756,AI194,2026-01-26 11:37:36.952,PENDING,3B,0.0,0.0,0.0,No Issue,Air India,MAA,BLR,2026-04-18 05:09:41.703,2026-04-18 09:38:41.703,04:29:00,269.0,MAA → BLR,2026-04-18,2026-04-18,5.0,9.0,False,Matched,24f75f7198e41855863afbee5d7465be7050a2bcec2413b7b425d5bfd08c7355,R***s,**********8184
B1809,P1781,UK045,2026-04-09 11:37:36.952,PENDING,13B,1.0,2114.98,0.0,No Issue,Vistara,MAA,HYD,2026-04-18 07:43:41.701,2026-04-18 09:28:41.701,01:45:00,105.0,MAA → HYD,2026-04-18,2026-04-18,7.0,9.0,False,Matched,4568afa34a4cb48fdc7ec77f9022dbc77e8db95c1ab3c337e0d302ee780a24b7,K***h,**********6068
B1810,P1078,6F228,2026-03-20 11:37:36.952,CONFIRMED,34B,0.0,0.0,0.0,Confirmed Without Payment,IndiGo,HYD,MAA,2026-04-18 04:36:41.704,2026-04-18 09:27:41.704,04:51:00,291.0,HYD → MAA,2026-04-18,2026-04-18,4.0,9.0,False,Matched,703372582d619254cec03f93a7f2c0ccbd7c2504a9714dec129d45a21765482b,S***a,**********6421
B1811,P1432,SJ190,2026-04-04 11:37:36.952,CANCELLED,25A,1.0,9625.29,0.0,Cancelled With Payment,SpiceJet,BOM,CCU,2026-04-18 04:57:41.703,2026-04-18 09:25:41.703,04:28:00,268.0,BOM → CCU,2026-04-18,2026-04-18,4.0,9.0,False,Matched,d65fda1865faf86bea04d8907bf8bd48610c6d74daf9aa08322341c35138eb23,S***l,**********0858
B1812,P1800,AI156,2026-01-06 11:37:36.952,CANCELLED,8A,1.0,1736.99,0.0,Cancelled With Payment,Air India,CCU,BOM,2026-04-18 07:39:41.703,2026-04-18 09:22:41.703,01:43:00,103.0,CCU → BOM,2026-04-18,2026-04-18,7.0,9.0,False,Matched,eb85d00ee61f47fb3564718e09ca5c549282c6b366ebc3c3b4d9103eaf0f5431,E***n,**********5943
B1813,P1152,AI104,2025-04-21 11:37:36.952,,9D,0.0,0.0,0.0,No Issue,Air India,MAA,HYD,2026-04-18 07:35:41.702,2026-04-18 09:20:41.702,01:45:00,105.0,MAA → HYD,2026-04-18,2026-04-18,7.0,9.0,False,Matched,5b4553e334b63a708f2ef02f87c86d2f2449422c944a5781b0861b4b073ab75b,D***n,**********9254
B1814,P1788,UK033,2025-06-22 11:37:36.952,CONFIRMED,26C,2.0,9940.19,0.0,No Issue,Vistara,HYD,DEL,2026-04-18 04:34:41.701,2026-04-18 09:18:41.701,04:44:00,284.0,HYD → DEL,2026-04-18,2026-04-18,4.0,9.0,False,Matched,65e8422d839596f942c9cf2923fb31cee842641790c8d4e3ea3710d5d7571349,C***r,**********2354
B1815,P1400,UK137,2025-05-01 11:37:36.952,PENDING,3C,2.0,6355.84,0.0,No Issue,Vistara,BOM,MAA,2026-04-18 07:04:41.703,2026-04-18 09:14:41.703,02:10:00,130.0,BOM → MAA,2026-04-18,2026-04-18,7.0,9.0,False,Matched,2484c5616cc9fb06c16949a02384f853845691b6b9ac16c887c8f541caeb4eac,O***k,**********2431
B1816,P1278,UK214,2025-06-21 11:37:36.952,PENDING,20F,2.0,4762.94,1.0,Missing Payment Amount,Vistara,HYD,DEL,2026-04-18 05:30:41.704,2026-04-18 09:10:41.704,03:40:00,220.0,HYD → DEL,2026-04-18,2026-04-18,5.0,9.0,False,Matched,cce67ae025959daaa0c33441e12d74ab330c519a30fcca05bce886d7ea18481c,Y***r,**********0724
B1817,P1056,6F033,2025-06-07 11:37:36.952,PENDING,28D,2.0,19018.62,0.0,No Issue,IndiGo,DEL,HYD,2026-04-18 07:08:41.701,2026-04-18 09:08:41.701,02:00:00,120.0,DEL → HYD,2026-04-18,2026-04-18,7.0,9.0,False,Matched,ed6179e2a5466ef6f12a6b58e42f42ce65cb0ee40f629a71866e3e4a7a7980f0,J***r,**********5836
B1818,P1976,AI114,2025-11-07 11:37:36.952,CONFIRMED,26B,1.0,4317.72,0.0,No Issue,Air India,CCU,DEL,2026-04-18 07:48:41.702,2026-04-18 09:03:41.702,01:15:00,75.0,CCU → DEL,2026-04-18,2026-04-18,7.0,9.0,False,Matched,e77286a7fc8c0918f3b11f1bcae191b56ddb149fc16ce1ca86cce608f8b6b052,L***a,**********6645
B1819,P1185,AI017,2026-01-19 11:37:36.952,CONFIRMED,21E,0.0,0.0,0.0,Confirmed Without Payment,Air India,CCU,BOM,2026-04-18 05:15:41.701,2026-04-18 08:48:41.701,03:33:00,213.0,CCU → BOM,2026-04-18,2026-04-18,5.0,8.0,False,Matched,89253e839728ffee2e752cee367b1737c78c3c351d747362ebe526f49c2bc456,W***l,**********3150
B1820,P1397,6F244,2025-12-01 11:37:36.952,PENDING,18E,2.0,22474.87,0.0,No Issue,IndiGo,MAA,CCU,2026-04-18 07:07:41.704,2026-04-18 08:31:41.704,01:24:00,84.0,MAA → CCU,2026-04-18,2026-04-18,7.0,8.0,False,Matched,c02bc93ead6158f637fcbcc9d2144ce70812bb1ca39829eae4a6173900020523,J***y,**********9804
B1821,P1604,6F160,2025-11-27 11:37:36.952,PENDING,1C,3.0,5390.05,2.0,Missing Payment Amount,IndiGo,MAA,BLR,2026-04-18 04:09:41.703,2026-04-18 08:26:41.703,04:17:00,257.0,MAA → BLR,2026-04-18,2026-04-18,4.0,8.0,False,Matched,09b389447f89b57019429810e1e088ce198adccd799bb24afb7965b182d774e8,U***l,**********1814
B1822,P1787,6F088,2026-01-05 11:37:36.952,CANCELLED,17D,1.0,7545.61,0.0,Cancelled With Payment,IndiGo,CCU,BLR,2026-04-18 05:51:41.702,2026-04-18 08:22:41.702,02:31:00,151.0,CCU → BLR,2026-04-18,2026-04-18,5.0,8.0,False,Matched,c6659e6f9a3ce2ac3115dc3fb14ff4a84a6a4cc2b655de3284209fddf9ac3721,G***i,**********4944
B1823,P1157,6F155,2025-11-26 11:37:36.952,CANCELLED,19E,1.0,7854.23,0.0,Cancelled With Payment,IndiGo,DEL,BLR,2026-04-18 07:47:41.703,2026-04-18 08:20:41.703,00:33:00,33.0,DEL → BLR,2026-04-18,2026-04-18,7.0,8.0,False,Matched,784d546f628723ab8cede91b1f5b4eba2c57f3c353f83f691a7c6607fd17cd6e,D***o,**********9978
B1824,P1786,AI095,2026-04-15 11:37:36.952,PENDING,9B,1.0,10599.9,0.0,No Issue,Air India,DEL,MAA,2026-04-18 05:00:41.702,2026-04-18 08:18:41.702,03:18:00,198.0,DEL → MAA,2026-04-18,2026-04-18,5.0,8.0,False,Matched,e97d0383fe86aa5a71c3fd254e9a3288f576fc0bee8368e4eaec167a8161fd93,V***a,**********9591
B1825,P1692,6F139,2025-05-17 11:37:36.952,PENDING,5E,1.0,5950.28,0.0,No Issue,IndiGo,HYD,MAA,2026-04-18 04:55:41.702,2026-04-18 08:17:41.702,03:22:00,202.0,HYD → MAA,2026-04-18,2026-04-18,4.0,8.0,False,Matched,0740083a652c7a97a06c3ab11e0fe7040bc071c8344bc8b42c4c90d6fc6d18a9,N***t,**********3447
B1826,P1358,6F101,2025-07-11 11:37:36.952,CANCELLED,19A,1.0,5128.12,0.0,Cancelled With Payment,IndiGo,BOM,MAA,2026-04-18 03:18:41.702,2026-04-18 08:15:41.702,04:57:00,297.0,BOM → MAA,2026-04-18,2026-04-18,3.0,8.0,False,Matched,4c069f6064232614bfdb5f56f69f4aa8fa6d3f963a922ba58730372999c23134,E***s,**********1324
B1827,P1439,AI054,2025-06-23 11:37:36.952,PENDING,20D,2.0,26463.98,0.0,No Issue,Air India,HYD,CCU,2026-04-18 03:44:41.701,2026-04-18 08:10:41.701,04:26:00,266.0,HYD → CCU,2026-04-18,2026-04-18,3.0,8.0,False,Matched,c47053969b849f627f55640a32d82cc9f0693392291375fdb07ce53158502ef4,E***h,**********8662
B1828,P1588,SJ094,2025-05-18 11:37:36.952,CANCELLED,25B,1.0,9418.44,0.0,Cancelled With Payment,SpiceJet,MAA,HYD,2026-04-18 03:23:41.702,2026-04-18 08:07:41.702,04:44:00,284.0,MAA → HYD,2026-04-18,2026-04-18,3.0,8.0,False,Matched,05e9db9f9ff03e2a2a9ec835c7a51d0b9595d2b8852881398433552022e8bfbf,S***a,**********0685
B1829,P1465,6F217,2026-01-15 11:37:36.952,CANCELLED,4E,1.0,4847.06,0.0,Cancelled With Payment,IndiGo,BLR,BOM,2026-04-18 05:13:41.704,2026-04-18 08:01:41.704,02:48:00,168.0,BLR → BOM,2026-04-18,2026-04-18,5.0,8.0,False,Matched,c5d2ffbfa44190105efb7952e53df0bfa89db4ebe2d88838dbd6eb2a0bd96b00,Z***n,**********4517
B1830,P1662,6F100,2026-04-15 11:37:36.952,CANCELLED,23C,1.0,12651.33,0.0,Cancelled With Payment,IndiGo,BOM,BLR,2026-04-18 04:40:41.702,2026-04-18 07:49:41.702,03:09:00,189.0,BOM → BLR,2026-04-18,2026-04-18,4.0,7.0,False,Matched,f0c2ba88726e4eb0106ed1769552ea0178774ea9d26ee5b000f02f9f36b94c21,K***l,**********1529
B1831,P1445,6F081,2026-02-05 11:37:36.952,CONFIRMED,21C,2.0,25995.510000000002,0.0,No Issue,IndiGo,MAA,BLR,2026-04-18 06:04:41.702,2026-04-18 07:43:41.702,01:39:00,99.0,MAA → BLR,2026-04-18,2026-04-18,6.0,7.0,False,Matched,344f7c8a5ee6580c479b9e69db5ad6b0ce3fcfc7656b04fc5d07ca44c18c6d44,K***t,**********6991
B1832,P1749,SJ156,2025-06-17 11:37:36.952,CONFIRMED,4D,1.0,11197.41,0.0,No Issue,SpiceJet,BOM,DEL,2026-04-18 06:59:41.703,2026-04-18 07:34:41.703,00:35:00,35.0,BOM → DEL,2026-04-18,2026-04-18,6.0,7.0,False,Matched,67e813b76bf33d2cd58239f3abf0784efd7a07801aa0652df8f4ff7f35b0b3b2,Y***a,**********2142
B1833,P1800,6F060,2025-06-07 11:37:36.952,PENDING,27D,1.0,5872.19,0.0,No Issue,IndiGo,DEL,BLR,2026-04-18 05:29:41.701,2026-04-18 07:29:42.000,02:00:00.299000,120.0,DEL → BLR,2026-04-18,2026-04-18,5.0,7.0,False,Matched,1c6fae528078b8d04499bd24209a1a204af3c9dcf7e0dfb44a2201db281dd9c3,J***a,**********4267
B1834,P1742,UK129,2025-08-14 11:37:36.952,CANCELLED,33E,1.0,7570.53,0.0,Cancelled With Payment,Vistara,HYD,MAA,2026-04-18 06:29:41.702,2026-04-18 07:29:42.000,01:00:00.298000,60.0,HYD → MAA,2026-04-18,2026-04-18,6.0,7.0,False,Matched,7c0ccb54f288e13cfa4534f3269ca13348ead6fba5f00837ce8c928fa7616a9c,M***i,**********1511
B1835,P1487,UK032,2026-02-07 11:37:36.952,CONFIRMED,2E,0.0,0.0,0.0,Confirmed Without Payment,Vistara,BLR,BOM,2026-04-18 03:31:41.701,2026-04-18 07:28:41.701,03:57:00,237.0,BLR → BOM,2026-04-18,2026-04-18,3.0,7.0,False,Matched,c8af127b0eb2192ae8f3a73131db1c8db99a468f23d9cf41852cd0562fe61007,N***n,**********2240
B1836,P1529,AI166,2025-09-23 11:37:36.952,PENDING,13A,0.0,0.0,0.0,No Issue,Air India,BOM,CCU,2026-04-18 04:20:41.703,2026-04-18 07:23:41.703,03:03:00,183.0,BOM → CCU,2026-04-18,2026-04-18,4.0,7.0,False,Matched,82f32974bca2d4fed02d75f755a21d9b0ad46b742ede29223d7e4a085083de89,E***r,**********3090
B1837,P1072,SJ056,2025-10-31 11:37:36.952,PENDING,22F,3.0,39342.91,0.0,No Issue,SpiceJet,HYD,DEL,2026-04-18 06:11:41.701,2026-04-18 07:10:41.701,00:59:00,59.0,HYD → DEL,2026-04-18,2026-04-18,6.0,7.0,False,Matched,0962aea689fc9ad53d09c7ba2738d67eda7b38187e82e123922240d0437dc85f,H***n,**********9029
B1838,P1928,SJ101,2025-06-12 11:37:36.952,PENDING,18F,0.0,0.0,0.0,No Issue,SpiceJet,CCU,DEL,2026-04-18 05:17:41.702,2026-04-18 06:57:41.702,01:40:00,100.0,CCU → DEL,2026-04-18,2026-04-18,5.0,6.0,False,Matched,377808e9942f148dec5b307b1dbce7e5e6e27c5fc3a5f6272965dcf7383b384c,B***r,**********8297
B1839,P1927,SJ065,2025-05-09 11:37:36.952,PENDING,9C,2.0,16796.17,0.0,No Issue,SpiceJet,MAA,BLR,2026-04-18 04:10:41.701,2026-04-18 06:54:41.701,02:44:00,164.0,MAA → BLR,2026-04-18,2026-04-18,4.0,6.0,False,Matched,5c66d8c55ac02fd8ec93332a65fd949da3d29e2daa61a6b993feac65106cc95e,Z***e,**********8494
B1840,P1700,SJ100,2025-04-19 11:37:36.952,PENDING,34A,1.0,7085.2,0.0,No Issue,SpiceJet,MAA,BLR,2026-04-18 03:28:41.702,2026-04-18 06:50:41.702,03:22:00,202.0,MAA → BLR,2026-04-18,2026-04-18,3.0,6.0,False,Matched,6758aefbb2a1b57b92147501d34141cb9f6f64773dddad4fd7c753c7f29fb6cf,A***s,**********6349
B1841,P1949,UK011,2025-10-24 11:37:36.952,CANCELLED,1E,0.0,0.0,0.0,No Issue,Vistara,CCU,DEL,2026-04-18 04:41:41.701,2026-04-18 06:25:41.701,01:44:00,104.0,CCU → DEL,2026-04-18,2026-04-18,4.0,6.0,False,Matched,505d5425c20f90d91f883a3622ae450e687a71ad48de2f163e5a90f8d65d2456,C***a,**********8358
B1842,P1016,6F062,2026-02-17 11:37:36.952,PENDING,3B,2.0,9813.82,0.0,No Issue,IndiGo,CCU,DEL,2026-04-18 04:55:41.701,2026-04-18 06:22:41.701,01:27:00,87.0,CCU → DEL,2026-04-18,2026-04-18,4.0,6.0,False,Matched,0b5e9c32c5343b69bccd337b1204a3b59d52f1dc621b25bb56003d37e1d816e2,G***r,**********0123
B1843,P1530,SJ176,2025-08-15 11:37:36.952,CANCELLED,23E,2.0,5648.049999999999,0.0,Cancelled With Payment,SpiceJet,DEL,BOM,2026-04-18 04:15:41.703,2026-04-18 06:17:41.703,02:02:00,122.0,DEL → BOM,2026-04-18,2026-04-18,4.0,6.0,False,Matched,3cebec895481e8b32f60008adb5dc4d794e0d6b6ee967d0684988eb4a2dd6c5b,O***e,**********4938
B1844,P1730,6F120,2025-11-26 11:37:36.952,CONFIRMED,3B,2.0,7078.61,1.0,Missing Payment Amount,IndiGo,BLR,BOM,2026-04-18 05:14:41.702,2026-04-18 06:14:41.702,01:00:00,60.0,BLR → BOM,2026-04-18,2026-04-18,5.0,6.0,False,Matched,a5d7e81e999cd29c3d51e0c563741d6c9d9370ef32d33762c2fa97e5e3b78c7e,O***h,**********6465
B1845,P1325,AI121,2026-03-05 11:37:36.952,PENDING,24A,1.0,3147.85,0.0,No Issue,Air India,HYD,MAA,2026-04-18 02:42:41.702,2026-04-18 06:11:41.702,03:29:00,209.0,HYD → MAA,2026-04-18,2026-04-18,2.0,6.0,False,Matched,40f7815268ab7d7fda89afa9a9ef5bb077e49dc4886580a90b708fd4b2da4f44,B***n,**********1803
B1846,P1994,UK072,2025-08-30 11:37:36.952,CONFIRMED,34F,1.0,8100.01,0.0,No Issue,Vistara,BOM,BLR,2026-04-18 02:55:41.702,2026-04-18 05:55:42.000,03:00:00.298000,180.0,BOM → BLR,2026-04-18,2026-04-18,2.0,5.0,False,Matched,27c8d3755ffe5fd70acd7ea613de660ceda3ab1e5c337a5f8f8c6bcca4cac6eb,F***h,**********8958
B1847,P1631,AI006,2026-04-06 11:37:36.952,CANCELLED,11B,1.0,10999.02,0.0,Cancelled With Payment,Air India,BOM,BLR,2026-04-18 03:04:41.701,2026-04-18 05:54:41.701,02:50:00,170.0,BOM → BLR,2026-04-18,2026-04-18,3.0,5.0,False,Matched,fca14ef5201992db163bc7e53ce027457a75f9ea59e5f456c7f86a0001305afb,A***e,**********7140
B1848,P1612,SJ231,2025-05-19 11:37:36.952,CANCELLED,30D,2.0,6682.0,0.0,Cancelled With Payment,SpiceJet,DEL,BLR,2026-04-18 04:23:41.704,2026-04-18 05:48:41.704,01:25:00,85.0,DEL → BLR,2026-04-18,2026-04-18,4.0,5.0,False,Matched,38b3d62ea2d2db3341bf3c055050d0ea58d521bd6e3a0e3c17a89d03cfb48e6f,O***n,**********7655
B1849,P1545,SJ129,2025-06-24 11:37:36.952,,12E,0.0,0.0,0.0,No Issue,SpiceJet,CCU,BOM,2026-04-18 01:48:41.702,2026-04-18 05:48:41.702,04:00:00,240.0,CCU → BOM,2026-04-18,2026-04-18,1.0,5.0,False,Matched,c4f43529edcaf4d8b5c2c09c58e04c69ddd3bf0a28efd9ba4327a3609cb97391,W***n,**********6604
B1850,P1595,6F110,2025-04-21 11:37:36.952,PENDING,33B,2.0,22212.88,0.0,No Issue,IndiGo,HYD,DEL,2026-04-18 02:27:41.702,2026-04-18 05:48:41.702,03:21:00,201.0,HYD → DEL,2026-04-18,2026-04-18,2.0,5.0,False,Matched,86678ea921584c027e48545b56c11aa5ecd5fea456e618cddcd30c2708bd4d9d,C***n,**********9822
B1851,P1920,6F231,2025-11-26 11:37:36.952,PENDING,2D,0.0,0.0,0.0,No Issue,IndiGo,HYD,MAA,2026-04-18 01:16:41.704,2026-04-18 05:43:41.704,04:27:00,267.0,HYD → MAA,2026-04-18,2026-04-18,1.0,5.0,False,Matched,8b82eab6b4545a9a6f3ce201ef0e5dde52a08e208fd5e10f400db5f7b65a54aa,Y***i,**********7673
B1852,P1707,6F095,2025-08-09 11:37:36.952,CONFIRMED,33E,1.0,2491.83,0.0,No Issue,IndiGo,BLR,MAA,2026-04-18 01:53:41.702,2026-04-18 05:34:41.702,03:41:00,221.0,BLR → MAA,2026-04-18,2026-04-18,1.0,5.0,False,Matched,6ad9b8fd28ffccf49264adcda3ecb143ce25f7b48adabc0ed75c102a092edb82,C***y,**********6582
B1853,P1841,UK054,2025-05-05 11:37:36.952,CONFIRMED,18F,1.0,8948.88,0.0,No Issue,Vistara,BLR,BOM,2026-04-18 00:37:41.701,2026-04-18 05:30:41.701,04:53:00,293.0,BLR → BOM,2026-04-18,2026-04-18,0.0,5.0,False,Matched,ed731eeabf504aa10d6d7d327a6d5be609de648cb002985abaa9040ddcc9bff3,E***n,**********0990
B1854,P1201,SJ123,2025-08-10 11:37:36.952,CONFIRMED,29D,4.0,33343.83,0.0,No Issue,SpiceJet,BOM,CCU,2026-04-18 03:57:41.702,2026-04-18 05:25:41.702,01:28:00,88.0,BOM → CCU,2026-04-18,2026-04-18,3.0,5.0,False,Matched,7f617c35090f09028d7fd7015b67c7d4a4709ec89b1cdd84daa18c87d0deabf4,N***f,**********2192
B1855,P1343,6F006,2026-01-04 11:37:36.952,PENDING,3D,2.0,21909.6,0.0,No Issue,IndiGo,BOM,BLR,2026-04-18 03:06:41.701,2026-04-18 05:06:42.000,02:00:00.299000,120.0,BOM → BLR,2026-04-18,2026-04-18,3.0,5.0,False,Matched,2b7ce9c324d52a6c5fc08bb0cfcac7f9816668ec37ddf7a7ef0883d8b7f8f6ea,O***e,**********4333
B1856,P1852,UK226,2025-05-04 11:37:36.952,PENDING,4E,2.0,25660.08,0.0,No Issue,Vistara,MAA,HYD,2026-04-18 03:58:41.704,2026-04-18 05:01:41.704,01:03:00,63.0,MAA → HYD,2026-04-18,2026-04-18,3.0,5.0,False,Matched,73ed2bc7916b9ce95651b90bf6e6fe2b653aeeee536b7c03c50e52bf4991f4ed,U***i,**********8415
B1857,P1522,AI065,2026-03-07 11:37:36.952,PENDING,17E,2.0,17650.920000000002,0.0,No Issue,UNKNOWN,MAA,BLR,2026-04-18 00:09:41.701,2026-04-18 05:00:41.701,04:51:00,291.0,MAA → BLR,2026-04-18,2026-04-18,0.0,5.0,False,Matched,1b269821155b17291f92bdd734f545935af8af2f82b4c42c875efd668db9cc8d,H***n,**********4646
B1858,P1858,6F008,2025-11-25 11:37:36.952,,10B,0.0,0.0,0.0,No Issue,IndiGo,DEL,BOM,2026-04-18 00:14:41.701,2026-04-18 04:59:41.701,04:45:00,285.0,DEL → BOM,2026-04-18,2026-04-18,0.0,4.0,False,Matched,b05d5077011bcebecc862f56e36eb5d0e0856eb5548584b618df051c19a90347,D***r,**********6025
B1859,P1399,AI195,2025-11-11 11:37:36.952,PENDING,7B,0.0,0.0,0.0,No Issue,Air India,CCU,MAA,2026-04-18 02:58:41.703,2026-04-18 04:57:41.703,01:59:00,119.0,CCU → MAA,2026-04-18,2026-04-18,2.0,4.0,False,Matched,73f723ba52ae0d3def30fa7a8c53b1e062c7295e54563625df4ea63cd5a39121,H***i,**********3071
B1860,P1217,UK043,2025-08-01 11:37:36.952,,3A,2.0,9531.5,0.0,No Issue,UNKNOWN,DEL,HYD,2026-04-18 00:48:41.701,2026-04-18 04:52:41.701,04:04:00,244.0,DEL → HYD,2026-04-18,2026-04-18,0.0,4.0,False,Matched,af827a01b509e6ae6a924b8c8248cd3985d8d4d012c66a515cb38f31148661ca,K***r,**********0640
B1861,P1444,AI125,2025-10-15 11:37:36.952,CONFIRMED,25E,1.0,9044.04,0.0,No Issue,UNKNOWN,CCU,DEL,2026-04-18 01:12:41.702,2026-04-18 04:51:41.702,03:39:00,219.0,CCU → DEL,2026-04-18,2026-04-18,1.0,4.0,False,Matched,cadf4859991b0f08442c71f2f384c565ba41d42f47e6a2099121b491b131f9bd,Y***n,**********4769
B1862,P1764,AI089,2025-10-05 11:37:36.952,PENDING,21A,0.0,0.0,0.0,No Issue,Air India,CCU,BOM,2026-04-18 04:05:41.702,2026-04-18 04:47:41.702,00:42:00,42.0,CCU → BOM,2026-04-18,2026-04-18,4.0,4.0,False,Matched,0ba639f080c17c05c618e5dff5b7ec481deb94860b1c5d9bcd4fd319fb6edaa6,E***a,**********4480
B1863,P1221,UK019,2026-02-12 11:37:36.952,CONFIRMED,22C,2.0,22928.67,0.0,No Issue,Vistara,BOM,HYD,2026-04-18 03:41:41.701,2026-04-18 04:35:41.701,00:54:00,54.0,BOM → HYD,2026-04-18,2026-04-18,3.0,4.0,False,Matched,2c8b1e3f7745d80a59e09e896ec39f63a1452f2e803e1b07b82ea68ccd3f5f69,U***s,**********8235
B1864,P1382,UK078,2025-09-27 11:37:36.952,CANCELLED,22C,1.0,10081.04,0.0,Cancelled With Payment,Vistara,BOM,HYD,2026-04-18 01:03:41.702,2026-04-18 04:32:41.702,03:29:00,209.0,BOM → HYD,2026-04-18,2026-04-18,1.0,4.0,False,Matched,9a98890c43ab6d738ba30badad60d43096ad8b32afeb38e1ee6902b5352d6937,A***a,**********9220
B1865,P1880,SJ009,2025-07-28 11:37:36.952,CANCELLED,15E,1.0,11740.51,0.0,Cancelled With Payment,SpiceJet,CCU,BLR,2026-04-18 02:48:41.701,2026-04-18 04:23:41.701,01:35:00,95.0,CCU → BLR,2026-04-18,2026-04-18,2.0,4.0,False,Matched,a20234a1879c3ba2a996acbfbe358ab884213bb023dcf78a63076012dc87e306,Y***l,**********2016
B1866,P1591,UK178,2026-01-28 11:37:36.952,CONFIRMED,7A,1.0,4987.99,0.0,No Issue,Vistara,DEL,BLR,2026-04-17 23:41:41.703,2026-04-18 04:09:41.703,04:28:00,268.0,DEL → BLR,2026-04-17,2026-04-18,23.0,4.0,True,Matched,ee7a801ac64c206dabd8579ff009fe2a9e990d3c698b16569372474fe2984461,G***i,**********2871
B1867,P1006,UK018,2025-11-23 11:37:36.952,CONFIRMED,13D,1.0,8158.17,0.0,No Issue,Vistara,BOM,CCU,2026-04-18 02:15:41.701,2026-04-18 04:08:41.701,01:53:00,113.0,BOM → CCU,2026-04-18,2026-04-18,2.0,4.0,False,Matched,e1185cbe1d9a066e6c2e0b935e9ceed0f6bd08569ce6001414a074215e8ededf,B***n,**********4928
B1868,P1271,SJ059,2026-04-10 11:37:36.952,CANCELLED,29E,0.0,0.0,0.0,No Issue,SpiceJet,CCU,DEL,2026-04-18 02:50:41.701,2026-04-18 04:06:41.701,01:16:00,76.0,CCU → DEL,2026-04-18,2026-04-18,2.0,4.0,False,Matched,5c8f3466e8ea9194db8744fbccacfa8711c17d627bcd9723497fc7864ae74401,O***i,**********9805
B1869,P1738,UK108,2026-02-04 11:37:36.952,CONFIRMED,19C,2.0,21553.27,0.0,No Issue,Vistara,DEL,BLR,2026-04-18 00:28:41.702,2026-04-18 03:46:41.702,03:18:00,198.0,DEL → BLR,2026-04-18,2026-04-18,0.0,3.0,False,Matched,bda456f6e93a598740fb7b630dc7636793ac21f202d3dbd2287b936b351b0852,N***g,**********0712
B1870,P1015,6F045,2025-04-25 11:37:36.952,CANCELLED,5D,0.0,0.0,0.0,No Issue,IndiGo,BOM,HYD,2026-04-17 23:04:41.701,2026-04-18 03:38:41.701,04:34:00,274.0,BOM → HYD,2026-04-17,2026-04-18,23.0,3.0,True,Matched,6e6bfc99c9c06272fd6378ecc1b4af1e8ab8b57a5524bb6248ecaf46876a77dc,D***a,**********6506
B1871,P1423,AI144,2025-10-04 11:37:36.952,CANCELLED,23E,0.0,0.0,0.0,No Issue,Air India,MAA,BOM,2026-04-18 00:43:41.702,2026-04-18 03:36:41.702,02:53:00,173.0,MAA → BOM,2026-04-18,2026-04-18,0.0,3.0,False,Matched,8f2d93a86434f0def24ea2a06c76636e0bbc41de6fe1a88c2143d7afa22f93b7,N***a,**********4791
B1872,P1523,AI244,2025-07-09 11:37:36.952,PENDING,26E,3.0,14817.12,1.0,Missing Payment Amount,Air India,BLR,BOM,2026-04-18 02:50:41.704,2026-04-18 03:25:41.704,00:35:00,35.0,BLR → BOM,2026-04-18,2026-04-18,2.0,3.0,False,Matched,ac7314a3b694827e2f648d18570799cba02ddfc3700b602fee0bb90411f10e97,Y***l,**********6502
B1873,P1802,6F265,2025-04-25 11:37:36.952,CONFIRMED,11B,3.0,32289.57,0.0,No Issue,UNKNOWN,DEL,HYD,2026-04-18 02:27:41.703,2026-04-18 03:24:41.703,00:57:00,57.0,DEL → HYD,2026-04-18,2026-04-18,2.0,3.0,False,Matched,78407459f2eae92cf3544db8bd6c6fc917fcebcd234c1e9099c8f17516842dce,W***r,**********8875
B1874,P1752,6F108,2026-01-26 11:37:36.952,CONFIRMED,16E,3.0,24444.489999999998,0.0,No Issue,IndiGo,DEL,HYD,2026-04-17 23:41:41.702,2026-04-18 03:23:41.702,03:42:00,222.0,DEL → HYD,2026-04-17,2026-04-18,23.0,3.0,True,Matched,33264ded1e73cec888d060fb2951bf3209a08f1826cf0059a2f1756eaaea7233,W***j,**********6358
B1875,P1020,6F069,2025-06-17 11:37:36.952,PENDING,17D,1.0,0.0,1.0,Missing Payment Amount,IndiGo,MAA,BLR,2026-04-17 23:44:41.701,2026-04-18 03:17:41.701,03:33:00,213.0,MAA → BLR,2026-04-17,2026-04-18,23.0,3.0,True,Matched,7f34b31b8a74481bf12da0beaccb126ddb2985bb71709ab94dabb4c0851618e2,G***y,**********7200
B1876,P1689,6F072,2025-06-14 11:37:36.952,CANCELLED,18F,1.0,11290.32,0.0,Cancelled With Payment,IndiGo,BLR,CCU,2026-04-18 02:14:41.702,2026-04-18 03:11:41.702,00:57:00,57.0,BLR → CCU,2026-04-18,2026-04-18,2.0,3.0,False,Matched,d46918b121864fe1d6475b1b7b41c0a5e2870bd2bce4258cc20fc79b41377638,Y***r,**********2552
B1877,P1938,6F096,2025-11-09 11:37:36.952,CONFIRMED,33F,0.0,0.0,0.0,Confirmed Without Payment,IndiGo,MAA,BLR,2026-04-17 22:45:41.702,2026-04-18 02:58:41.702,04:13:00,253.0,MAA → BLR,2026-04-17,2026-04-18,22.0,2.0,True,Matched,bf9a2e549016485b25ef1f546187d1350218216a92cda5d73d26c5a64cf5f96c,W***e,**********7284
B1878,P1227,SJ233,2025-12-31 11:37:36.952,PENDING,31D,1.0,14778.71,0.0,No Issue,SpiceJet,DEL,HYD,2026-04-18 01:18:41.704,2026-04-18 02:56:41.704,01:38:00,98.0,DEL → HYD,2026-04-18,2026-04-18,1.0,2.0,False,Matched,3a0d7f7bf9b7fd49d1254c7ffa7a8ca8285af77e35f123cb3d4eeb1090ef8d1d,I***a,**********8597
B1879,P1784,AI203,2025-12-03 11:37:36.952,PENDING,9E,1.0,4682.98,0.0,No Issue,Air India,BOM,CCU,2026-04-18 00:09:41.703,2026-04-18 02:56:41.703,02:47:00,167.0,BOM → CCU,2026-04-18,2026-04-18,0.0,2.0,False,Matched,e336afc8c867ecf662d9676b57a53700875ecb00670b7236efe2204a46de346f,C***a,**********1228
B1880,P1287,UK147,2026-03-08 11:37:36.952,CONFIRMED,2E,1.0,11737.0,0.0,No Issue,Vistara,CCU,DEL,2026-04-17 23:35:41.703,2026-04-18 02:55:41.703,03:20:00,200.0,CCU → DEL,2026-04-17,2026-04-18,23.0,2.0,True,Matched,f733bf22e57fdd068c0819c6abfbab3538c9b83e40e0486990711f0b25e064ac,W***l,**********1556
B1881,P1808,UK039,2025-08-26 11:37:36.952,PENDING,8E,0.0,0.0,0.0,No Issue,Vistara,HYD,BOM,2026-04-18 01:40:41.701,2026-04-18 02:53:41.701,01:13:00,73.0,HYD → BOM,2026-04-18,2026-04-18,1.0,2.0,False,Matched,d531397d9fe9a36a3cb9b9d3b56ce64abd6bc0151dc94f7cbfce2d5cb559eaca,B***v,**********6710
B1882,P1133,6F216,2025-10-17 11:37:36.952,CANCELLED,18B,0.0,0.0,0.0,No Issue,IndiGo,BLR,DEL,2026-04-17 21:58:41.704,2026-04-18 02:51:41.704,04:53:00,293.0,BLR → DEL,2026-04-17,2026-04-18,21.0,2.0,True,Matched,f0c17e6da411e7eb81e177e067248b7817ce7303bf6eb2839dbb16ac1b4408b7,A***i,**********0189
B1883,P1983,AI214,2025-11-17 11:37:36.952,PENDING,5B,2.0,7691.33,0.0,No Issue,Air India,CCU,DEL,2026-04-17 22:23:41.703,2026-04-18 02:49:41.703,04:26:00,266.0,CCU → DEL,2026-04-17,2026-04-18,22.0,2.0,True,Matched,dc092e5edf81fcf5f21a9a13af148522047904a8516e244bb95fc8fb11d688a5,R***i,**********7289
B1884,P1282,UK025,2025-08-31 11:37:36.952,CANCELLED,31D,0.0,0.0,0.0,No Issue,Vistara,DEL,BOM,2026-04-17 22:55:41.701,2026-04-18 02:47:41.701,03:52:00,232.0,DEL → BOM,2026-04-17,2026-04-18,22.0,2.0,True,Matched,973ea6687da71a9d2244d1d762f7f5262e8ebd380c5d7b7fa9b0a1475985318c,A***u,**********0744
B1885,P1403,UK053,2025-08-10 11:37:36.952,CANCELLED,11B,1.0,9992.33,0.0,Cancelled With Payment,Vistara,BLR,BOM,2026-04-17 23:56:41.701,2026-04-18 02:46:41.701,02:50:00,170.0,BLR → BOM,2026-04-17,2026-04-18,23.0,2.0,True,Matched,66ecf7c3c34fc56dd0fe5a6681798f2b7c24150761ceeb25c37cbb3e8c507703,N***u,**********1436
B1886,P1664,6F130,2026-02-12 11:37:36.952,,9D,0.0,0.0,0.0,No Issue,IndiGo,DEL,HYD,2026-04-18 01:27:41.702,2026-04-18 02:45:41.702,01:18:00,78.0,DEL → HYD,2026-04-18,2026-04-18,1.0,2.0,False,Matched,28348146ccf5c99964be8b53234eedf2a7b16fae16ccaf708bf98135a2a8fe99,C***n,**********8489
B1887,P1065,6F247,2026-03-09 11:37:36.952,PENDING,23F,1.0,9312.51,0.0,No Issue,IndiGo,DEL,HYD,2026-04-18 01:27:41.702,2026-04-18 02:45:41.702,01:18:00,78.0,DEL → HYD,2026-04-18,2026-04-18,1.0,2.0,False,Matched,a54ee7925788a1c30e4925ef22e3b1a9f84e4aea85f4a997369f215b8b039489,C***r,**********5663
B1888,P1648,6F159,2025-12-25 11:37:36.952,CANCELLED,25C,2.0,14913.74,0.0,Cancelled With Payment,IndiGo,CCU,BOM,2026-04-18 02:08:41.703,2026-04-18 02:43:41.703,00:35:00,35.0,CCU → BOM,2026-04-18,2026-04-18,2.0,2.0,False,Matched,e554f9bfa63b49d1f535b40af1abc4290d353ccb3315e69c4875a4f99a127f9f,J***i,**********2120
B1889,P1603,UK086,2026-02-24 11:37:36.952,CANCELLED,22C,0.0,0.0,0.0,No Issue,Vistara,CCU,BLR,2026-04-17 23:55:41.702,2026-04-18 02:27:41.702,02:32:00,152.0,CCU → BLR,2026-04-17,2026-04-18,23.0,2.0,True,Matched,f06a372de876e39ea3164ce26084361443445fad66167e692936e7eb07f85257,E***u,**********6194
B1890,P1436,6F102,2025-08-30 11:37:36.952,PENDING,12E,1.0,13732.45,0.0,No Issue,IndiGo,HYD,MAA,2026-04-18 01:10:41.702,2026-04-18 02:24:41.702,01:14:00,74.0,HYD → MAA,2026-04-18,2026-04-18,1.0,2.0,False,Matched,e2d2253611ec2328f01eac75c8b5d4af8584da56e137d35a89c4e74b2d3c5dd4,Y***i,**********2127
B1891,P1828,UK186,2026-01-26 11:37:36.952,CANCELLED,18D,2.0,4194.57,0.0,Cancelled With Payment,Vistara,BOM,BLR,2026-04-17 23:05:41.703,2026-04-18 02:22:41.703,03:17:00,197.0,BOM → BLR,2026-04-17,2026-04-18,23.0,2.0,True,Matched,97bdea92636d5c1aeb0b23123b3f173b513dab40a934994e337246684fa47581,A***i,**********5420
B1892,P1933,6F032,2025-08-24 11:37:36.952,PENDING,17F,0.0,0.0,0.0,No Issue,IndiGo,DEL,BOM,2026-04-17 23:43:41.701,2026-04-18 02:22:41.701,02:39:00,159.0,DEL → BOM,2026-04-17,2026-04-18,23.0,2.0,True,Matched,c80b48758f08213c9f7b9be3bd957fe1d5eca34bbeb6e8bfe5bd2e584176408e,K***e,**********0094
B1893,P1258,6F186,2025-08-02 11:37:36.952,CONFIRMED,19A,0.0,0.0,0.0,Confirmed Without Payment,IndiGo,HYD,BOM,2026-04-17 21:48:41.703,2026-04-18 02:02:41.703,04:14:00,254.0,HYD → BOM,2026-04-17,2026-04-18,21.0,2.0,True,Matched,dce988fc36c97786f0fc3b069228618eb2420b0965db97906f37ac93fc1a3dba,M***h,**********1916
B1894,P1979,6F106,2026-02-24 11:37:36.952,CANCELLED,4F,0.0,0.0,0.0,No Issue,IndiGo,BOM,CCU,2026-04-18 00:10:41.702,2026-04-18 01:52:41.702,01:42:00,102.0,BOM → CCU,2026-04-18,2026-04-18,0.0,1.0,False,Matched,89f338cd7fc52c23e84a27fddf1c233389587c06e516f993a6033154c72ae091,H***u,**********0425
B1895,P1965,AI021,2025-10-05 11:37:36.952,CANCELLED,14E,5.0,54031.62,0.0,Cancelled With Payment,Air India,DEL,HYD,2026-04-17 21:39:41.701,2026-04-18 01:38:41.701,03:59:00,239.0,DEL → HYD,2026-04-17,2026-04-18,21.0,1.0,True,Matched,3b5d797dc6c17d09db569f2242a00fca8e5d34b25e335a1665f323fbb328caa8,M***c,**********7042
B1896,P1102,AI157,2025-11-30 11:37:36.952,PENDING,11F,1.0,0.0,1.0,Missing Payment Amount,Air India,BLR,CCU,2026-04-17 22:45:41.703,2026-04-18 01:33:41.703,02:48:00,168.0,BLR → CCU,2026-04-17,2026-04-18,22.0,1.0,True,Matched,57f1fcd062d63a5d12f7874f05ea90ad23813c191d2f2ab614e51557cf02a60e,Y***i,**********5052
B1897,P1992,6F054,2025-11-01 11:37:36.952,PENDING,26F,2.0,16995.309999999998,0.0,No Issue,IndiGo,HYD,BLR,2026-04-17 22:00:41.701,2026-04-18 01:25:41.701,03:25:00,205.0,HYD → BLR,2026-04-17,2026-04-18,22.0,1.0,True,Matched,59a836c80d8c90a4cd29c0d93202e9a7d6c187043c01b566cfba8a85edddf695,X***a,**********5523
B1898,P1566,AI187,2025-10-03 11:37:36.952,PENDING,10D,1.0,5718.04,0.0,No Issue,Air India,BLR,HYD,2026-04-17 23:32:41.703,2026-04-18 01:16:41.703,01:44:00,104.0,BLR → HYD,2026-04-17,2026-04-18,23.0,1.0,True,Matched,f7d1380547c9d577e69eb8a7d1edb50d6973bcaa4535ae98f18e802b0a151d9e,C***d,**********2963
B1899,P1768,SJ124,2025-09-28 11:37:36.952,PENDING,4B,1.0,3146.15,0.0,No Issue,SpiceJet,HYD,DEL,2026-04-17 21:05:41.702,2026-04-18 01:12:41.702,04:07:00,247.0,HYD → DEL,2026-04-17,2026-04-18,21.0,1.0,True,Matched,e36862a918bfca92278dcc483d3665d714088f018b189fe916893724eafd1d98,L***h,**********8844
B1900,P1100,SJ223,2025-10-06 11:37:36.952,CANCELLED,11C,1.0,1212.98,0.0,Cancelled With Payment,SpiceJet,HYD,MAA,2026-04-17 23:54:41.703,2026-04-18 01:08:41.703,01:14:00,74.0,HYD → MAA,2026-04-17,2026-04-18,23.0,1.0,True,Matched,5bad9f4cf190e7d61a742438f82d2b7759f8584caed15c7103d75ab6b32b6d3b,U***n,**********4878
B1901,P1197,UK103,2025-04-25 11:37:36.952,CONFIRMED,21A,1.0,10787.49,0.0,No Issue,Vistara,MAA,DEL,2026-04-17 21:52:41.702,2026-04-18 01:06:41.702,03:14:00,194.0,MAA → DEL,2026-04-17,2026-04-18,21.0,1.0,True,Matched,d4225f77ec76d7c60efce2e0eb6d461d37d327536a519919395faef3dd2ce074,T***t,**********8079
B1902,P1812,SJ157,2026-02-08 11:37:36.952,CONFIRMED,14F,0.0,0.0,0.0,Confirmed Without Payment,SpiceJet,DEL,HYD,2026-04-17 22:11:41.703,2026-04-18 01:05:41.703,02:54:00,174.0,DEL → HYD,2026-04-17,2026-04-18,22.0,1.0,True,Matched,1decbd29cfbe2544f50a6070121d96dbb55f881b2b4b7a1e9bcc8aae2f08bb11,Y***y,**********7410
B1903,P1225,6F242,2025-11-06 11:37:36.952,CONFIRMED,9B,0.0,0.0,0.0,Confirmed Without Payment,IndiGo,BLR,MAA,2026-04-17 21:10:41.704,2026-04-18 01:04:41.704,03:54:00,234.0,BLR → MAA,2026-04-17,2026-04-18,21.0,1.0,True,Matched,36d8ef2746e29dab52bf55c36173580d8bb10664e96e98729b3649b8c1401126,F***r,**********1530
B1904,P1942,UK213,2025-07-01 11:37:36.952,CONFIRMED,8B,1.0,5769.34,0.0,No Issue,Vistara,BOM,CCU,2026-04-17 23:21:41.704,2026-04-18 01:01:41.704,01:40:00,100.0,BOM → CCU,2026-04-17,2026-04-18,23.0,1.0,True,Matched,40b1d023f363963c390ef67140adc12ce53e5038567bd953a8ab5aa1610625cc,N***y,**********6866
B1905,P1462,SJ120,2026-02-13 11:37:36.952,PENDING,24B,0.0,0.0,0.0,No Issue,SpiceJet,MAA,BLR,2026-04-17 21:19:41.702,2026-04-18 00:56:41.702,03:37:00,217.0,MAA → BLR,2026-04-17,2026-04-18,21.0,0.0,True,Matched,207c5dfb1d81736ef00dc4bc3e321bd8cc7a54a516bf30ea11db2c1b13cc3235,C***r,**********2608
B1906,P1236,AI035,2025-08-11 11:37:36.952,CANCELLED,22B,1.0,11037.65,0.0,Cancelled With Payment,Air India,DEL,MAA,2026-04-17 23:17:41.701,2026-04-18 00:48:41.701,01:31:00,91.0,DEL → MAA,2026-04-17,2026-04-18,23.0,0.0,True,Matched,8737dfca2fe6c8d5a5d070b0a16e7e86fd385774e03ba79d603cebed3cfe3b8f,Y***y,**********7385
B1907,P1025,6F147,2026-01-14 11:37:36.952,CANCELLED,1B,1.0,5451.44,0.0,Cancelled With Payment,IndiGo,HYD,MAA,2026-04-17 19:57:41.703,2026-04-18 00:31:41.703,04:34:00,274.0,HYD → MAA,2026-04-17,2026-04-18,19.0,0.0,True,Matched,4b432f17b1d3823095a26a8f2d2aa31fa1084c6f25ef951eadedcddbb286a7c5,V***y,**********9236
B1908,P1120,SJ229,2025-08-09 11:37:36.952,CANCELLED,23B,2.0,10746.849999999999,0.0,Cancelled With Payment,SpiceJet,CCU,DEL,2026-04-17 22:25:41.704,2026-04-18 00:27:41.704,02:02:00,122.0,CCU → DEL,2026-04-17,2026-04-18,22.0,0.0,True,Matched,8dcf010d1dd8b21d6807588366a216a71d2be91bb625a3b81bae0b6011c150dd,V***l,**********6686
B1909,P1909,AI230,2025-11-14 11:37:36.952,PENDING,31B,0.0,0.0,0.0,No Issue,UNKNOWN,CCU,BLR,2026-04-17 20:37:41.704,2026-04-18 00:22:41.704,03:45:00,225.0,CCU → BLR,2026-04-17,2026-04-18,20.0,0.0,True,Matched,4f16c5f08f75eb483866cb2bb9554d0d45b2fc50a558250cdf1217aeebb73980,J***a,**********4025
B1910,P1505,UK162,2025-06-10 11:37:36.952,CANCELLED,5C,2.0,21554.05,0.0,Cancelled With Payment,Vistara,BOM,CCU,2026-04-17 22:47:41.703,2026-04-18 00:21:41.703,01:34:00,94.0,BOM → CCU,2026-04-17,2026-04-18,22.0,0.0,True,Matched,3c1e2f0fc3d3e5c3dacc196badc9c7b3a59e66dcd2bc7af43c6dc0f11dcdb80e,I***a,**********1612
B1911,P1181,AI066,2025-05-29 11:37:36.952,PENDING,27C,0.0,0.0,0.0,No Issue,Air India,HYD,MAA,2026-04-17 21:51:41.701,2026-04-18 00:11:41.701,02:20:00,140.0,HYD → MAA,2026-04-17,2026-04-18,21.0,0.0,True,Matched,e266325a3fbbbd69e3f36ec300857d03a5aca171ff36982a0028309f98f2788c,D***a,**********0684
B1912,P1710,6F205,2025-09-09 11:37:36.952,CANCELLED,19D,1.0,6279.57,0.0,Cancelled With Payment,IndiGo,HYD,BOM,2026-04-17 22:16:41.703,2026-04-18 00:02:41.703,01:46:00,106.0,HYD → BOM,2026-04-17,2026-04-18,22.0,0.0,True,Matched,e151b2ebbb00d413ee6ee08609ac2cff3665f869a439a2b7e9be7805b107418e,U***a,**********3156
B1913,P1813,AI124,2025-05-24 11:37:36.952,CONFIRMED,27B,2.0,15295.38,0.0,No Issue,Air India,CCU,HYD,2026-04-17 20:28:41.702,2026-04-18 00:00:41.702,03:32:00,212.0,CCU → HYD,2026-04-17,2026-04-18,20.0,0.0,True,Matched,d2182e3232c2e2891fa851f071796fe3105f6c1cf1d8adbba3e2cc8ccea9b05a,V***l,**********1954
B1914,P1766,UK114,2025-10-19 11:37:36.952,PENDING,20A,1.0,5079.38,0.0,No Issue,Vistara,HYD,CCU,2026-04-17 22:10:41.702,2026-04-17 23:58:41.702,01:48:00,108.0,HYD → CCU,2026-04-17,2026-04-17,22.0,23.0,False,Matched,3d35368ba6389c44a4a75c2c68c31bd8a1254c57801c25da8ff9f6ad80ebf0e1,V***e,**********5246
B1915,P1633,AI231,2025-06-03 11:37:36.952,CANCELLED,18B,1.0,1162.01,0.0,Cancelled With Payment,Air India,DEL,HYD,2026-04-17 21:52:41.704,2026-04-17 23:51:41.704,01:59:00,119.0,DEL → HYD,2026-04-17,2026-04-17,21.0,23.0,False,Matched,f2f8ab60b89747c0245612f970c2f3bd61aad47358a87c15e55de1e2b1374e03,L***n,**********9217
B1916,P1542,AI113,2025-10-30 11:37:36.952,CONFIRMED,7D,1.0,3156.86,0.0,No Issue,Air India,CCU,HYD,2026-04-17 21:21:41.702,2026-04-17 23:51:41.702,02:30:00,150.0,CCU → HYD,2026-04-17,2026-04-17,21.0,23.0,False,Matched,b0838bc2349b3e1a6d3e5dd073f856532d8e78d60305e3249583345d849c063f,X***y,**********5266
B1917,P1983,UK180,2025-08-03 11:37:36.952,,27A,0.0,0.0,0.0,No Issue,Vistara,CCU,MAA,2026-04-17 21:18:41.703,2026-04-17 23:29:41.703,02:11:00,131.0,CCU → MAA,2026-04-17,2026-04-17,21.0,23.0,False,Matched,c629fc15abbd896a201732100ec4f57944be5dad6346603193edbab631c4fd24,I***r,**********6057
B1918,P1314,UK180,2025-10-07 11:37:36.952,CONFIRMED,2B,2.0,4095.5699999999997,0.0,No Issue,Vistara,CCU,MAA,2026-04-17 21:18:41.703,2026-04-17 23:29:41.703,02:11:00,131.0,CCU → MAA,2026-04-17,2026-04-17,21.0,23.0,False,Matched,1356acc909e9194b24a9ae3ae464cb0fca1de55de2ad5dea0cc412668b7df4ff,A***y,**********0050
B1919,P1990,6F080,2026-03-17 11:37:36.952,PENDING,7C,0.0,0.0,0.0,No Issue,IndiGo,HYD,MAA,2026-04-17 19:47:41.702,2026-04-17 23:13:41.702,03:26:00,206.0,HYD → MAA,2026-04-17,2026-04-17,19.0,23.0,False,Matched,51188cf53682052244474353c096fe5b409c265b60eacc1279844f05e3348c5d,D***a,**********2300
B1920,P1796,SJ095,2025-05-11 11:37:36.952,PENDING,14A,0.0,0.0,0.0,No Issue,SpiceJet,DEL,MAA,2026-04-17 20:09:41.702,2026-04-17 23:13:41.702,03:04:00,184.0,DEL → MAA,2026-04-17,2026-04-17,20.0,23.0,False,Matched,b311ced7623ee79c2a4e036eb15cc0bf555cfb3d2f163f66953cc75dc45d0eab,M***r,**********8435
B1921,P1617,SJ115,2025-04-24 11:37:36.952,CANCELLED,21F,1.0,9627.04,0.0,Cancelled With Payment,SpiceJet,BOM,HYD,2026-04-17 21:05:41.702,2026-04-17 23:10:41.702,02:05:00,125.0,BOM → HYD,2026-04-17,2026-04-17,21.0,23.0,False,Matched,cf13262d5ae355fb8981183d0ef1732d0825789eb6fa858ebec60952fb423a85,S***y,**********9707
B1922,P1735,AI142,2025-05-14 11:37:36.952,CONFIRMED,7D,2.0,19566.92,0.0,No Issue,Air India,BOM,DEL,2026-04-17 20:49:41.702,2026-04-17 23:03:41.702,02:14:00,134.0,BOM → DEL,2026-04-17,2026-04-17,20.0,23.0,False,Matched,3c6b7e635f83b45f68ba0019fb418c4ad02f7b0efdbb6b804585487ae0ce13a9,Y***a,**********3869
B1923,P1272,UK169,2025-11-28 11:37:36.952,CANCELLED,33F,2.0,8467.53,1.0,Missing Payment Amount,Vistara,HYD,DEL,2026-04-17 18:12:41.703,2026-04-17 23:01:41.703,04:49:00,289.0,HYD → DEL,2026-04-17,2026-04-17,18.0,23.0,False,Matched,60d169d9b1d515c0f31f465ed1088df92b75a7bf6921c1521441da53ae726911,D***i,**********2115
B1924,P1909,SJ041,2025-05-04 11:37:36.952,CANCELLED,27D,1.0,4739.01,0.0,Cancelled With Payment,SpiceJet,CCU,HYD,2026-04-17 18:24:41.701,2026-04-17 22:59:41.701,04:35:00,275.0,CCU → HYD,2026-04-17,2026-04-17,18.0,22.0,False,Matched,3a228e031196fcb39cb52e835eddb41133243e3b6bdc65e246d1e4548a5239ae,Z***l,**********2973
B1925,P1231,UK171,2025-04-20 11:37:36.952,CONFIRMED,7D,3.0,29535.22,0.0,No Issue,Vistara,HYD,CCU,2026-04-17 19:59:41.703,2026-04-17 22:53:41.703,02:54:00,174.0,HYD → CCU,2026-04-17,2026-04-17,19.0,22.0,False,Matched,0fe0322e7f3fd942550f8341d2ba9976a5c5ae35a0fb9a4908c9fc3c579959ef,E***r,**********0232
B1926,P1419,AI081,2025-11-27 11:37:36.952,CANCELLED,18F,0.0,0.0,0.0,No Issue,Air India,CCU,BOM,2026-04-17 21:03:41.702,2026-04-17 22:51:41.702,01:48:00,108.0,CCU → BOM,2026-04-17,2026-04-17,21.0,22.0,False,Matched,57d4b60c1075ce04830307f52aae8dc06b431592def85c0e5c4fb5aceee1b0df,K***y,**********7004
B1927,P1767,AI162,2026-01-28 11:37:36.952,PENDING,27D,0.0,0.0,0.0,No Issue,Air India,MAA,DEL,2026-04-17 19:20:41.703,2026-04-17 22:40:41.703,03:20:00,200.0,MAA → DEL,2026-04-17,2026-04-17,19.0,22.0,False,Matched,360e4cde1c73981c5818cbc44417f8afe02bf02caa6966e923d05fc56b5e6dc2,O***f,**********2307
B1928,P1441,SJ037,2026-01-23 11:37:36.952,CANCELLED,6F,1.0,6983.66,0.0,Cancelled With Payment,SpiceJet,BLR,BOM,2026-04-17 19:14:41.701,2026-04-17 22:31:41.701,03:17:00,197.0,BLR → BOM,2026-04-17,2026-04-17,19.0,22.0,False,Matched,22f7d67dfc129df114e0893d8be0fcdef54bd94b26e740813a164268ebf442d2,H***a,**********6146
B1929,P1495,SJ037,2025-11-05 11:37:36.952,CONFIRMED,6A,0.0,0.0,0.0,Confirmed Without Payment,SpiceJet,BLR,BOM,2026-04-17 19:14:41.701,2026-04-17 22:31:41.701,03:17:00,197.0,BLR → BOM,2026-04-17,2026-04-17,19.0,22.0,False,Matched,82a0755f38b853c2a0397820c2e8e748a7d3f2f4882608f0301399c324e332ba,A***e,**********0448
B1930,P1023,UK080,2025-12-16 11:37:36.952,PENDING,3B,2.0,1625.9,1.0,Missing Payment Amount,Vistara,BLR,MAA,2026-04-17 21:09:41.702,2026-04-17 22:29:41.702,01:20:00,80.0,BLR → MAA,2026-04-17,2026-04-17,21.0,22.0,False,Matched,479132795205a60d545ffbdc684e584123876f960e7c001323b37469ba2ab302,R***y,**********3639
B1931,P1108,SJ031,2025-09-26 11:37:36.952,PENDING,16C,1.0,10011.51,0.0,No Issue,SpiceJet,DEL,BOM,2026-04-17 21:20:41.701,2026-04-17 22:29:41.701,01:09:00,69.0,DEL → BOM,2026-04-17,2026-04-17,21.0,22.0,False,Matched,fb70900ab05e0264026042946bb44015c906573fe233d642dd9263a3376e828f,A***a,**********9946
B1932,P1702,AI199,2025-12-28 11:37:36.952,CANCELLED,4B,2.0,8636.39,1.0,Missing Payment Amount,Air India,HYD,DEL,2026-04-17 18:47:41.703,2026-04-17 22:26:41.703,03:39:00,219.0,HYD → DEL,2026-04-17,2026-04-17,18.0,22.0,False,Matched,20177912a4b87913a816fe5073ba60299df6e4c88101a4ddc0bb0de952ba2b34,U***a,**********4441
B1933,P1501,6F082,2025-05-28 11:37:36.952,CANCELLED,7B,0.0,0.0,0.0,No Issue,IndiGo,BOM,BLR,2026-04-17 20:26:41.702,2026-04-17 22:26:41.702,02:00:00,120.0,BOM → BLR,2026-04-17,2026-04-17,20.0,22.0,False,Matched,538d1b80eb257af055ca01e5b46a62f3065761c986fa6fa9853b620a678bab93,B***l,**********3805
B1934,P1858,UK217,2026-04-12 11:37:36.952,PENDING,9F,1.0,10978.81,0.0,No Issue,Vistara,MAA,CCU,2026-04-17 21:19:41.704,2026-04-17 22:14:41.704,00:55:00,55.0,MAA → CCU,2026-04-17,2026-04-17,21.0,22.0,False,Matched,fe8da665f70f1cf9e63c874cc6e4c177314b86bc53dd6b27754acd07ca7396ef,V***g,**********5807
B1935,P1024,UK014,2026-04-13 11:37:36.952,CANCELLED,6C,0.0,0.0,0.0,No Issue,Vistara,HYD,MAA,2026-04-17 20:41:41.701,2026-04-17 22:06:41.701,01:25:00,85.0,HYD → MAA,2026-04-17,2026-04-17,20.0,22.0,False,Matched,2437d254afcc829e485d3158d3c46b5865f42df49396e241c7f2657bdb007a36,V***a,**********3421
B1936,P1186,SJ180,2026-01-11 11:37:36.952,CONFIRMED,14D,2.0,11286.73,0.0,No Issue,SpiceJet,HYD,CCU,2026-04-17 17:12:41.703,2026-04-17 22:00:41.703,04:48:00,288.0,HYD → CCU,2026-04-17,2026-04-17,17.0,22.0,False,Matched,055ef86c67a7545e5462821ea3fff7b2215b0e94ea6df58822177a8874f44981,A***i,**********0382
B1937,P1287,6F268,2026-02-19 11:37:36.952,CANCELLED,16E,1.0,6825.66,0.0,Cancelled With Payment,UNKNOWN,DEL,MAA,2026-04-17 20:29:41.701,2026-04-17 21:58:41.701,01:29:00,89.0,DEL → MAA,2026-04-17,2026-04-17,20.0,21.0,False,Matched,e86a0d4b95087ef9ff2c55adc58db9195fdba5b20d0684ad4e3f105b9b52c7a0,J***n,**********5218
B1938,P1627,UK205,2026-04-07 11:37:36.952,CANCELLED,19B,1.0,12242.79,0.0,Cancelled With Payment,Vistara,HYD,MAA,2026-04-17 18:57:41.703,2026-04-17 21:46:41.703,02:49:00,169.0,HYD → MAA,2026-04-17,2026-04-17,18.0,21.0,False,Matched,1b76c24e008d12dec15f623e1ae8908c59cc28d3a846a6c78f1054d0c32e0a3c,M***i,**********4643
B1939,P1337,SJ212,2025-07-22 11:37:36.952,PENDING,22B,4.0,41153.630000000005,0.0,No Issue,UNKNOWN,MAA,BLR,2026-04-17 19:49:41.703,2026-04-17 21:44:41.703,01:55:00,115.0,MAA → BLR,2026-04-17,2026-04-17,19.0,21.0,False,Matched,a1ceb7db9a8f4d37f2d0d06d9889b758b552af377527083d00ab64704af34f03,M***n,**********9435
B1940,P1877,UK052,2025-06-25 11:37:36.952,CANCELLED,17C,2.0,18574.85,0.0,Cancelled With Payment,Vistara,BLR,CCU,2026-04-17 20:48:41.701,2026-04-17 21:40:41.701,00:52:00,52.0,BLR → CCU,2026-04-17,2026-04-17,20.0,21.0,False,Matched,3dfe21b4717b273160e2ed0a859525fc0e946e3141f3a469c31f238336fcb019,B***i,**********1855
B1941,P1913,UK230,2025-06-13 11:37:36.952,CANCELLED,19D,1.0,1551.73,0.0,Cancelled With Payment,Vistara,BLR,BOM,2026-04-17 20:02:41.704,2026-04-17 21:35:41.704,01:33:00,93.0,BLR → BOM,2026-04-17,2026-04-17,20.0,21.0,False,Matched,297150fdc26a5809499a6f8f3a566b54890a441ab45ce52f760a066f8705419c,F***l,**********5442
B1942,P1036,AI145,2025-07-18 11:37:36.952,CANCELLED,23D,1.0,1755.58,0.0,Cancelled With Payment,UNKNOWN,DEL,BOM,2026-04-17 17:06:41.702,2026-04-17 21:31:41.702,04:25:00,265.0,DEL → BOM,2026-04-17,2026-04-17,17.0,21.0,False,Matched,52c23117d0b6483f68891ad16809fa2425d6600c4b1402b23fedc2f0899bf746,R***a,**********6625
B1943,P1793,SJ035,2026-03-13 11:37:36.952,CONFIRMED,7E,2.0,14420.98,0.0,No Issue,SpiceJet,CCU,DEL,2026-04-17 20:15:41.701,2026-04-17 21:15:42.000,01:00:00.299000,60.0,CCU → DEL,2026-04-17,2026-04-17,20.0,21.0,False,Matched,2afc19eb30e33dfbb415b9d2d13e46bd169b1d437a59d2047d8c6e563a493a0f,V***a,**********2940
B1944,P1136,SJ184,2025-07-20 11:37:36.952,CANCELLED,10B,2.0,12698.08,0.0,Cancelled With Payment,SpiceJet,CCU,DEL,2026-04-17 16:32:41.703,2026-04-17 21:00:41.703,04:28:00,268.0,CCU → DEL,2026-04-17,2026-04-17,16.0,21.0,False,Matched,0503ddbdc7954fc90f237dcceeba2e2b11793f11b81532dc71c758c2614a7dea,S***n,**********9984
B1945,P1507,6F207,2025-11-03 11:37:36.952,CONFIRMED,24A,0.0,0.0,0.0,Confirmed Without Payment,IndiGo,BOM,HYD,2026-04-17 16:59:41.703,2026-04-17 21:00:41.703,04:01:00,241.0,BOM → HYD,2026-04-17,2026-04-17,16.0,21.0,False,Matched,102be45dae9fa99573c9335ff2c5cd17f08f9889d522936e5f3a8708bd50a244,A***r,**********8592
B1946,P1226,UK144,2026-03-30 11:37:36.952,CONFIRMED,15A,1.0,11196.94,0.0,No Issue,Vistara,BOM,CCU,2026-04-17 18:07:41.703,2026-04-17 20:59:41.703,02:52:00,172.0,BOM → CCU,2026-04-17,2026-04-17,18.0,20.0,False,Matched,9831fdc174faf57f891613747c613ee153595ff24600447cd1f4b5d255464891,L***a,**********6602
B1947,P1319,AI126,2025-10-22 11:37:36.952,CONFIRMED,1A,1.0,2186.2,0.0,No Issue,Air India,MAA,HYD,2026-04-17 17:26:41.702,2026-04-17 20:48:41.702,03:22:00,202.0,MAA → HYD,2026-04-17,2026-04-17,17.0,20.0,False,Matched,8f8a317db0cdc0d183958349917aa7a953ad8073e8544e900adbc68edbbc728e,W***e,**********1615
B1948,P1839,SJ145,2025-05-19 11:37:36.952,CONFIRMED,10A,2.0,14449.69,0.0,No Issue,SpiceJet,BLR,HYD,2026-04-17 17:41:41.702,2026-04-17 20:38:41.702,02:57:00,177.0,BLR → HYD,2026-04-17,2026-04-17,17.0,20.0,False,Matched,89e8c4f2714c9d00fcd15d35f409a7e3bc050a0d2fb9deda448778b8d1e26184,C***i,**********4234
B1949,P1915,6F040,2025-05-16 11:37:36.952,PENDING,15B,2.0,14360.11,0.0,No Issue,IndiGo,HYD,CCU,2026-04-17 15:52:41.701,2026-04-17 20:33:41.701,04:41:00,281.0,HYD → CCU,2026-04-17,2026-04-17,15.0,20.0,False,Matched,78da5f3f104150a22d1bc3fe0248e0b2382e6718a94c4937455d5cbe59090c77,U***l,**********7188
B1950,P1181,UK049,2025-06-15 11:37:36.952,CONFIRMED,21B,0.0,0.0,0.0,Confirmed Without Payment,Vistara,HYD,BOM,2026-04-17 19:47:41.701,2026-04-17 20:32:41.701,00:45:00,45.0,HYD → BOM,2026-04-17,2026-04-17,19.0,20.0,False,Matched,59abd1abe2875e045d6c7c4caa930e3b3779acc9c8316b6a09b529c9b932ad71,C***y,**********9225
B1951,P1873,UK049,2026-03-18 11:37:36.952,CANCELLED,3F,1.0,12831.14,0.0,Cancelled With Payment,Vistara,HYD,BOM,2026-04-17 19:47:41.701,2026-04-17 20:32:41.701,00:45:00,45.0,HYD → BOM,2026-04-17,2026-04-17,19.0,20.0,False,Matched,220ac90c194efac7748272fa109833ad402eb36862d397ca84dbf76c15b013c0,O***n,**********9796
B1952,P1085,AI087,2025-10-18 11:37:36.952,CONFIRMED,2C,1.0,10237.24,0.0,No Issue,Air India,MAA,DEL,2026-04-17 16:32:41.702,2026-04-17 20:30:41.702,03:58:00,238.0,MAA → DEL,2026-04-17,2026-04-17,16.0,20.0,False,Matched,dfcf5f4a11d157bbb3b62d5016c7150f7183911f83415b09c63851486f3e6da1,U***y,**********4789
B1953,P1466,AI152,2025-05-24 11:37:36.952,CANCELLED,19A,1.0,12741.76,0.0,Cancelled With Payment,Air India,BLR,CCU,2026-04-17 19:21:41.703,2026-04-17 20:26:41.703,01:05:00,65.0,BLR → CCU,2026-04-17,2026-04-17,19.0,20.0,False,Matched,542539dfa11714e5af4aa490fe1d918aa53daa48f15c7ece5f0dc6d82662071d,L***a,**********2480
B1954,P1925,SJ240,2025-11-06 11:37:36.952,CONFIRMED,2A,1.0,14524.79,0.0,No Issue,SpiceJet,BOM,HYD,2026-04-17 16:42:41.704,2026-04-17 20:21:41.704,03:39:00,219.0,BOM → HYD,2026-04-17,2026-04-17,16.0,20.0,False,Matched,d9121ffdc34b6a37be6babbd0e2f6f7e81dc926db1893f9715d0cb257289bab8,N***y,**********2001
B1955,P1052,AI212,2025-09-14 11:37:36.952,PENDING,22B,0.0,0.0,0.0,No Issue,Air India,DEL,CCU,2026-04-17 15:31:41.703,2026-04-17 20:13:41.703,04:42:00,282.0,DEL → CCU,2026-04-17,2026-04-17,15.0,20.0,False,Matched,ba06ccf0d09d344f244d9cc3d1104fcab10049db08b06503c5a90229db961afa,V***d,**********5387
B1956,P1859,AI064,2025-09-21 11:37:36.952,CONFIRMED,3B,0.0,0.0,0.0,Confirmed Without Payment,Air India,BLR,MAA,2026-04-17 18:24:41.701,2026-04-17 20:07:41.701,01:43:00,103.0,BLR → MAA,2026-04-17,2026-04-17,18.0,20.0,False,Matched,7ef6d89813183832c02dc38467cd2b12346bb6bf2645281386a08371ab166baa,R***i,**********9169
B1957,P1866,6F093,2025-06-07 11:37:36.952,CONFIRMED,32E,1.0,4851.79,0.0,No Issue,IndiGo,CCU,DEL,2026-04-17 16:09:41.702,2026-04-17 20:00:41.702,03:51:00,231.0,CCU → DEL,2026-04-17,2026-04-17,16.0,20.0,False,Matched,67ccf72774c4e47ab2d137cc961ce17c7321ad79a1d7eb34f9d0bee3141bf931,E***l,**********7600
B1958,P1234,AI118,2025-04-28 11:37:36.952,PENDING,29C,2.0,2727.84,0.0,No Issue,Air India,HYD,MAA,2026-04-17 17:50:41.702,2026-04-17 19:59:41.702,02:09:00,129.0,HYD → MAA,2026-04-17,2026-04-17,17.0,19.0,False,Matched,6d2015fd32402b94b1285f6623bc22112c9f504da35f26aa3fe78a26044b5dd6,D***y,**********6511
B1959,P1958,AI172,2025-12-19 11:37:36.952,CONFIRMED,23D,2.0,17094.079999999998,0.0,No Issue,Air India,BOM,CCU,2026-04-17 19:08:41.703,2026-04-17 19:53:41.703,00:45:00,45.0,BOM → CCU,2026-04-17,2026-04-17,19.0,19.0,False,Matched,9b80358e64c8add365e8d0e3b93250692c5b687a8c0379655ed2dfd92cbfed15,V***r,**********7933
B1960,P1778,6F183,2026-01-30 11:37:36.952,CANCELLED,27E,1.0,14657.97,0.0,Cancelled With Payment,IndiGo,MAA,HYD,2026-04-17 17:08:41.703,2026-04-17 19:52:41.703,02:44:00,164.0,MAA → HYD,2026-04-17,2026-04-17,17.0,19.0,False,Matched,5c1d55a69680fffc5b600082e20954092f0c60dc3aae79fa3cc160f6a1b90715,B***l,**********8946
B1961,P1798,6F200,2025-07-15 11:37:36.952,CONFIRMED,28A,0.0,0.0,0.0,Confirmed Without Payment,IndiGo,HYD,DEL,2026-04-17 14:54:41.703,2026-04-17 19:41:41.703,04:47:00,287.0,HYD → DEL,2026-04-17,2026-04-17,14.0,19.0,False,Matched,f24fcefc260522e9ee464d689ebe30483ef692ed9836c24777900b2f90ab4161,O***a,**********4518
B1962,P1432,SJ077,2025-12-23 11:37:36.952,CONFIRMED,18C,4.0,30993.239999999998,0.0,No Issue,SpiceJet,BLR,MAA,2026-04-17 17:32:41.701,2026-04-17 19:40:41.701,02:08:00,128.0,BLR → MAA,2026-04-17,2026-04-17,17.0,19.0,False,Matched,273f61215919d166819d198d03f6ff8d2b72dbb29d86fd77913845441e03ba3b,B***n,**********9246
B1963,P1495,UK030,2026-02-24 11:37:36.952,CONFIRMED,27F,0.0,0.0,0.0,Confirmed Without Payment,Vistara,CCU,DEL,2026-04-17 15:11:41.701,2026-04-17 19:38:41.701,04:27:00,267.0,CCU → DEL,2026-04-17,2026-04-17,15.0,19.0,False,Matched,e534e29c631809787204cfdab72a4740a7ecf0c3824e73da6331d104a272b6b9,W***l,**********8001
B1964,P1998,SJ232,2025-05-21 11:37:36.952,PENDING,18B,0.0,0.0,0.0,No Issue,SpiceJet,MAA,BLR,2026-04-17 15:02:41.704,2026-04-17 19:22:41.704,04:20:00,260.0,MAA → BLR,2026-04-17,2026-04-17,15.0,19.0,False,Matched,4c216ec64082c9f91467f4702a713013feb8a793be3063275556efca824871ae,B***d,**********2887
B1965,P1099,6F090,2026-01-29 11:37:36.952,CONFIRMED,20D,0.0,0.0,0.0,Confirmed Without Payment,IndiGo,HYD,BLR,2026-04-17 15:10:41.702,2026-04-17 19:22:41.702,04:12:00,252.0,HYD → BLR,2026-04-17,2026-04-17,15.0,19.0,False,Matched,e88c91c4ce8e371f6a954d60d8aed9e90ca37ec0e8704bc718dff7a95ffa4015,A***a,**********9379
B1966,P1989,UK002,2025-11-06 11:37:36.952,CONFIRMED,12B,3.0,34300.32,0.0,No Issue,Vistara,CCU,MAA,2026-04-17 14:28:41.700,2026-04-17 19:20:41.700,04:52:00,292.0,CCU → MAA,2026-04-17,2026-04-17,14.0,19.0,False,Matched,bd4984f9dc2c410aa5528163f84e75be39617c53ea3953dd61d812c13de557fa,H***k,**********0512
B1967,P1598,AI154,2025-07-03 11:37:36.952,CANCELLED,22C,1.0,12518.31,0.0,Cancelled With Payment,Air India,HYD,MAA,2026-04-17 15:25:41.703,2026-04-17 19:16:41.703,03:51:00,231.0,HYD → MAA,2026-04-17,2026-04-17,15.0,19.0,False,Matched,30e4570111fa8ea9c78a76ed0c2cfc08f70a0c771c2f837e8a7df90eec7b03b3,B***a,**********3141
B1968,P1402,6F089,2025-10-11 11:37:36.952,CONFIRMED,2D,1.0,14600.78,0.0,No Issue,IndiGo,DEL,HYD,2026-04-17 17:06:41.702,2026-04-17 19:10:41.702,02:04:00,124.0,DEL → HYD,2026-04-17,2026-04-17,17.0,19.0,False,Matched,cf181aa9ccdcae847f6d5cecb47a70ef7c6d298fe45471153ac4f10999114809,W***i,**********4142
B1969,P1395,6F218,2026-04-08 11:37:36.952,CONFIRMED,29A,1.0,13598.0,0.0,No Issue,IndiGo,BLR,BOM,2026-04-17 15:16:41.704,2026-04-17 19:03:41.704,03:47:00,227.0,BLR → BOM,2026-04-17,2026-04-17,15.0,19.0,False,Matched,93bc7d27d08ae6c357739bfc29a9d85d9147669fba02662b238d22745ce20955,Y***u,**********5719
B1970,P1526,6F241,2025-11-26 11:37:36.952,CONFIRMED,12B,1.0,4558.49,0.0,No Issue,IndiGo,DEL,HYD,2026-04-17 18:27:41.704,2026-04-17 19:02:41.704,00:35:00,35.0,DEL → HYD,2026-04-17,2026-04-17,18.0,19.0,False,Matched,62b0624b65cd64bf38a52d3f015128be7b43372cb27523d3587a216a4fb50c32,A***s,**********5066
B1971,P1414,6F116,2025-08-20 11:37:36.952,CONFIRMED,2B,0.0,0.0,0.0,Confirmed Without Payment,IndiGo,MAA,CCU,2026-04-17 16:43:41.702,2026-04-17 19:02:41.702,02:19:00,139.0,MAA → CCU,2026-04-17,2026-04-17,16.0,19.0,False,Matched,eb79ca72c0e56dec5149270e6e033d6bde3036441ca3dfe82197f6514a1f15a6,I***n,**********9642
B1972,P1938,UK199,2025-04-18 11:37:36.952,CANCELLED,19B,1.0,5458.57,0.0,Cancelled With Payment,Vistara,BOM,CCU,2026-04-17 15:24:41.703,2026-04-17 18:55:41.703,03:31:00,211.0,BOM → CCU,2026-04-17,2026-04-17,15.0,18.0,False,Matched,173b7db0219f7e81207ad13b1e3dbc780550f6390e8ddfa9a5c0ada56bc2107a,N***r,**********8516
B1973,P1612,SJ033,2025-04-28 11:37:36.952,CANCELLED,8C,0.0,0.0,0.0,No Issue,SpiceJet,HYD,DEL,2026-04-17 17:26:41.701,2026-04-17 18:51:41.701,01:25:00,85.0,HYD → DEL,2026-04-17,2026-04-17,17.0,18.0,False,Matched,2a46c5fa309a225ff26b5a2b4e4eda47b54b24c79bd4b1484d521bfd1c9198fd,A***l,**********3057
B1974,P1676,AI210,2025-08-03 11:37:36.952,PENDING,15B,0.0,0.0,0.0,No Issue,Air India,BLR,BOM,2026-04-17 16:13:41.703,2026-04-17 18:50:41.703,02:37:00,157.0,BLR → BOM,2026-04-17,2026-04-17,16.0,18.0,False,Matched,8df86f378cb27b0171891d4137d22d26ef61eaf24600a76401de73ec7b39781b,A***h,**********3035
B1975,P1462,UK148,2025-08-26 11:37:36.952,,20E,1.0,7791.01,0.0,No Issue,Vistara,HYD,BOM,2026-04-17 16:31:41.703,2026-04-17 18:43:41.703,02:12:00,132.0,HYD → BOM,2026-04-17,2026-04-17,16.0,18.0,False,Matched,5f50e40ff96a0fd0a636d2db27f2d2cc82fa84a62c3dc46b57874414eec4a583,C***s,**********9630
B1976,P1540,AI229,2025-08-27 11:37:36.952,PENDING,16F,1.0,8576.26,0.0,No Issue,Air India,HYD,MAA,2026-04-17 16:48:41.703,2026-04-17 18:40:41.703,01:52:00,112.0,HYD → MAA,2026-04-17,2026-04-17,16.0,18.0,False,Matched,2c9c3a92cbf98579435772a078d4eea34c49abac973561b5b22c2c6467a66a18,P***i,**********3619
B1977,P1625,UK005,2026-01-01 11:37:36.952,PENDING,4A,0.0,0.0,0.0,No Issue,Vistara,BOM,MAA,2026-04-17 14:02:41.701,2026-04-17 18:14:41.701,04:12:00,252.0,BOM → MAA,2026-04-17,2026-04-17,14.0,18.0,False,Matched,c1c31fa9ed3bb84e838e0cc4bb1c6a2da220679fb5cfdcedf76bf8ec715619f3,P***a,**********4286
B1978,P1618,SJ080,2025-12-07 11:37:36.952,CONFIRMED,12C,1.0,9450.85,0.0,No Issue,SpiceJet,CCU,MAA,2026-04-17 16:04:41.702,2026-04-17 17:59:41.702,01:55:00,115.0,CCU → MAA,2026-04-17,2026-04-17,16.0,17.0,False,Matched,6990aa0ac8d60e401e153aa10b2017477140d0821b249853702bc75efbfa439b,F***a,**********7464
B1979,P1921,SJ092,2025-12-02 11:37:36.952,CANCELLED,1F,0.0,0.0,0.0,No Issue,SpiceJet,BLR,MAA,2026-04-17 13:19:41.702,2026-04-17 17:56:41.702,04:37:00,277.0,BLR → MAA,2026-04-17,2026-04-17,13.0,17.0,False,Matched,167f29c93a0c680ec95df9a925d32a0a37663f3ff225870ae27cba11511986b4,N***n,**********0698
B1980,P1363,SJ055,2025-12-04 11:37:36.952,CANCELLED,15A,1.0,12102.14,0.0,Cancelled With Payment,SpiceJet,HYD,MAA,2026-04-17 14:17:41.701,2026-04-17 17:56:41.701,03:39:00,219.0,HYD → MAA,2026-04-17,2026-04-17,14.0,17.0,False,Matched,642656fead84ca6ed76c1963158cb9872391b055d5578882712e69113f235f4b,Q***y,**********7348
B1981,P1129,AI239,2025-05-17 11:37:36.952,CONFIRMED,19D,2.0,12166.27,0.0,No Issue,Air India,BOM,HYD,2026-04-17 14:33:41.704,2026-04-17 17:47:41.704,03:14:00,194.0,BOM → HYD,2026-04-17,2026-04-17,14.0,17.0,False,Matched,194c1ff334ec6b7cdddbff3b3f5e8b7bf899e22f894224f4730c2d821a45ef05,V***k,**********2612
B1982,P1083,6F162,2025-06-17 11:37:36.952,,7A,0.0,0.0,0.0,No Issue,IndiGo,CCU,BOM,2026-04-17 14:50:41.703,2026-04-17 17:44:41.703,02:54:00,174.0,CCU → BOM,2026-04-17,2026-04-17,14.0,17.0,False,Matched,da2d4df4666b2a20176e78cb5e867d4681bfa112ee2ee47f0dfe2a03920172f2,Y***a,**********6975
B1983,P1270,UK101,2025-06-28 11:37:36.952,,27A,1.0,9117.5,0.0,No Issue,Vistara,DEL,HYD,2026-04-17 15:00:41.702,2026-04-17 17:43:41.702,02:43:00,163.0,DEL → HYD,2026-04-17,2026-04-17,15.0,17.0,False,Matched,b1ec26b79390538bd526ce8ab693f396ff548005ddfb2ab244e9911159061ec2,A***l,**********7066
B1984,P1243,6F198,2025-04-25 11:37:36.952,CONFIRMED,27F,2.0,19611.190000000002,0.0,No Issue,IndiGo,HYD,BLR,2026-04-17 12:40:41.703,2026-04-17 17:39:41.703,04:59:00,299.0,HYD → BLR,2026-04-17,2026-04-17,12.0,17.0,False,Matched,9addb84ab4e74bf110979f242e8804f7c2370f56c1d74c6697b434d4b5a74cf8,W***n,**********7129
B1985,P1387,6F239,2025-09-28 11:37:36.952,CONFIRMED,31F,0.0,0.0,0.0,Confirmed Without Payment,IndiGo,CCU,BOM,2026-04-17 15:24:41.704,2026-04-17 17:37:41.704,02:13:00,133.0,CCU → BOM,2026-04-17,2026-04-17,15.0,17.0,False,Matched,b7bca1f547c035740cf2f1e80020451db493ac3d749b5f198c5c32671bd00012,A***n,**********3192
B1986,P1213,SJ177,2025-10-07 11:37:36.952,CONFIRMED,13F,0.0,0.0,0.0,Confirmed Without Payment,SpiceJet,BOM,CCU,2026-04-17 13:04:41.703,2026-04-17 17:37:41.703,04:33:00,273.0,BOM → CCU,2026-04-17,2026-04-17,13.0,17.0,False,Matched,eccdbbde392ac5992d9c9a587ee50fd4fe6d1e44c57c014af81201cde61aae9c,C***e,**********2114
B1987,P1817,6F044,2026-03-12 11:37:36.952,CANCELLED,19F,2.0,8733.92,0.0,Cancelled With Payment,IndiGo,DEL,HYD,2026-04-17 13:25:41.701,2026-04-17 17:36:41.701,04:11:00,251.0,DEL → HYD,2026-04-17,2026-04-17,13.0,17.0,False,Matched,3a75e0b82eaab0a0f596cb2e77fe808887c6bfdca89fcd72da07dcd6e005c25c,A***a,**********0463
B1988,P1165,6F248,2026-02-17 11:37:36.952,PENDING,13A,1.0,13945.28,0.0,No Issue,IndiGo,DEL,HYD,2026-04-17 13:25:41.701,2026-04-17 17:36:41.701,04:11:00,251.0,DEL → HYD,2026-04-17,2026-04-17,13.0,17.0,False,Matched,b2abdbadf4cb0ea2601978a4524286c2632d23120e4c492bbfde5e4323cf61c3,W***a,**********0464
B1989,P1790,6F002,2025-12-10 11:37:36.952,,16F,0.0,0.0,0.0,No Issue,IndiGo,BLR,MAA,2026-04-17 14:11:41.700,2026-04-17 17:34:41.700,03:23:00,203.0,BLR → MAA,2026-04-17,2026-04-17,14.0,17.0,False,Matched,bf47153d90dacf5f3154de862799c2e9eef96c24c26cbaf4f75ce8e21eb46c3e,J***f,**********6840
B1990,P1058,SJ197,2026-03-31 11:37:36.952,CONFIRMED,14B,3.0,14394.7,1.0,Missing Payment Amount,SpiceJet,HYD,BLR,2026-04-17 14:49:41.703,2026-04-17 17:33:41.703,02:44:00,164.0,HYD → BLR,2026-04-17,2026-04-17,14.0,17.0,False,Matched,2fb692e2db98726674fec92f835426b7a11d4d753f34f5e6df1e2d7b2141aab6,D***a,**********8281
B1991,P1601,UK091,2026-01-14 11:37:36.952,CANCELLED,22E,0.0,0.0,0.0,No Issue,Vistara,CCU,BOM,2026-04-17 13:37:41.702,2026-04-17 17:31:41.702,03:54:00,234.0,CCU → BOM,2026-04-17,2026-04-17,13.0,17.0,False,Matched,4aa73e23192d35b7f2e0d05b7651956098eb0fcf636a3d9a8d77893fa25e22d0,N***r,**********0428
B1992,P1882,6F215,2025-04-25 11:37:36.952,CONFIRMED,25C,3.0,14003.060000000001,0.0,No Issue,IndiGo,DEL,BLR,2026-04-17 13:00:41.703,2026-04-17 17:30:41.703,04:30:00,270.0,DEL → BLR,2026-04-17,2026-04-17,13.0,17.0,False,Matched,3bd00e59fdc2d052fb3bb47cf3af3d3f73814b0eafde9a02e2aae99237f2ab07,D***l,**********2908
B1993,P1842,AI093,2026-03-11 11:37:36.952,CANCELLED,5B,0.0,0.0,0.0,No Issue,Air India,BOM,BLR,2026-04-17 12:35:41.702,2026-04-17 17:28:41.702,04:53:00,293.0,BOM → BLR,2026-04-17,2026-04-17,12.0,17.0,False,Matched,183ca99088a1487cfafc0cecde8b36dd324aa249957f90f65129687c37834f20,C***i,**********9255
B1994,P1923,UK090,2026-03-31 11:37:36.952,CONFIRMED,21D,0.0,0.0,0.0,Confirmed Without Payment,Vistara,HYD,MAA,2026-04-17 14:44:41.702,2026-04-17 17:24:41.702,02:40:00,160.0,HYD → MAA,2026-04-17,2026-04-17,14.0,17.0,False,Matched,a173e965992f81ff13474086fab1e5d3f8e04eafbc0672557d0f76c631490280,T***a,**********0874
B1995,P1503,SJ005,2025-11-20 11:37:36.952,CANCELLED,11C,0.0,0.0,0.0,No Issue,SpiceJet,DEL,MAA,2026-04-17 16:03:41.701,2026-04-17 17:24:41.701,01:21:00,81.0,DEL → MAA,2026-04-17,2026-04-17,16.0,17.0,False,Matched,5025eb66e890523a21dedac55104398ab026181500ed376c5fb84c48276cff05,K***r,**********8644
B1996,P1705,UK106,2025-08-08 11:37:36.952,CANCELLED,27E,1.0,10358.84,0.0,Cancelled With Payment,Vistara,BOM,CCU,2026-04-17 15:12:41.702,2026-04-17 17:23:41.702,02:11:00,131.0,BOM → CCU,2026-04-17,2026-04-17,15.0,17.0,False,Matched,65c0e8317e379a5227bd3e56f893e0f9443e6024e59ae36fcb4ead0d62cd4aee,M***a,**********9827
B1997,P1122,6F223,2025-05-03 11:37:36.952,PENDING,27B,2.0,0.0,2.0,Missing Payment Amount,IndiGo,MAA,BLR,2026-04-17 16:47:41.704,2026-04-17 17:21:41.704,00:34:00,34.0,MAA → BLR,2026-04-17,2026-04-17,16.0,17.0,False,Matched,9c2be330bc8f2b18931a79bc103805548df4750881e5afb01e428e0d94814344,K***r,**********6636
B1998,P1647,6F011,2025-10-23 11:37:36.952,CONFIRMED,14C,2.0,18385.6,0.0,No Issue,IndiGo,MAA,BLR,2026-04-17 15:16:41.701,2026-04-17 17:16:42.000,02:00:00.299000,120.0,MAA → BLR,2026-04-17,2026-04-17,15.0,17.0,False,Matched,f260e8c9632372f928de90c846fca8dd3fcb42bca9915456d4041841dea211ab,U***i,**********5033
B1999,P1412,UK124,2025-08-08 11:37:36.952,,12B,1.0,2806.06,0.0,No Issue,Vistara,MAA,BLR,2026-04-17 14:35:41.702,2026-04-17 17:09:41.702,02:34:00,154.0,MAA → BLR,2026-04-17,2026-04-17,14.0,17.0,False,Matched,ae872528e8dc647fe29a6b39d3a2d91f0bb60465c05da5a65a18bab5ad01e142,T***a,**********2188
